tx_id,exp_date,dept_id,vendor_name,amount,description,month,anomaly_score,anomaly_status
1,2020-05-10,7,Vendor_61,11006.71,Standard operational expense,5,1,Normal
2,2022-06-27,2,Vendor_75,2424.32,Standard operational expense,6,1,Normal
3,2022-01-22,8,Vendor_24,5072.26,Standard operational expense,1,1,Normal
4,2018-11-06,6,Vendor_88,5643.18,Emergency Year-end Fund Utilization,11,1,Normal
5,2022-12-21,6,Vendor_64,19583.1,Emergency Year-end Fund Utilization,12,1,Normal
6,2020-08-13,5,Vendor_58,9300.47,Standard operational expense,8,1,Normal
7,2018-01-22,5,Vendor_49,6535.98,Standard operational expense,1,1,Normal
8,2019-04-20,3,Vendor_92,6057.93,Standard operational expense,4,1,Normal
9,2020-09-02,7,Vendor_47,6895.44,Standard operational expense,9,1,Normal
10,2019-07-17,4,Vendor_64,7762.09,Standard operational expense,7,1,Normal
11,2022-03-09,3,Vendor_7,12913.11,Standard operational expense,3,1,Normal
12,2023-08-31,1,Vendor_4,1069.27,Standard operational expense,8,1,Normal
13,2019-08-24,4,Vendor_9,8492.99,Standard operational expense,8,1,Normal
14,2021-09-25,4,Vendor_71,6658.27,Standard operational expense,9,1,Normal
15,2020-02-15,7,Vendor_81,2683.13,Standard operational expense,2,1,Normal
16,2023-05-10,2,Vendor_2,9971.58,Standard operational expense,5,1,Normal
17,2020-10-18,6,Vendor_4,3198.33,Standard operational expense,10,1,Normal
18,2022-02-09,7,Vendor_44,12650.04,Standard operational expense,2,1,Normal
19,2018-06-11,2,Vendor_14,13432.93,Standard operational expense,6,1,Normal
20,2020-03-26,7,Vendor_87,1418.54,Standard operational expense,3,1,Normal
21,2021-06-29,1,Vendor_85,14421.46,Standard operational expense,6,1,Normal
22,2018-12-04,7,Vendor_26,12448.19,Standard operational expense,12,1,Normal
23,2024-03-14,4,Vendor_41,9144.81,Standard operational expense,3,1,Normal
24,2021-03-26,7,Vendor_89,2562.48,Standard operational expense,3,1,Normal
25,2021-09-29,1,Vendor_88,3060.86,Standard operational expense,9,1,Normal
26,2021-03-08,3,Vendor_35,10632.17,Standard operational expense,3,1,Normal
27,2019-02-23,1,Vendor_41,9128.8,Standard operational expense,2,1,Normal
28,2023-12-23,1,Vendor_34,9387.14,Standard operational expense,12,1,Normal
29,2019-05-18,7,Vendor_37,10065.73,Standard operational expense,5,1,Normal
30,2023-11-17,4,Vendor_91,9599.61,Standard operational expense,11,1,Normal
31,2022-04-20,1,Vendor_47,5805.61,Standard operational expense,4,1,Normal
32,2022-01-25,3,Vendor_90,11435.7,Standard operational expense,1,1,Normal
33,2019-05-18,7,Vendor_27,3915.42,Standard operational expense,5,1,Normal
34,2019-01-28,7,Vendor_42,6470.36,Standard operational expense,1,1,Normal
35,2022-01-24,3,Vendor_52,568.29,Standard operational expense,1,1,Normal
36,2020-10-17,8,Vendor_23,10463.19,Standard operational expense,10,1,Normal
37,2024-03-28,5,Vendor_29,8143.63,Standard operational expense,3,1,Normal
38,2020-11-25,5,Vendor_59,1247.0,Standard operational expense,11,1,Normal
39,2022-12-25,2,Vendor_62,9402.88,Standard operational expense,12,1,Normal
40,2020-03-06,4,Vendor_84,3354.76,Standard operational expense,3,1,Normal
41,2023-06-05,3,Vendor_92,4932.74,Standard operational expense,6,1,Normal
42,2022-02-05,7,Vendor_1,13611.74,Standard operational expense,2,1,Normal
43,2021-11-01,3,Vendor_77,6463.91,Standard operational expense,11,1,Normal
44,2022-11-04,3,Vendor_72,203.59,Standard operational expense,11,1,Normal
45,2021-12-05,1,Vendor_97,7323.97,Standard operational expense,12,1,Normal
46,2021-06-11,4,Vendor_59,3737.47,Standard operational expense,6,1,Normal
47,2022-06-20,8,Vendor_62,10574.98,Standard operational expense,6,1,Normal
48,2022-03-01,2,Vendor_39,14440.46,Standard operational expense,3,1,Normal
49,2022-06-25,1,Vendor_59,14966.33,Standard operational expense,6,1,Normal
50,2023-12-01,2,Vendor_54,7589.92,Standard operational expense,12,1,Normal
51,2020-05-04,5,Vendor_1,5241.56,Standard operational expense,5,1,Normal
52,2022-07-20,2,Vendor_90,8010.93,Standard operational expense,7,1,Normal
53,2022-10-26,6,Vendor_68,22239.72,Emergency Year-end Fund Utilization,10,1,Normal
54,2018-07-22,8,Vendor_38,3640.8,Standard operational expense,7,1,Normal
55,2024-05-16,5,Vendor_70,9521.36,Standard operational expense,5,1,Normal
56,2023-04-15,7,Vendor_97,1445.32,Standard operational expense,4,1,Normal
57,2021-02-21,3,Vendor_93,2879.13,Standard operational expense,2,1,Normal
58,2022-11-30,4,Vendor_36,4956.79,Standard operational expense,11,1,Normal
59,2024-09-16,2,Vendor_19,7730.19,Standard operational expense,9,1,Normal
60,2022-10-01,4,Vendor_40,14113.8,Standard operational expense,10,1,Normal
61,2022-07-22,7,Vendor_1,14057.28,Standard operational expense,7,1,Normal
62,2022-12-08,4,Vendor_50,11054.72,Standard operational expense,12,1,Normal
63,2024-01-08,7,Vendor_99,13172.36,Standard operational expense,1,1,Normal
64,2018-09-20,4,Vendor_60,2706.83,Standard operational expense,9,1,Normal
65,2020-05-30,2,Vendor_12,14944.18,Standard operational expense,5,1,Normal
66,2019-03-29,5,Vendor_9,13251.28,Standard operational expense,3,1,Normal
67,2022-08-10,8,Vendor_20,12715.25,Standard operational expense,8,1,Normal
68,2024-10-11,6,Vendor_24,70320.9,Emergency Year-end Fund Utilization,10,-1,Anomaly
69,2019-09-20,3,Vendor_36,14040.96,Standard operational expense,9,1,Normal
70,2021-12-16,8,Vendor_99,9135.79,Standard operational expense,12,1,Normal
71,2022-02-05,3,Vendor_18,14607.59,Standard operational expense,2,1,Normal
72,2023-12-24,6,Vendor_54,49656.78,Emergency Year-end Fund Utilization,12,1,Normal
73,2020-08-14,1,Vendor_68,2721.29,Standard operational expense,8,1,Normal
74,2019-02-02,5,Vendor_8,2764.46,Standard operational expense,2,1,Normal
75,2021-03-04,3,Vendor_33,9898.43,Standard operational expense,3,1,Normal
76,2019-04-05,3,Vendor_22,5578.97,Standard operational expense,4,1,Normal
77,2022-12-01,6,Vendor_51,88113.0,Emergency Year-end Fund Utilization,12,-1,Anomaly
78,2024-10-21,8,Vendor_98,9503.97,Standard operational expense,10,1,Normal
79,2020-03-08,1,Vendor_64,8695.87,Standard operational expense,3,1,Normal
80,2022-02-13,5,Vendor_48,3529.76,Standard operational expense,2,1,Normal
81,2019-10-21,4,Vendor_49,462.31,Standard operational expense,10,1,Normal
82,2018-01-17,4,Vendor_93,14112.83,Standard operational expense,1,1,Normal
83,2020-12-05,5,Vendor_37,13264.06,Standard operational expense,12,1,Normal
84,2024-05-16,5,Vendor_53,6479.94,Standard operational expense,5,1,Normal
85,2019-08-30,3,Vendor_63,14706.94,Standard operational expense,8,1,Normal
86,2024-04-19,5,Vendor_33,2944.57,Standard operational expense,4,1,Normal
87,2018-05-08,2,Vendor_95,8396.34,Standard operational expense,5,1,Normal
88,2019-07-24,3,Vendor_24,8593.91,Standard operational expense,7,1,Normal
89,2019-09-18,8,Vendor_23,10100.04,Standard operational expense,9,1,Normal
90,2018-06-04,2,Vendor_17,13172.86,Standard operational expense,6,1,Normal
91,2018-09-03,8,Vendor_42,8337.02,Standard operational expense,9,1,Normal
92,2019-06-22,3,Vendor_24,3917.48,Standard operational expense,6,1,Normal
93,2019-06-09,4,Vendor_57,7719.0,Standard operational expense,6,1,Normal
94,2018-02-05,5,Vendor_8,2994.68,Standard operational expense,2,1,Normal
95,2019-10-26,6,Vendor_87,80166.48,Emergency Year-end Fund Utilization,10,-1,Anomaly
96,2021-03-12,4,Vendor_32,8725.09,Standard operational expense,3,1,Normal
97,2023-11-03,6,Vendor_58,29936.82,Emergency Year-end Fund Utilization,11,1,Normal
98,2019-10-12,6,Vendor_58,26216.76,Emergency Year-end Fund Utilization,10,1,Normal
99,2024-06-10,4,Vendor_15,678.64,Standard operational expense,6,1,Normal
100,2020-12-13,3,Vendor_97,1993.2,Standard operational expense,12,1,Normal
101,2024-04-30,5,Vendor_5,4145.99,Standard operational expense,4,1,Normal
102,2021-01-31,4,Vendor_96,12646.14,Standard operational expense,1,1,Normal
103,2018-02-16,3,Vendor_52,9597.71,Standard operational expense,2,1,Normal
104,2018-09-26,2,Vendor_30,7792.88,Standard operational expense,9,1,Normal
105,2022-08-10,1,Vendor_19,6042.43,Standard operational expense,8,1,Normal
106,2020-12-17,7,Vendor_90,3837.82,Standard operational expense,12,1,Normal
107,2018-10-11,6,Vendor_9,75336.6,Emergency Year-end Fund Utilization,10,-1,Anomaly
108,2023-04-16,5,Vendor_1,967.08,Standard operational expense,4,1,Normal
109,2021-12-02,6,Vendor_89,8992.26,Emergency Year-end Fund Utilization,12,1,Normal
110,2019-05-03,5,Vendor_16,4271.02,Standard operational expense,5,1,Normal
111,2021-04-27,7,Vendor_69,9890.96,Standard operational expense,4,1,Normal
112,2024-04-13,3,Vendor_16,3791.19,Standard operational expense,4,1,Normal
113,2020-11-19,6,Vendor_78,1886.76,Emergency Year-end Fund Utilization,11,1,Normal
114,2021-05-28,5,Vendor_94,1502.94,Standard operational expense,5,1,Normal
115,2022-11-09,6,Vendor_76,10584.5,Standard operational expense,11,1,Normal
116,2024-03-15,2,Vendor_39,7425.08,Standard operational expense,3,1,Normal
117,2022-06-24,1,Vendor_23,7023.64,Standard operational expense,6,1,Normal
118,2022-11-21,2,Vendor_34,14242.27,Standard operational expense,11,1,Normal
119,2024-10-25,8,Vendor_69,12861.7,Standard operational expense,10,1,Normal
120,2019-05-31,8,Vendor_2,1151.47,Standard operational expense,5,1,Normal
121,2019-05-12,4,Vendor_91,8828.06,Standard operational expense,5,1,Normal
122,2020-05-01,8,Vendor_35,10189.81,Standard operational expense,5,1,Normal
123,2024-08-24,1,Vendor_51,6927.97,Standard operational expense,8,1,Normal
124,2022-06-25,4,Vendor_33,5852.93,Standard operational expense,6,1,Normal
125,2021-04-06,2,Vendor_29,3179.6,Standard operational expense,4,1,Normal
126,2024-09-10,4,Vendor_2,1601.59,Standard operational expense,9,1,Normal
127,2024-12-21,2,Vendor_81,10276.8,Standard operational expense,12,1,Normal
128,2018-03-31,8,Vendor_74,5842.41,Standard operational expense,3,1,Normal
129,2022-10-14,6,Vendor_7,73413.48,Emergency Year-end Fund Utilization,10,-1,Anomaly
130,2020-04-05,5,Vendor_75,5290.22,Standard operational expense,4,1,Normal
131,2019-02-17,8,Vendor_21,11052.56,Standard operational expense,2,1,Normal
132,2019-11-07,2,Vendor_24,6409.72,Standard operational expense,11,1,Normal
133,2024-02-18,3,Vendor_36,14858.53,Standard operational expense,2,1,Normal
134,2020-09-04,1,Vendor_24,11668.55,Standard operational expense,9,1,Normal
135,2018-02-06,4,Vendor_13,6492.01,Standard operational expense,2,1,Normal
136,2024-05-15,1,Vendor_30,3649.72,Standard operational expense,5,1,Normal
137,2021-07-20,1,Vendor_89,7628.26,Standard operational expense,7,1,Normal
138,2021-09-27,5,Vendor_49,13443.3,Standard operational expense,9,1,Normal
139,2022-06-24,4,Vendor_19,14382.27,Standard operational expense,6,1,Normal
140,2018-03-17,1,Vendor_78,4857.77,Standard operational expense,3,1,Normal
141,2020-04-30,2,Vendor_69,9514.37,Standard operational expense,4,1,Normal
142,2019-01-31,1,Vendor_85,8350.18,Standard operational expense,1,1,Normal
143,2021-03-13,1,Vendor_53,1790.62,Standard operational expense,3,1,Normal
144,2020-12-01,2,Vendor_95,957.63,Standard operational expense,12,1,Normal
145,2019-09-26,5,Vendor_93,11081.83,Standard operational expense,9,1,Normal
146,2018-08-23,3,Vendor_76,1844.3,Standard operational expense,8,1,Normal
147,2020-08-11,4,Vendor_7,13016.34,Standard operational expense,8,1,Normal
148,2021-04-12,5,Vendor_9,3416.39,Standard operational expense,4,1,Normal
149,2021-05-02,5,Vendor_38,7748.56,Standard operational expense,5,1,Normal
150,2024-07-14,8,Vendor_65,5676.63,Standard operational expense,7,1,Normal
151,2021-09-27,4,Vendor_71,3626.61,Standard operational expense,9,1,Normal
152,2018-08-05,5,Vendor_70,11325.33,Standard operational expense,8,1,Normal
153,2022-12-16,5,Vendor_39,5732.02,Standard operational expense,12,1,Normal
154,2018-04-01,2,Vendor_39,13604.68,Standard operational expense,4,1,Normal
155,2018-06-22,5,Vendor_58,6137.51,Standard operational expense,6,1,Normal
156,2022-08-11,4,Vendor_39,11531.2,Standard operational expense,8,1,Normal
157,2024-08-31,5,Vendor_63,3638.85,Standard operational expense,8,1,Normal
158,2022-03-12,1,Vendor_33,1335.08,Standard operational expense,3,1,Normal
159,2020-07-22,5,Vendor_44,14452.02,Standard operational expense,7,1,Normal
160,2019-11-16,8,Vendor_47,8384.48,Standard operational expense,11,1,Normal
161,2021-03-18,8,Vendor_75,7962.75,Standard operational expense,3,1,Normal
162,2021-06-06,4,Vendor_20,8352.43,Standard operational expense,6,1,Normal
163,2023-09-26,1,Vendor_15,3330.46,Standard operational expense,9,1,Normal
164,2021-10-28,6,Vendor_16,8806.28,Standard operational expense,10,1,Normal
165,2019-04-16,1,Vendor_74,13737.29,Standard operational expense,4,1,Normal
166,2020-12-17,6,Vendor_28,41335.74,Emergency Year-end Fund Utilization,12,1,Normal
167,2019-01-08,8,Vendor_36,2628.23,Standard operational expense,1,1,Normal
168,2018-03-31,8,Vendor_50,5364.95,Standard operational expense,3,1,Normal
169,2019-06-24,4,Vendor_64,5469.14,Standard operational expense,6,1,Normal
170,2023-12-21,6,Vendor_73,3489.06,Emergency Year-end Fund Utilization,12,1,Normal
171,2020-07-17,5,Vendor_92,12225.55,Standard operational expense,7,1,Normal
172,2020-07-13,5,Vendor_6,13672.82,Standard operational expense,7,1,Normal
173,2022-06-06,3,Vendor_47,10913.22,Standard operational expense,6,1,Normal
174,2023-04-29,2,Vendor_30,1332.95,Standard operational expense,4,1,Normal
175,2020-05-26,5,Vendor_33,492.87,Standard operational expense,5,1,Normal
176,2019-01-09,1,Vendor_49,7257.51,Standard operational expense,1,1,Normal
177,2022-12-08,5,Vendor_89,11268.72,Standard operational expense,12,1,Normal
178,2019-11-20,5,Vendor_99,1046.33,Standard operational expense,11,1,Normal
179,2019-05-26,1,Vendor_55,303.71,Standard operational expense,5,1,Normal
180,2019-06-02,4,Vendor_95,12212.23,Standard operational expense,6,1,Normal
181,2022-11-01,6,Vendor_23,82237.02,Emergency Year-end Fund Utilization,11,-1,Anomaly
182,2019-12-15,2,Vendor_85,5729.97,Standard operational expense,12,1,Normal
183,2024-11-09,6,Vendor_45,3846.49,Standard operational expense,11,1,Normal
184,2019-12-18,4,Vendor_32,3506.78,Standard operational expense,12,1,Normal
185,2023-09-13,4,Vendor_39,4103.22,Standard operational expense,9,1,Normal
186,2024-01-11,2,Vendor_3,7852.58,Standard operational expense,1,1,Normal
187,2018-09-25,1,Vendor_5,8323.41,Standard operational expense,9,1,Normal
188,2020-02-02,1,Vendor_47,8890.34,Standard operational expense,2,1,Normal
189,2021-06-06,5,Vendor_75,9626.48,Standard operational expense,6,1,Normal
190,2019-03-11,7,Vendor_98,2131.93,Standard operational expense,3,1,Normal
191,2021-08-22,2,Vendor_79,9586.0,Standard operational expense,8,1,Normal
192,2024-10-18,7,Vendor_38,10923.32,Standard operational expense,10,1,Normal
193,2021-09-20,4,Vendor_51,4539.6,Standard operational expense,9,1,Normal
194,2023-10-30,5,Vendor_10,11967.43,Standard operational expense,10,1,Normal
195,2024-02-10,1,Vendor_84,7432.53,Standard operational expense,2,1,Normal
196,2018-03-10,2,Vendor_66,9350.0,Standard operational expense,3,1,Normal
197,2018-10-23,6,Vendor_75,57226.02,Emergency Year-end Fund Utilization,10,1,Normal
198,2023-03-22,7,Vendor_55,2020.31,Standard operational expense,3,1,Normal
199,2023-11-13,3,Vendor_8,2168.52,Standard operational expense,11,1,Normal
200,2020-06-18,8,Vendor_25,10477.87,Standard operational expense,6,1,Normal
201,2023-03-03,3,Vendor_32,7777.02,Standard operational expense,3,1,Normal
202,2023-05-24,5,Vendor_19,2965.11,Standard operational expense,5,1,Normal
203,2020-10-25,2,Vendor_61,4251.0,Standard operational expense,10,1,Normal
204,2021-11-29,6,Vendor_12,1897.47,Standard operational expense,11,1,Normal
205,2024-10-22,6,Vendor_78,33165.72,Emergency Year-end Fund Utilization,10,1,Normal
206,2022-10-20,5,Vendor_26,4891.58,Standard operational expense,10,1,Normal
207,2024-04-15,7,Vendor_56,9455.72,Standard operational expense,4,1,Normal
208,2024-07-25,3,Vendor_61,13821.0,Standard operational expense,7,1,Normal
209,2018-12-03,2,Vendor_8,13037.69,Standard operational expense,12,1,Normal
210,2019-09-17,3,Vendor_79,2849.36,Standard operational expense,9,1,Normal
211,2018-10-30,7,Vendor_14,13868.22,Standard operational expense,10,1,Normal
212,2019-04-19,4,Vendor_88,5596.81,Standard operational expense,4,1,Normal
213,2018-12-31,2,Vendor_56,646.58,Standard operational expense,12,1,Normal
214,2020-06-01,7,Vendor_23,10338.77,Standard operational expense,6,1,Normal
215,2024-08-07,7,Vendor_18,554.04,Standard operational expense,8,1,Normal
216,2023-03-22,7,Vendor_28,1662.55,Standard operational expense,3,1,Normal
217,2019-12-15,7,Vendor_86,4898.98,Standard operational expense,12,1,Normal
218,2018-05-06,4,Vendor_13,3574.92,Standard operational expense,5,1,Normal
219,2023-09-04,4,Vendor_18,5391.05,Standard operational expense,9,1,Normal
220,2023-11-29,4,Vendor_34,8102.89,Standard operational expense,11,1,Normal
221,2019-09-15,8,Vendor_83,8839.38,Standard operational expense,9,1,Normal
222,2024-10-08,5,Vendor_26,5509.93,Standard operational expense,10,1,Normal
223,2022-10-28,3,Vendor_70,5405.84,Standard operational expense,10,1,Normal
224,2021-08-05,5,Vendor_70,1616.56,Standard operational expense,8,1,Normal
225,2022-05-25,7,Vendor_94,7368.37,Standard operational expense,5,1,Normal
226,2024-07-25,7,Vendor_9,929.24,Standard operational expense,7,1,Normal
227,2020-01-29,3,Vendor_40,7915.22,Standard operational expense,1,1,Normal
228,2018-08-17,4,Vendor_6,14959.11,Standard operational expense,8,1,Normal
229,2019-04-13,4,Vendor_79,13769.19,Standard operational expense,4,1,Normal
230,2019-10-08,6,Vendor_51,3942.75,Standard operational expense,10,1,Normal
231,2022-01-04,2,Vendor_8,8395.77,Standard operational expense,1,1,Normal
232,2021-12-29,5,Vendor_70,11565.44,Standard operational expense,12,1,Normal
233,2021-12-04,6,Vendor_84,10693.19,Standard operational expense,12,1,Normal
234,2018-08-13,4,Vendor_47,3711.91,Standard operational expense,8,1,Normal
235,2023-08-11,2,Vendor_38,11539.91,Standard operational expense,8,1,Normal
236,2023-12-15,6,Vendor_77,14400.0,Emergency Year-end Fund Utilization,12,1,Normal
237,2023-07-20,3,Vendor_50,872.17,Standard operational expense,7,1,Normal
238,2023-08-02,2,Vendor_10,8274.19,Standard operational expense,8,1,Normal
239,2024-01-29,2,Vendor_2,4903.07,Standard operational expense,1,1,Normal
240,2022-06-08,1,Vendor_73,2168.49,Standard operational expense,6,1,Normal
241,2023-06-18,7,Vendor_35,7126.49,Standard operational expense,6,1,Normal
242,2021-01-23,1,Vendor_60,12775.84,Standard operational expense,1,1,Normal
243,2018-08-24,2,Vendor_75,1952.03,Standard operational expense,8,1,Normal
244,2021-03-06,2,Vendor_35,2800.37,Standard operational expense,3,1,Normal
245,2021-08-12,8,Vendor_64,8659.65,Standard operational expense,8,1,Normal
246,2021-10-04,8,Vendor_14,12436.32,Standard operational expense,10,1,Normal
247,2023-12-19,6,Vendor_37,74366.88,Emergency Year-end Fund Utilization,12,-1,Anomaly
248,2023-08-15,3,Vendor_26,10011.44,Standard operational expense,8,1,Normal
249,2018-05-12,1,Vendor_89,13170.29,Standard operational expense,5,1,Normal
250,2024-09-15,8,Vendor_14,6834.03,Standard operational expense,9,1,Normal
251,2024-10-05,1,Vendor_15,11239.38,Standard operational expense,10,1,Normal
252,2020-09-19,1,Vendor_66,5394.9,Standard operational expense,9,1,Normal
253,2023-06-21,5,Vendor_51,13606.43,Standard operational expense,6,1,Normal
254,2023-12-07,6,Vendor_7,84621.0,Emergency Year-end Fund Utilization,12,-1,Anomaly
255,2021-04-17,8,Vendor_15,10436.39,Standard operational expense,4,1,Normal
256,2022-07-05,5,Vendor_94,7481.81,Standard operational expense,7,1,Normal
257,2021-06-08,3,Vendor_38,11850.1,Standard operational expense,6,1,Normal
258,2021-01-25,5,Vendor_55,3802.49,Standard operational expense,1,1,Normal
259,2024-12-02,6,Vendor_66,18886.26,Emergency Year-end Fund Utilization,12,1,Normal
260,2019-06-01,3,Vendor_38,11344.07,Standard operational expense,6,1,Normal
261,2023-04-17,7,Vendor_88,5744.44,Standard operational expense,4,1,Normal
262,2023-08-25,5,Vendor_29,8143.92,Standard operational expense,8,1,Normal
263,2023-09-26,4,Vendor_2,10861.56,Standard operational expense,9,1,Normal
264,2018-04-05,3,Vendor_36,10439.83,Standard operational expense,4,1,Normal
265,2020-03-04,3,Vendor_20,9025.54,Standard operational expense,3,1,Normal
266,2018-11-27,6,Vendor_38,81815.45999999999,Emergency Year-end Fund Utilization,11,-1,Anomaly
267,2019-12-13,7,Vendor_46,6983.89,Standard operational expense,12,1,Normal
268,2018-12-29,4,Vendor_62,13686.6,Standard operational expense,12,1,Normal
269,2020-09-11,1,Vendor_60,369.84,Standard operational expense,9,1,Normal
270,2018-12-22,8,Vendor_37,10480.1,Standard operational expense,12,1,Normal
271,2023-02-07,7,Vendor_92,2372.83,Standard operational expense,2,1,Normal
272,2023-10-04,6,Vendor_78,7512.48,Emergency Year-end Fund Utilization,10,1,Normal
273,2021-12-01,1,Vendor_21,1787.25,Standard operational expense,12,1,Normal
274,2022-07-04,4,Vendor_57,1957.47,Standard operational expense,7,1,Normal
275,2023-12-07,6,Vendor_40,46984.14,Emergency Year-end Fund Utilization,12,1,Normal
276,2023-04-19,5,Vendor_53,5751.65,Standard operational expense,4,1,Normal
277,2018-07-21,4,Vendor_26,11838.07,Standard operational expense,7,1,Normal
278,2020-07-25,3,Vendor_25,6032.71,Standard operational expense,7,1,Normal
279,2022-06-14,3,Vendor_7,13852.11,Standard operational expense,6,1,Normal
280,2019-04-20,2,Vendor_43,13784.98,Standard operational expense,4,1,Normal
281,2020-08-12,4,Vendor_54,13699.97,Standard operational expense,8,1,Normal
282,2019-10-26,1,Vendor_70,7525.68,Standard operational expense,10,1,Normal
283,2023-02-23,1,Vendor_63,5499.67,Standard operational expense,2,1,Normal
284,2020-12-21,6,Vendor_85,20276.7,Emergency Year-end Fund Utilization,12,1,Normal
285,2020-08-24,1,Vendor_49,14419.95,Standard operational expense,8,1,Normal
286,2018-11-17,6,Vendor_63,77540.52,Emergency Year-end Fund Utilization,11,-1,Anomaly
287,2022-09-21,8,Vendor_1,7582.71,Standard operational expense,9,1,Normal
288,2022-10-26,5,Vendor_51,6020.04,Standard operational expense,10,1,Normal
289,2020-08-09,3,Vendor_30,5305.87,Standard operational expense,8,1,Normal
290,2024-05-21,1,Vendor_30,644.59,Standard operational expense,5,1,Normal
291,2023-08-28,1,Vendor_47,11655.36,Standard operational expense,8,1,Normal
292,2018-10-20,6,Vendor_94,40004.16,Emergency Year-end Fund Utilization,10,1,Normal
293,2022-08-29,3,Vendor_1,2413.08,Standard operational expense,8,1,Normal
294,2018-02-24,7,Vendor_10,11323.37,Standard operational expense,2,1,Normal
295,2022-01-21,3,Vendor_97,9695.59,Standard operational expense,1,1,Normal
296,2023-11-05,7,Vendor_50,2426.67,Standard operational expense,11,1,Normal
297,2020-04-12,1,Vendor_88,3407.39,Standard operational expense,4,1,Normal
298,2023-06-30,3,Vendor_72,7632.07,Standard operational expense,6,1,Normal
299,2021-07-11,2,Vendor_88,12099.19,Standard operational expense,7,1,Normal
300,2021-08-04,8,Vendor_16,12122.07,Standard operational expense,8,1,Normal
301,2019-03-28,4,Vendor_85,10054.47,Standard operational expense,3,1,Normal
302,2020-06-28,7,Vendor_82,4927.45,Standard operational expense,6,1,Normal
303,2023-08-17,2,Vendor_23,1374.08,Standard operational expense,8,1,Normal
304,2018-05-27,8,Vendor_36,2803.39,Standard operational expense,5,1,Normal
305,2021-08-01,4,Vendor_1,10588.8,Standard operational expense,8,1,Normal
306,2023-04-24,3,Vendor_2,3965.41,Standard operational expense,4,1,Normal
307,2019-12-08,7,Vendor_20,610.0,Standard operational expense,12,1,Normal
308,2024-04-27,5,Vendor_94,6200.23,Standard operational expense,4,1,Normal
309,2020-06-23,2,Vendor_99,12929.91,Standard operational expense,6,1,Normal
310,2022-03-04,2,Vendor_24,11477.73,Standard operational expense,3,1,Normal
311,2019-08-16,2,Vendor_59,8530.07,Standard operational expense,8,1,Normal
312,2018-05-08,8,Vendor_81,6435.68,Standard operational expense,5,1,Normal
313,2019-06-05,8,Vendor_25,10512.8,Standard operational expense,6,1,Normal
314,2022-11-17,6,Vendor_4,12540.46,Standard operational expense,11,1,Normal
315,2019-03-18,5,Vendor_87,2658.02,Standard operational expense,3,1,Normal
316,2020-03-15,3,Vendor_85,12356.5,Standard operational expense,3,1,Normal
317,2023-09-21,4,Vendor_34,7521.55,Standard operational expense,9,1,Normal
318,2022-08-28,1,Vendor_76,7512.23,Standard operational expense,8,1,Normal
319,2022-06-11,5,Vendor_85,263.84,Standard operational expense,6,1,Normal
320,2023-09-06,1,Vendor_91,4070.83,Standard operational expense,9,1,Normal
321,2018-06-17,2,Vendor_53,9047.7,Standard operational expense,6,1,Normal
322,2019-03-31,2,Vendor_26,13724.74,Standard operational expense,3,1,Normal
323,2019-12-03,2,Vendor_2,6388.34,Standard operational expense,12,1,Normal
324,2023-01-20,3,Vendor_53,2847.13,Standard operational expense,1,1,Normal
325,2021-10-26,2,Vendor_11,1116.92,Standard operational expense,10,1,Normal
326,2021-08-12,3,Vendor_59,5399.52,Standard operational expense,8,1,Normal
327,2021-10-12,6,Vendor_24,43158.9,Emergency Year-end Fund Utilization,10,1,Normal
328,2020-12-14,6,Vendor_33,66091.92,Emergency Year-end Fund Utilization,12,1,Normal
329,2022-11-21,4,Vendor_83,8143.66,Standard operational expense,11,1,Normal
330,2022-10-29,4,Vendor_62,866.24,Standard operational expense,10,1,Normal
331,2018-12-31,3,Vendor_26,5080.23,Standard operational expense,12,1,Normal
332,2022-03-05,1,Vendor_17,1219.55,Standard operational expense,3,1,Normal
333,2022-07-23,1,Vendor_42,10603.39,Standard operational expense,7,1,Normal
334,2018-01-25,7,Vendor_44,1231.41,Standard operational expense,1,1,Normal
335,2021-12-29,6,Vendor_12,178.28,Standard operational expense,12,1,Normal
336,2024-05-11,5,Vendor_49,1464.57,Standard operational expense,5,1,Normal
337,2020-11-06,2,Vendor_47,10389.35,Standard operational expense,11,1,Normal
338,2018-10-10,6,Vendor_83,86260.44,Emergency Year-end Fund Utilization,10,-1,Anomaly
339,2022-12-05,7,Vendor_87,12117.76,Standard operational expense,12,1,Normal
340,2022-12-07,6,Vendor_72,57568.5,Emergency Year-end Fund Utilization,12,1,Normal
341,2024-11-18,1,Vendor_59,9735.31,Standard operational expense,11,1,Normal
342,2019-05-04,5,Vendor_32,10081.77,Standard operational expense,5,1,Normal
343,2020-02-17,8,Vendor_23,13886.2,Standard operational expense,2,1,Normal
344,2022-12-23,5,Vendor_7,7150.83,Standard operational expense,12,1,Normal
345,2018-12-01,5,Vendor_48,10992.25,Standard operational expense,12,1,Normal
346,2022-03-02,3,Vendor_82,14169.57,Standard operational expense,3,1,Normal
347,2020-09-16,4,Vendor_18,12683.79,Standard operational expense,9,1,Normal
348,2022-01-06,2,Vendor_14,9703.75,Standard operational expense,1,1,Normal
349,2021-03-28,8,Vendor_60,3527.13,Standard operational expense,3,1,Normal
350,2021-01-26,3,Vendor_40,10474.7,Standard operational expense,1,1,Normal
351,2018-07-02,7,Vendor_15,1073.81,Standard operational expense,7,1,Normal
352,2024-12-19,4,Vendor_25,11881.78,Standard operational expense,12,1,Normal
353,2018-01-16,5,Vendor_66,9276.36,Standard operational expense,1,1,Normal
354,2018-11-07,3,Vendor_30,13064.47,Standard operational expense,11,1,Normal
355,2018-09-08,7,Vendor_18,2863.55,Standard operational expense,9,1,Normal
356,2022-06-20,3,Vendor_46,1143.44,Standard operational expense,6,1,Normal
357,2018-11-19,6,Vendor_62,8515.8,Emergency Year-end Fund Utilization,11,1,Normal
358,2018-09-02,4,Vendor_56,9449.83,Standard operational expense,9,1,Normal
359,2022-11-07,7,Vendor_30,6034.48,Standard operational expense,11,1,Normal
360,2020-07-09,7,Vendor_5,6378.22,Standard operational expense,7,1,Normal
361,2023-08-13,5,Vendor_30,5383.87,Standard operational expense,8,1,Normal
362,2023-07-27,4,Vendor_37,10761.74,Standard operational expense,7,1,Normal
363,2019-03-08,1,Vendor_79,13664.05,Standard operational expense,3,1,Normal
364,2019-02-03,1,Vendor_68,5935.29,Standard operational expense,2,1,Normal
365,2024-02-13,2,Vendor_43,11990.04,Standard operational expense,2,1,Normal
366,2019-12-11,7,Vendor_46,13198.86,Standard operational expense,12,1,Normal
367,2018-11-17,6,Vendor_25,55438.98,Emergency Year-end Fund Utilization,11,1,Normal
368,2020-02-11,3,Vendor_93,6083.55,Standard operational expense,2,1,Normal
369,2021-08-26,5,Vendor_74,12476.57,Standard operational expense,8,1,Normal
370,2018-08-14,1,Vendor_3,3385.24,Standard operational expense,8,1,Normal
371,2023-12-19,6,Vendor_54,72188.81999999999,Emergency Year-end Fund Utilization,12,-1,Anomaly
372,2019-12-28,1,Vendor_20,7822.08,Standard operational expense,12,1,Normal
373,2023-03-29,1,Vendor_35,2691.04,Standard operational expense,3,1,Normal
374,2020-11-13,6,Vendor_3,89672.4,Emergency Year-end Fund Utilization,11,-1,Anomaly
375,2018-06-09,3,Vendor_89,3444.16,Standard operational expense,6,1,Normal
376,2024-07-04,4,Vendor_98,8743.28,Standard operational expense,7,1,Normal
377,2021-07-14,1,Vendor_92,5928.43,Standard operational expense,7,1,Normal
378,2021-05-03,1,Vendor_42,12797.68,Standard operational expense,5,1,Normal
379,2019-06-05,7,Vendor_5,9863.11,Standard operational expense,6,1,Normal
380,2021-11-19,3,Vendor_79,4292.73,Standard operational expense,11,1,Normal
381,2018-02-07,8,Vendor_48,10466.14,Standard operational expense,2,1,Normal
382,2022-06-14,2,Vendor_60,1307.59,Standard operational expense,6,1,Normal
383,2022-09-08,5,Vendor_77,13427.75,Standard operational expense,9,1,Normal
384,2019-08-16,2,Vendor_96,7477.68,Standard operational expense,8,1,Normal
385,2018-11-14,5,Vendor_67,13607.05,Standard operational expense,11,1,Normal
386,2022-05-11,8,Vendor_91,10202.44,Standard operational expense,5,1,Normal
387,2023-06-20,5,Vendor_88,11035.26,Standard operational expense,6,1,Normal
388,2024-07-11,8,Vendor_59,3754.75,Standard operational expense,7,1,Normal
389,2022-09-01,5,Vendor_89,12571.5,Standard operational expense,9,1,Normal
390,2022-09-13,2,Vendor_27,1676.93,Standard operational expense,9,1,Normal
391,2024-10-05,4,Vendor_45,2463.22,Standard operational expense,10,1,Normal
392,2020-04-05,1,Vendor_23,535.78,Standard operational expense,4,1,Normal
393,2019-03-02,2,Vendor_53,12317.21,Standard operational expense,3,1,Normal
394,2022-04-24,7,Vendor_2,116.69,Standard operational expense,4,1,Normal
395,2019-08-12,5,Vendor_66,3954.46,Standard operational expense,8,1,Normal
396,2021-06-01,5,Vendor_17,9292.21,Standard operational expense,6,1,Normal
397,2018-12-26,7,Vendor_64,5712.76,Standard operational expense,12,1,Normal
398,2024-08-09,3,Vendor_83,2013.89,Standard operational expense,8,1,Normal
399,2024-09-27,7,Vendor_96,8164.87,Standard operational expense,9,1,Normal
400,2020-09-20,7,Vendor_79,5943.05,Standard operational expense,9,1,Normal
401,2021-05-30,5,Vendor_68,1627.39,Standard operational expense,5,1,Normal
402,2023-03-03,4,Vendor_91,1110.77,Standard operational expense,3,1,Normal
403,2024-02-18,1,Vendor_17,11587.67,Standard operational expense,2,1,Normal
404,2020-06-04,1,Vendor_82,963.01,Standard operational expense,6,1,Normal
405,2024-12-03,6,Vendor_29,87629.94,Emergency Year-end Fund Utilization,12,-1,Anomaly
406,2019-12-17,4,Vendor_52,9748.85,Standard operational expense,12,1,Normal
407,2024-08-25,4,Vendor_11,466.35,Standard operational expense,8,1,Normal
408,2023-10-28,8,Vendor_58,11579.07,Standard operational expense,10,1,Normal
409,2023-06-30,2,Vendor_98,2468.18,Standard operational expense,6,1,Normal
410,2019-05-31,1,Vendor_39,1622.68,Standard operational expense,5,1,Normal
411,2020-06-05,5,Vendor_32,10435.87,Standard operational expense,6,1,Normal
412,2022-11-25,6,Vendor_75,21166.800000000003,Emergency Year-end Fund Utilization,11,1,Normal
413,2022-04-12,3,Vendor_56,14267.87,Standard operational expense,4,1,Normal
414,2020-09-15,5,Vendor_59,13651.92,Standard operational expense,9,1,Normal
415,2018-10-07,6,Vendor_69,68552.4,Emergency Year-end Fund Utilization,10,-1,Anomaly
416,2021-11-11,3,Vendor_38,6199.08,Standard operational expense,11,1,Normal
417,2023-06-04,3,Vendor_25,563.9,Standard operational expense,6,1,Normal
418,2020-03-02,4,Vendor_80,8484.98,Standard operational expense,3,1,Normal
419,2022-05-27,4,Vendor_17,2864.33,Standard operational expense,5,1,Normal
420,2019-06-04,7,Vendor_50,6860.04,Standard operational expense,6,1,Normal
421,2023-07-29,7,Vendor_64,9430.68,Standard operational expense,7,1,Normal
422,2023-05-18,5,Vendor_3,13686.36,Standard operational expense,5,1,Normal
423,2019-06-11,1,Vendor_71,118.35,Standard operational expense,6,1,Normal
424,2021-06-13,4,Vendor_38,6511.56,Standard operational expense,6,1,Normal
425,2020-10-13,4,Vendor_2,1056.71,Standard operational expense,10,1,Normal
426,2021-09-29,8,Vendor_77,4724.39,Standard operational expense,9,1,Normal
427,2018-03-13,5,Vendor_64,1179.46,Standard operational expense,3,1,Normal
428,2018-12-04,6,Vendor_38,14623.03,Standard operational expense,12,1,Normal
429,2022-04-17,3,Vendor_33,10455.23,Standard operational expense,4,1,Normal
430,2023-11-05,6,Vendor_11,81759.0,Emergency Year-end Fund Utilization,11,-1,Anomaly
431,2018-08-02,3,Vendor_17,1663.46,Standard operational expense,8,1,Normal
432,2022-08-23,7,Vendor_86,7533.43,Standard operational expense,8,1,Normal
433,2023-11-10,4,Vendor_40,5255.65,Standard operational expense,11,1,Normal
434,2023-05-06,2,Vendor_2,4964.27,Standard operational expense,5,1,Normal
435,2024-03-22,1,Vendor_30,13249.75,Standard operational expense,3,1,Normal
436,2023-12-04,2,Vendor_66,6014.16,Standard operational expense,12,1,Normal
437,2018-12-20,6,Vendor_15,62571.54,Emergency Year-end Fund Utilization,12,1,Normal
438,2018-04-16,7,Vendor_75,10088.74,Standard operational expense,4,1,Normal
439,2018-11-13,3,Vendor_9,13453.7,Standard operational expense,11,1,Normal
440,2024-03-20,8,Vendor_76,4552.65,Standard operational expense,3,1,Normal
441,2021-07-11,8,Vendor_62,10739.9,Standard operational expense,7,1,Normal
442,2021-10-20,6,Vendor_7,55335.84,Emergency Year-end Fund Utilization,10,1,Normal
443,2019-04-04,4,Vendor_6,8339.72,Standard operational expense,4,1,Normal
444,2018-01-22,2,Vendor_41,7265.47,Standard operational expense,1,1,Normal
445,2020-12-07,6,Vendor_12,7897.74,Emergency Year-end Fund Utilization,12,1,Normal
446,2023-11-05,4,Vendor_45,2477.22,Standard operational expense,11,1,Normal
447,2021-06-20,2,Vendor_45,5002.36,Standard operational expense,6,1,Normal
448,2023-04-12,5,Vendor_55,11866.51,Standard operational expense,4,1,Normal
449,2024-05-24,3,Vendor_70,2508.92,Standard operational expense,5,1,Normal
450,2019-10-24,5,Vendor_59,14945.38,Standard operational expense,10,1,Normal
451,2022-10-04,3,Vendor_93,10235.4,Standard operational expense,10,1,Normal
452,2023-06-06,7,Vendor_76,3939.48,Standard operational expense,6,1,Normal
453,2022-10-15,7,Vendor_24,6297.02,Standard operational expense,10,1,Normal
454,2019-02-08,5,Vendor_20,5254.43,Standard operational expense,2,1,Normal
455,2020-08-13,8,Vendor_51,8195.18,Standard operational expense,8,1,Normal
456,2019-08-31,1,Vendor_98,6635.37,Standard operational expense,8,1,Normal
457,2022-03-16,4,Vendor_34,13114.01,Standard operational expense,3,1,Normal
458,2022-12-03,7,Vendor_58,4224.73,Standard operational expense,12,1,Normal
459,2021-06-23,5,Vendor_18,3238.87,Standard operational expense,6,1,Normal
460,2023-08-31,7,Vendor_26,3613.3,Standard operational expense,8,1,Normal
461,2023-11-18,8,Vendor_42,9067.65,Standard operational expense,11,1,Normal
462,2020-11-05,6,Vendor_37,87442.74,Emergency Year-end Fund Utilization,11,-1,Anomaly
463,2019-10-04,6,Vendor_14,9306.96,Emergency Year-end Fund Utilization,10,1,Normal
464,2019-05-19,7,Vendor_2,5452.58,Standard operational expense,5,1,Normal
465,2020-04-17,1,Vendor_28,5927.11,Standard operational expense,4,1,Normal
466,2023-10-15,3,Vendor_65,9885.38,Standard operational expense,10,1,Normal
467,2021-12-18,4,Vendor_45,2050.02,Standard operational expense,12,1,Normal
468,2024-05-23,3,Vendor_14,13267.27,Standard operational expense,5,1,Normal
469,2023-06-17,5,Vendor_94,5121.35,Standard operational expense,6,1,Normal
470,2021-07-04,5,Vendor_43,3805.84,Standard operational expense,7,1,Normal
471,2024-06-18,8,Vendor_28,5452.84,Standard operational expense,6,1,Normal
472,2023-05-11,7,Vendor_37,9990.69,Standard operational expense,5,1,Normal
473,2024-06-10,1,Vendor_56,10610.25,Standard operational expense,6,1,Normal
474,2024-01-13,7,Vendor_61,13037.24,Standard operational expense,1,1,Normal
475,2023-04-24,2,Vendor_73,14801.73,Standard operational expense,4,1,Normal
476,2021-08-09,4,Vendor_1,870.28,Standard operational expense,8,1,Normal
477,2023-12-07,3,Vendor_59,6837.77,Standard operational expense,12,1,Normal
478,2021-03-30,1,Vendor_12,8811.59,Standard operational expense,3,1,Normal
479,2019-05-05,4,Vendor_88,14800.79,Standard operational expense,5,1,Normal
480,2021-06-28,3,Vendor_89,358.96,Standard operational expense,6,1,Normal
481,2021-04-23,7,Vendor_43,6875.62,Standard operational expense,4,1,Normal
482,2020-07-07,4,Vendor_23,8030.45,Standard operational expense,7,1,Normal
483,2024-12-19,6,Vendor_80,28128.96,Emergency Year-end Fund Utilization,12,1,Normal
484,2023-05-24,2,Vendor_8,11020.19,Standard operational expense,5,1,Normal
485,2023-07-27,5,Vendor_8,1499.12,Standard operational expense,7,1,Normal
486,2021-10-13,5,Vendor_47,14453.87,Standard operational expense,10,1,Normal
487,2024-06-16,7,Vendor_74,14174.75,Standard operational expense,6,1,Normal
488,2023-12-02,2,Vendor_8,9305.92,Standard operational expense,12,1,Normal
489,2018-10-30,8,Vendor_91,11550.94,Standard operational expense,10,1,Normal
490,2023-02-07,1,Vendor_33,10373.95,Standard operational expense,2,1,Normal
491,2021-08-03,8,Vendor_48,12419.9,Standard operational expense,8,1,Normal
492,2020-12-28,1,Vendor_92,1688.24,Standard operational expense,12,1,Normal
493,2020-10-06,8,Vendor_73,818.36,Standard operational expense,10,1,Normal
494,2021-01-17,8,Vendor_77,11311.17,Standard operational expense,1,1,Normal
495,2019-05-04,3,Vendor_4,13189.88,Standard operational expense,5,1,Normal
496,2022-06-26,3,Vendor_82,12136.9,Standard operational expense,6,1,Normal
497,2024-09-10,1,Vendor_75,4826.22,Standard operational expense,9,1,Normal
498,2021-11-20,6,Vendor_89,49277.34,Emergency Year-end Fund Utilization,11,1,Normal
499,2019-12-12,7,Vendor_60,10462.46,Standard operational expense,12,1,Normal
500,2022-02-05,1,Vendor_35,3639.41,Standard operational expense,2,1,Normal
501,2023-12-18,6,Vendor_99,7143.719999999999,Emergency Year-end Fund Utilization,12,1,Normal
502,2020-10-20,6,Vendor_85,45339.84,Emergency Year-end Fund Utilization,10,1,Normal
503,2024-07-03,8,Vendor_28,12722.79,Standard operational expense,7,1,Normal
504,2021-03-23,1,Vendor_98,5764.91,Standard operational expense,3,1,Normal
505,2018-10-31,5,Vendor_15,3766.44,Standard operational expense,10,1,Normal
506,2018-02-12,8,Vendor_46,8286.27,Standard operational expense,2,1,Normal
507,2024-12-20,4,Vendor_21,14337.3,Standard operational expense,12,1,Normal
508,2019-02-11,3,Vendor_47,212.69,Standard operational expense,2,1,Normal
509,2021-02-21,7,Vendor_75,3727.89,Standard operational expense,2,1,Normal
510,2018-02-20,7,Vendor_13,3037.6,Standard operational expense,2,1,Normal
511,2019-04-15,3,Vendor_68,1611.17,Standard operational expense,4,1,Normal
512,2019-01-08,4,Vendor_29,10084.43,Standard operational expense,1,1,Normal
513,2021-03-25,3,Vendor_36,8755.89,Standard operational expense,3,1,Normal
514,2022-08-09,2,Vendor_4,4162.1,Standard operational expense,8,1,Normal
515,2023-11-08,1,Vendor_7,7884.97,Standard operational expense,11,1,Normal
516,2020-11-28,5,Vendor_63,2850.32,Standard operational expense,11,1,Normal
517,2024-06-17,1,Vendor_42,8552.95,Standard operational expense,6,1,Normal
518,2020-08-09,4,Vendor_7,6425.46,Standard operational expense,8,1,Normal
519,2023-01-20,1,Vendor_45,5665.29,Standard operational expense,1,1,Normal
520,2021-10-17,7,Vendor_22,14275.91,Standard operational expense,10,1,Normal
521,2021-12-21,6,Vendor_26,53662.31999999999,Emergency Year-end Fund Utilization,12,1,Normal
522,2019-06-05,7,Vendor_42,9203.62,Standard operational expense,6,1,Normal
523,2024-01-09,8,Vendor_91,8393.89,Standard operational expense,1,1,Normal
524,2021-08-09,4,Vendor_19,4194.61,Standard operational expense,8,1,Normal
525,2018-05-26,3,Vendor_97,9395.5,Standard operational expense,5,1,Normal
526,2022-01-02,2,Vendor_49,2379.46,Standard operational expense,1,1,Normal
527,2019-04-28,4,Vendor_21,12955.68,Standard operational expense,4,1,Normal
528,2019-10-24,8,Vendor_35,4752.85,Standard operational expense,10,1,Normal
529,2020-09-14,7,Vendor_10,8245.79,Standard operational expense,9,1,Normal
530,2020-10-20,6,Vendor_57,57102.18000000001,Emergency Year-end Fund Utilization,10,1,Normal
531,2020-07-09,2,Vendor_7,4190.65,Standard operational expense,7,1,Normal
532,2022-11-04,6,Vendor_41,40453.68,Emergency Year-end Fund Utilization,11,1,Normal
533,2024-11-11,7,Vendor_46,5182.24,Standard operational expense,11,1,Normal
534,2022-05-23,2,Vendor_32,5124.68,Standard operational expense,5,1,Normal
535,2021-04-05,5,Vendor_97,1283.35,Standard operational expense,4,1,Normal
536,2023-04-07,1,Vendor_70,4918.24,Standard operational expense,4,1,Normal
537,2024-10-08,7,Vendor_49,1134.42,Standard operational expense,10,1,Normal
538,2020-08-13,5,Vendor_32,1141.98,Standard operational expense,8,1,Normal
539,2024-01-06,8,Vendor_50,13213.18,Standard operational expense,1,1,Normal
540,2018-10-15,6,Vendor_58,21236.1,Emergency Year-end Fund Utilization,10,1,Normal
541,2018-12-08,6,Vendor_44,879.85,Standard operational expense,12,1,Normal
542,2021-05-17,3,Vendor_30,10986.69,Standard operational expense,5,1,Normal
543,2018-04-26,8,Vendor_58,8749.08,Standard operational expense,4,1,Normal
544,2024-11-05,5,Vendor_47,9560.9,Standard operational expense,11,1,Normal
545,2020-10-13,7,Vendor_62,8083.83,Standard operational expense,10,1,Normal
546,2019-09-25,7,Vendor_17,11366.83,Standard operational expense,9,1,Normal
547,2021-11-24,4,Vendor_3,14720.42,Standard operational expense,11,1,Normal
548,2022-11-06,6,Vendor_92,21577.02,Emergency Year-end Fund Utilization,11,1,Normal
549,2019-09-22,5,Vendor_65,11083.99,Standard operational expense,9,1,Normal
550,2018-10-13,5,Vendor_22,1484.64,Standard operational expense,10,1,Normal
551,2019-04-01,7,Vendor_16,12983.82,Standard operational expense,4,1,Normal
552,2024-11-12,6,Vendor_14,2473.63,Standard operational expense,11,1,Normal
553,2019-04-26,7,Vendor_66,4020.38,Standard operational expense,4,1,Normal
554,2024-08-05,5,Vendor_73,5260.19,Standard operational expense,8,1,Normal
555,2024-11-01,3,Vendor_62,12396.76,Standard operational expense,11,1,Normal
556,2022-08-17,4,Vendor_6,13112.72,Standard operational expense,8,1,Normal
557,2021-12-13,6,Vendor_86,7504.76,Standard operational expense,12,1,Normal
558,2021-09-01,5,Vendor_12,5926.54,Standard operational expense,9,1,Normal
559,2019-07-15,2,Vendor_45,8142.02,Standard operational expense,7,1,Normal
560,2023-10-20,6,Vendor_30,79090.92,Emergency Year-end Fund Utilization,10,-1,Anomaly
561,2018-05-14,3,Vendor_52,11871.45,Standard operational expense,5,1,Normal
562,2018-03-14,7,Vendor_66,6104.4,Standard operational expense,3,1,Normal
563,2018-05-10,3,Vendor_20,5256.89,Standard operational expense,5,1,Normal
564,2023-06-25,8,Vendor_66,13997.69,Standard operational expense,6,1,Normal
565,2020-03-03,5,Vendor_36,12944.02,Standard operational expense,3,1,Normal
566,2018-11-19,6,Vendor_80,13044.3,Emergency Year-end Fund Utilization,11,1,Normal
567,2020-10-08,6,Vendor_3,16230.6,Emergency Year-end Fund Utilization,10,1,Normal
568,2024-12-05,1,Vendor_13,12395.49,Standard operational expense,12,1,Normal
569,2024-12-04,8,Vendor_68,7225.69,Standard operational expense,12,1,Normal
570,2019-06-21,7,Vendor_60,14450.42,Standard operational expense,6,1,Normal
571,2018-05-08,8,Vendor_31,8954.93,Standard operational expense,5,1,Normal
572,2020-04-25,4,Vendor_60,6648.72,Standard operational expense,4,1,Normal
573,2024-10-30,6,Vendor_43,104.95,Standard operational expense,10,1,Normal
574,2018-09-11,2,Vendor_83,9788.0,Standard operational expense,9,1,Normal
575,2024-05-23,3,Vendor_34,8510.17,Standard operational expense,5,1,Normal
576,2024-07-20,2,Vendor_50,7320.56,Standard operational expense,7,1,Normal
577,2021-06-30,7,Vendor_73,10456.02,Standard operational expense,6,1,Normal
578,2020-09-09,3,Vendor_21,2642.9,Standard operational expense,9,1,Normal
579,2021-09-14,4,Vendor_7,4618.8,Standard operational expense,9,1,Normal
580,2019-02-04,4,Vendor_4,9308.97,Standard operational expense,2,1,Normal
581,2022-06-27,8,Vendor_52,12228.16,Standard operational expense,6,1,Normal
582,2020-03-30,4,Vendor_50,7952.92,Standard operational expense,3,1,Normal
583,2022-02-17,4,Vendor_99,6131.5,Standard operational expense,2,1,Normal
584,2024-01-12,4,Vendor_71,7276.36,Standard operational expense,1,1,Normal
585,2022-10-31,5,Vendor_55,11562.64,Standard operational expense,10,1,Normal
586,2019-12-01,6,Vendor_79,43632.18,Emergency Year-end Fund Utilization,12,1,Normal
587,2023-03-27,7,Vendor_13,9322.33,Standard operational expense,3,1,Normal
588,2024-03-10,2,Vendor_85,3693.9,Standard operational expense,3,1,Normal
589,2024-07-13,5,Vendor_36,14397.69,Standard operational expense,7,1,Normal
590,2019-04-10,3,Vendor_11,4061.18,Standard operational expense,4,1,Normal
591,2019-12-04,5,Vendor_55,12680.92,Standard operational expense,12,1,Normal
592,2019-09-21,2,Vendor_34,1995.28,Standard operational expense,9,1,Normal
593,2022-05-07,8,Vendor_99,11086.62,Standard operational expense,5,1,Normal
594,2022-11-04,5,Vendor_38,5977.7,Standard operational expense,11,1,Normal
595,2023-08-31,2,Vendor_64,13392.06,Standard operational expense,8,1,Normal
596,2018-01-17,8,Vendor_1,4799.56,Standard operational expense,1,1,Normal
597,2019-07-26,8,Vendor_10,3894.59,Standard operational expense,7,1,Normal
598,2018-08-30,2,Vendor_21,3870.57,Standard operational expense,8,1,Normal
599,2019-12-16,7,Vendor_59,9924.37,Standard operational expense,12,1,Normal
600,2024-02-26,1,Vendor_60,9247.61,Standard operational expense,2,1,Normal
601,2020-05-05,5,Vendor_32,2337.52,Standard operational expense,5,1,Normal
602,2024-11-01,7,Vendor_77,10235.39,Standard operational expense,11,1,Normal
603,2018-03-28,3,Vendor_51,9919.63,Standard operational expense,3,1,Normal
604,2019-02-12,3,Vendor_5,280.42,Standard operational expense,2,1,Normal
605,2018-05-28,5,Vendor_31,5875.17,Standard operational expense,5,1,Normal
606,2019-01-01,4,Vendor_15,5310.58,Standard operational expense,1,1,Normal
607,2021-05-19,7,Vendor_51,11779.26,Standard operational expense,5,1,Normal
608,2024-10-25,5,Vendor_96,8289.28,Standard operational expense,10,1,Normal
609,2021-09-05,2,Vendor_96,412.08,Standard operational expense,9,1,Normal
610,2024-08-12,4,Vendor_8,13493.62,Standard operational expense,8,1,Normal
611,2018-12-26,1,Vendor_79,14642.26,Standard operational expense,12,1,Normal
612,2020-08-20,1,Vendor_68,3905.66,Standard operational expense,8,1,Normal
613,2022-06-02,1,Vendor_62,9694.17,Standard operational expense,6,1,Normal
614,2019-01-05,2,Vendor_12,12000.84,Standard operational expense,1,1,Normal
615,2023-02-26,8,Vendor_13,1797.95,Standard operational expense,2,1,Normal
616,2022-09-13,8,Vendor_32,11246.29,Standard operational expense,9,1,Normal
617,2021-06-03,3,Vendor_17,751.66,Standard operational expense,6,1,Normal
618,2020-07-24,2,Vendor_25,3446.77,Standard operational expense,7,1,Normal
619,2019-05-03,3,Vendor_89,8296.37,Standard operational expense,5,1,Normal
620,2024-09-27,4,Vendor_32,1910.37,Standard operational expense,9,1,Normal
621,2019-11-17,1,Vendor_99,9722.58,Standard operational expense,11,1,Normal
622,2023-12-10,8,Vendor_39,4822.14,Standard operational expense,12,1,Normal
623,2024-12-19,4,Vendor_18,13792.01,Standard operational expense,12,1,Normal
624,2024-01-06,5,Vendor_8,3393.84,Standard operational expense,1,1,Normal
625,2018-10-29,8,Vendor_23,8411.42,Standard operational expense,10,1,Normal
626,2024-04-02,8,Vendor_86,2743.69,Standard operational expense,4,1,Normal
627,2019-10-24,3,Vendor_92,4113.04,Standard operational expense,10,1,Normal
628,2020-02-09,5,Vendor_52,10310.94,Standard operational expense,2,1,Normal
629,2018-10-10,2,Vendor_23,3281.32,Standard operational expense,10,1,Normal
630,2018-03-29,4,Vendor_43,11018.74,Standard operational expense,3,1,Normal
631,2024-10-04,5,Vendor_3,11177.01,Standard operational expense,10,1,Normal
632,2019-12-04,6,Vendor_29,8518.83,Standard operational expense,12,1,Normal
633,2020-11-19,7,Vendor_25,8699.87,Standard operational expense,11,1,Normal
634,2021-02-08,8,Vendor_16,6977.21,Standard operational expense,2,1,Normal
635,2023-12-17,4,Vendor_65,10924.28,Standard operational expense,12,1,Normal
636,2023-04-08,8,Vendor_64,2989.91,Standard operational expense,4,1,Normal
637,2020-05-23,2,Vendor_10,3140.13,Standard operational expense,5,1,Normal
638,2021-11-29,8,Vendor_91,12245.26,Standard operational expense,11,1,Normal
639,2020-07-11,2,Vendor_13,5395.23,Standard operational expense,7,1,Normal
640,2021-11-17,4,Vendor_90,7909.97,Standard operational expense,11,1,Normal
641,2018-11-10,6,Vendor_78,12506.94,Standard operational expense,11,1,Normal
642,2020-11-03,1,Vendor_20,14375.29,Standard operational expense,11,1,Normal
643,2022-11-14,7,Vendor_56,4653.5,Standard operational expense,11,1,Normal
644,2021-01-29,2,Vendor_4,5587.81,Standard operational expense,1,1,Normal
645,2020-11-09,2,Vendor_99,13304.32,Standard operational expense,11,1,Normal
646,2023-10-02,6,Vendor_21,37488.42,Emergency Year-end Fund Utilization,10,1,Normal
647,2024-11-25,6,Vendor_60,15519.54,Emergency Year-end Fund Utilization,11,1,Normal
648,2020-12-16,5,Vendor_71,1485.56,Standard operational expense,12,1,Normal
649,2019-06-10,3,Target_Vendor_A,21000.0,Project Alpha Phase 1,6,1,Normal
650,2020-12-14,4,Vendor_24,8453.84,Standard operational expense,12,1,Normal
651,2018-11-03,6,Vendor_31,72566.04000000001,Emergency Year-end Fund Utilization,11,1,Normal
652,2018-03-01,3,Vendor_83,7524.01,Standard operational expense,3,1,Normal
653,2019-02-10,8,Vendor_30,5080.15,Standard operational expense,2,1,Normal
654,2021-11-19,6,Vendor_64,19359.9,Emergency Year-end Fund Utilization,11,1,Normal
655,2023-08-29,8,Vendor_94,5664.59,Standard operational expense,8,1,Normal
656,2018-07-02,1,Vendor_18,6566.89,Standard operational expense,7,1,Normal
657,2020-04-10,4,Vendor_92,1031.88,Standard operational expense,4,1,Normal
658,2021-08-19,3,Vendor_45,11030.88,Standard operational expense,8,1,Normal
659,2018-06-10,1,Vendor_20,9599.54,Standard operational expense,6,1,Normal
660,2022-11-11,7,Vendor_70,1863.21,Standard operational expense,11,1,Normal
661,2022-11-25,6,Vendor_9,67401.42,Emergency Year-end Fund Utilization,11,1,Normal
662,2019-08-25,8,Vendor_61,3123.75,Standard operational expense,8,1,Normal
663,2018-05-18,2,Vendor_94,2562.88,Standard operational expense,5,1,Normal
664,2024-11-19,6,Vendor_81,25012.56,Emergency Year-end Fund Utilization,11,1,Normal
665,2023-03-16,3,Vendor_42,14116.12,Standard operational expense,3,1,Normal
666,2019-12-26,6,Vendor_69,20763.42,Emergency Year-end Fund Utilization,12,1,Normal
667,2021-10-04,8,Vendor_49,2872.91,Standard operational expense,10,1,Normal
668,2019-12-05,5,Vendor_90,10619.68,Standard operational expense,12,1,Normal
669,2019-09-30,7,Vendor_35,13568.31,Standard operational expense,9,1,Normal
670,2019-10-03,8,Vendor_70,10969.67,Standard operational expense,10,1,Normal
671,2021-12-21,6,Vendor_60,55154.100000000006,Emergency Year-end Fund Utilization,12,1,Normal
672,2022-06-08,8,Vendor_85,7133.7,Standard operational expense,6,1,Normal
673,2021-12-02,4,Vendor_86,764.46,Standard operational expense,12,1,Normal
674,2021-05-28,7,Vendor_92,3779.98,Standard operational expense,5,1,Normal
675,2018-09-27,8,Vendor_16,14625.04,Standard operational expense,9,1,Normal
676,2023-07-08,2,Vendor_70,12687.36,Standard operational expense,7,1,Normal
677,2022-04-29,1,Vendor_56,7364.81,Standard operational expense,4,1,Normal
678,2022-07-01,4,Vendor_57,9333.52,Standard operational expense,7,1,Normal
679,2024-02-22,2,Vendor_7,6225.32,Standard operational expense,2,1,Normal
680,2021-11-23,2,Vendor_75,11013.49,Standard operational expense,11,1,Normal
681,2021-03-17,8,Vendor_71,8446.51,Standard operational expense,3,1,Normal
682,2021-12-20,2,Vendor_14,6340.02,Standard operational expense,12,1,Normal
683,2021-08-29,5,Vendor_82,14721.33,Standard operational expense,8,1,Normal
684,2022-10-20,5,Vendor_19,8523.42,Standard operational expense,10,1,Normal
685,2019-01-06,1,Vendor_12,14210.84,Standard operational expense,1,1,Normal
686,2024-10-28,1,Vendor_68,428.32,Standard operational expense,10,1,Normal
687,2020-06-13,2,Vendor_86,1423.72,Standard operational expense,6,1,Normal
688,2024-05-25,1,Vendor_61,14709.7,Standard operational expense,5,1,Normal
689,2023-09-07,2,Vendor_39,8183.93,Standard operational expense,9,1,Normal
690,2018-06-26,1,Vendor_70,9232.21,Standard operational expense,6,1,Normal
691,2020-05-02,5,Vendor_57,14190.9,Standard operational expense,5,1,Normal
692,2018-04-08,8,Vendor_39,6235.31,Standard operational expense,4,1,Normal
693,2019-08-11,8,Vendor_38,11825.86,Standard operational expense,8,1,Normal
694,2023-06-03,3,Vendor_64,6942.67,Standard operational expense,6,1,Normal
695,2024-04-09,7,Vendor_32,7509.11,Standard operational expense,4,1,Normal
696,2024-09-04,5,Vendor_68,2554.12,Standard operational expense,9,1,Normal
697,2023-03-17,4,Vendor_85,7838.85,Standard operational expense,3,1,Normal
698,2023-10-28,6,Vendor_14,2508.14,Standard operational expense,10,1,Normal
699,2023-10-07,4,Vendor_63,11602.99,Standard operational expense,10,1,Normal
700,2023-10-15,1,Vendor_3,1502.86,Standard operational expense,10,1,Normal
701,2023-06-15,4,Vendor_99,8126.66,Standard operational expense,6,1,Normal
702,2020-02-13,7,Vendor_89,9886.02,Standard operational expense,2,1,Normal
703,2024-08-23,2,Vendor_69,1491.78,Standard operational expense,8,1,Normal
704,2018-11-03,3,Vendor_74,3136.12,Standard operational expense,11,1,Normal
705,2018-01-08,8,Vendor_41,5414.4,Standard operational expense,1,1,Normal
706,2024-01-21,5,Vendor_55,9555.28,Standard operational expense,1,1,Normal
707,2020-06-23,7,Vendor_82,3018.03,Standard operational expense,6,1,Normal
708,2019-11-19,6,Vendor_7,71517.54000000001,Emergency Year-end Fund Utilization,11,1,Normal
709,2020-04-27,3,Vendor_27,5510.2,Standard operational expense,4,1,Normal
710,2022-07-08,3,Vendor_33,14754.47,Standard operational expense,7,1,Normal
711,2024-03-17,1,Vendor_8,597.42,Standard operational expense,3,1,Normal
712,2019-09-05,8,Vendor_4,9848.96,Standard operational expense,9,1,Normal
713,2024-11-26,6,Vendor_9,77204.52,Emergency Year-end Fund Utilization,11,-1,Anomaly
714,2022-03-28,3,Vendor_16,7627.58,Standard operational expense,3,1,Normal
715,2021-02-26,7,Vendor_21,7331.85,Standard operational expense,2,1,Normal
716,2019-11-01,5,Vendor_28,4912.87,Standard operational expense,11,1,Normal
717,2021-01-30,2,Vendor_27,6469.6,Standard operational expense,1,1,Normal
718,2022-04-10,3,Vendor_25,7958.25,Standard operational expense,4,1,Normal
719,2023-04-24,2,Vendor_5,3225.32,Standard operational expense,4,1,Normal
720,2018-08-15,5,Vendor_9,5118.92,Standard operational expense,8,1,Normal
721,2021-10-27,6,Vendor_83,8157.83,Standard operational expense,10,1,Normal
722,2021-11-19,2,Vendor_73,12342.39,Standard operational expense,11,1,Normal
723,2021-11-22,6,Vendor_92,74645.45999999999,Emergency Year-end Fund Utilization,11,1,Normal
724,2022-12-27,2,Vendor_28,3740.67,Standard operational expense,12,1,Normal
725,2021-11-25,6,Vendor_35,64885.5,Emergency Year-end Fund Utilization,11,1,Normal
726,2022-09-12,2,Vendor_47,5284.33,Standard operational expense,9,1,Normal
727,2018-12-04,2,Vendor_23,9245.28,Standard operational expense,12,1,Normal
728,2020-11-25,6,Vendor_11,66583.38,Emergency Year-end Fund Utilization,11,1,Normal
729,2020-07-19,1,Vendor_16,1981.34,Standard operational expense,7,1,Normal
730,2023-05-08,2,Vendor_28,4792.3,Standard operational expense,5,1,Normal
731,2020-12-06,7,Vendor_20,2590.27,Standard operational expense,12,1,Normal
732,2018-05-04,1,Vendor_87,12571.91,Standard operational expense,5,1,Normal
733,2019-10-02,7,Vendor_58,5171.66,Standard operational expense,10,1,Normal
734,2023-04-29,7,Vendor_63,4649.13,Standard operational expense,4,1,Normal
735,2019-06-17,3,Vendor_53,11471.01,Standard operational expense,6,1,Normal
736,2023-07-13,4,Vendor_9,3568.17,Standard operational expense,7,1,Normal
737,2022-11-23,5,Vendor_97,13492.83,Standard operational expense,11,1,Normal
738,2019-10-08,3,Vendor_59,102.81,Standard operational expense,10,1,Normal
739,2021-10-09,8,Vendor_14,5754.59,Standard operational expense,10,1,Normal
740,2019-05-16,8,Vendor_19,2019.85,Standard operational expense,5,1,Normal
741,2022-04-15,7,Vendor_84,1749.74,Standard operational expense,4,1,Normal
742,2023-03-20,1,Vendor_14,6379.52,Standard operational expense,3,1,Normal
743,2018-11-04,6,Vendor_48,25635.36,Emergency Year-end Fund Utilization,11,1,Normal
744,2018-12-02,6,Vendor_42,82022.88,Emergency Year-end Fund Utilization,12,-1,Anomaly
745,2021-07-22,1,Vendor_45,12607.97,Standard operational expense,7,1,Normal
746,2022-07-18,7,Vendor_19,8036.87,Standard operational expense,7,1,Normal
747,2019-02-02,8,Vendor_61,10584.92,Standard operational expense,2,1,Normal
748,2024-11-17,6,Vendor_33,787.24,Standard operational expense,11,1,Normal
749,2023-11-07,6,Vendor_99,9015.53,Standard operational expense,11,1,Normal
750,2024-11-11,6,Vendor_68,54133.44,Emergency Year-end Fund Utilization,11,1,Normal
751,2020-09-14,8,Vendor_86,13171.2,Standard operational expense,9,1,Normal
752,2022-07-14,7,Vendor_16,9430.02,Standard operational expense,7,1,Normal
753,2024-11-29,6,Vendor_30,11939.22,Standard operational expense,11,1,Normal
754,2024-05-04,3,Vendor_50,4089.87,Standard operational expense,5,1,Normal
755,2022-02-01,7,Vendor_48,9916.49,Standard operational expense,2,1,Normal
756,2021-07-23,5,Vendor_33,9024.78,Standard operational expense,7,1,Normal
757,2023-08-07,1,Vendor_68,13653.44,Standard operational expense,8,1,Normal
758,2020-11-24,1,Vendor_96,1063.83,Standard operational expense,11,1,Normal
759,2020-10-28,5,Vendor_40,10447.31,Standard operational expense,10,1,Normal
760,2024-10-08,6,Vendor_47,39452.88,Emergency Year-end Fund Utilization,10,1,Normal
761,2019-06-11,1,Vendor_52,5178.15,Standard operational expense,6,1,Normal
762,2019-02-10,8,Vendor_38,14226.81,Standard operational expense,2,1,Normal
763,2022-12-17,1,Vendor_4,10569.24,Standard operational expense,12,1,Normal
764,2023-01-21,7,Vendor_4,2062.23,Standard operational expense,1,1,Normal
765,2021-11-30,4,Vendor_86,7366.24,Standard operational expense,11,1,Normal
766,2022-02-24,2,Vendor_91,4146.37,Standard operational expense,2,1,Normal
767,2021-10-16,1,Vendor_38,4107.49,Standard operational expense,10,1,Normal
768,2024-03-11,1,Vendor_61,143.52,Standard operational expense,3,1,Normal
769,2020-10-08,6,Vendor_8,4681.02,Emergency Year-end Fund Utilization,10,1,Normal
770,2022-01-30,4,Vendor_57,7097.66,Standard operational expense,1,1,Normal
771,2023-11-11,5,Vendor_40,7282.41,Standard operational expense,11,1,Normal
772,2018-05-22,3,Vendor_84,6767.28,Standard operational expense,5,1,Normal
773,2023-01-22,1,Vendor_49,7796.93,Standard operational expense,1,1,Normal
774,2021-08-18,1,Vendor_43,3364.13,Standard operational expense,8,1,Normal
775,2019-02-08,4,Vendor_39,4345.13,Standard operational expense,2,1,Normal
776,2018-12-07,5,Vendor_62,8623.52,Standard operational expense,12,1,Normal
777,2021-10-18,6,Vendor_9,13983.13,Standard operational expense,10,1,Normal
778,2021-09-29,5,Vendor_17,4339.98,Standard operational expense,9,1,Normal
779,2020-05-05,5,Vendor_39,5243.82,Standard operational expense,5,1,Normal
780,2018-07-02,1,Vendor_64,542.06,Standard operational expense,7,1,Normal
781,2022-02-26,3,Vendor_46,6813.9,Standard operational expense,2,1,Normal
782,2018-01-01,8,Vendor_76,6385.24,Standard operational expense,1,1,Normal
783,2019-08-07,8,Vendor_12,10097.05,Standard operational expense,8,1,Normal
784,2024-10-28,8,Vendor_90,4521.24,Standard operational expense,10,1,Normal
785,2023-11-21,4,Vendor_8,12335.85,Standard operational expense,11,1,Normal
786,2020-10-13,6,Vendor_47,5171.52,Emergency Year-end Fund Utilization,10,1,Normal
787,2019-12-28,1,Vendor_82,9096.55,Standard operational expense,12,1,Normal
788,2022-08-09,2,Vendor_33,10012.85,Standard operational expense,8,1,Normal
789,2019-02-24,2,Vendor_28,1475.04,Standard operational expense,2,1,Normal
790,2020-07-24,4,Vendor_76,13514.79,Standard operational expense,7,1,Normal
791,2023-09-20,7,Vendor_29,6248.86,Standard operational expense,9,1,Normal
792,2018-04-15,2,Vendor_75,5492.61,Standard operational expense,4,1,Normal
793,2023-06-20,2,Vendor_51,7582.09,Standard operational expense,6,1,Normal
794,2022-04-13,3,Vendor_27,10887.2,Standard operational expense,4,1,Normal
795,2019-09-21,2,Vendor_3,7996.87,Standard operational expense,9,1,Normal
796,2023-12-21,6,Vendor_81,13307.04,Emergency Year-end Fund Utilization,12,1,Normal
797,2018-09-25,3,Vendor_55,6787.91,Standard operational expense,9,1,Normal
798,2023-06-22,2,Vendor_62,13661.01,Standard operational expense,6,1,Normal
799,2018-02-18,7,Vendor_23,5213.19,Standard operational expense,2,1,Normal
800,2021-12-02,1,Vendor_21,1104.03,Standard operational expense,12,1,Normal
801,2022-01-01,3,Vendor_99,6505.97,Standard operational expense,1,1,Normal
802,2019-01-10,1,Vendor_30,4664.07,Standard operational expense,1,1,Normal
803,2023-03-05,8,Vendor_28,12354.09,Standard operational expense,3,1,Normal
804,2020-11-30,7,Vendor_75,1573.22,Standard operational expense,11,1,Normal
805,2023-08-04,3,Vendor_33,9056.01,Standard operational expense,8,1,Normal
806,2023-04-28,7,Vendor_28,7724.05,Standard operational expense,4,1,Normal
807,2018-01-07,4,Vendor_65,767.2,Standard operational expense,1,1,Normal
808,2022-12-16,5,Vendor_18,7806.87,Standard operational expense,12,1,Normal
809,2023-07-05,3,Vendor_95,5175.0,Standard operational expense,7,1,Normal
810,2018-05-06,3,Vendor_38,4737.14,Standard operational expense,5,1,Normal
811,2019-07-30,5,Vendor_48,8013.17,Standard operational expense,7,1,Normal
812,2022-01-03,4,Vendor_31,8439.36,Standard operational expense,1,1,Normal
813,2022-07-07,5,Vendor_30,14583.18,Standard operational expense,7,1,Normal
814,2021-10-31,8,Vendor_75,7631.28,Standard operational expense,10,1,Normal
815,2019-07-11,4,Vendor_46,1579.6,Standard operational expense,7,1,Normal
816,2023-07-31,3,Vendor_51,5881.0,Standard operational expense,7,1,Normal
817,2023-10-05,6,Vendor_15,68205.48,Emergency Year-end Fund Utilization,10,1,Normal
818,2018-10-20,6,Vendor_37,12226.26,Emergency Year-end Fund Utilization,10,1,Normal
819,2024-01-27,4,Vendor_87,4778.1,Standard operational expense,1,1,Normal
820,2022-09-28,2,Vendor_29,12417.94,Standard operational expense,9,1,Normal
821,2018-03-18,3,Vendor_17,14420.92,Standard operational expense,3,1,Normal
822,2023-11-27,8,Vendor_68,5171.77,Standard operational expense,11,1,Normal
823,2024-06-10,5,Vendor_86,8171.4,Standard operational expense,6,1,Normal
824,2020-03-31,3,Vendor_3,12594.38,Standard operational expense,3,1,Normal
825,2022-04-27,2,Vendor_51,3964.09,Standard operational expense,4,1,Normal
826,2020-02-01,1,Vendor_21,7660.95,Standard operational expense,2,1,Normal
827,2018-10-27,3,Vendor_1,8409.86,Standard operational expense,10,1,Normal
828,2022-06-16,7,Vendor_99,2174.03,Standard operational expense,6,1,Normal
829,2020-06-27,7,Vendor_51,12269.68,Standard operational expense,6,1,Normal
830,2024-05-09,3,Vendor_86,13216.69,Standard operational expense,5,1,Normal
831,2022-11-20,8,Vendor_37,9347.84,Standard operational expense,11,1,Normal
832,2020-09-25,5,Vendor_5,2304.96,Standard operational expense,9,1,Normal
833,2019-10-19,5,Vendor_19,8191.07,Standard operational expense,10,1,Normal
834,2023-08-09,8,Vendor_98,8935.92,Standard operational expense,8,1,Normal
835,2018-10-16,6,Vendor_12,48284.76,Emergency Year-end Fund Utilization,10,1,Normal
836,2024-04-12,5,Vendor_92,11213.31,Standard operational expense,4,1,Normal
837,2020-09-03,8,Vendor_46,4208.94,Standard operational expense,9,1,Normal
838,2020-10-14,4,Vendor_19,14547.16,Standard operational expense,10,1,Normal
839,2019-10-28,8,Vendor_52,1495.72,Standard operational expense,10,1,Normal
840,2020-11-14,6,Vendor_75,53232.600000000006,Emergency Year-end Fund Utilization,11,1,Normal
841,2021-05-24,7,Vendor_75,5859.45,Standard operational expense,5,1,Normal
842,2019-12-05,1,Vendor_81,5497.79,Standard operational expense,12,1,Normal
843,2022-09-11,5,Vendor_82,14713.02,Standard operational expense,9,1,Normal
844,2019-08-27,3,Vendor_4,9071.54,Standard operational expense,8,1,Normal
845,2020-06-21,5,Vendor_73,7199.6,Standard operational expense,6,1,Normal
846,2023-02-07,4,Vendor_81,147.2,Standard operational expense,2,1,Normal
847,2020-05-30,1,Vendor_19,13407.04,Standard operational expense,5,1,Normal
848,2021-09-08,3,Vendor_47,558.77,Standard operational expense,9,1,Normal
849,2022-09-21,7,Vendor_96,11037.04,Standard operational expense,9,1,Normal
850,2018-01-22,5,Vendor_67,555.19,Standard operational expense,1,1,Normal
851,2023-01-08,8,Vendor_80,4560.99,Standard operational expense,1,1,Normal
852,2021-05-12,2,Vendor_35,5067.77,Standard operational expense,5,1,Normal
853,2019-11-27,6,Vendor_47,14365.98,Standard operational expense,11,1,Normal
854,2018-01-19,2,Vendor_71,10184.64,Standard operational expense,1,1,Normal
855,2019-06-26,7,Vendor_36,758.01,Standard operational expense,6,1,Normal
856,2018-01-25,5,Vendor_37,11133.09,Standard operational expense,1,1,Normal
857,2018-05-21,8,Vendor_60,14062.66,Standard operational expense,5,1,Normal
858,2018-07-20,7,Vendor_35,13277.92,Standard operational expense,7,1,Normal
859,2024-02-20,7,Vendor_9,1420.21,Standard operational expense,2,1,Normal
860,2020-10-23,6,Vendor_4,25661.88,Emergency Year-end Fund Utilization,10,1,Normal
861,2019-02-18,7,Vendor_99,1083.55,Standard operational expense,2,1,Normal
862,2020-06-28,4,Vendor_96,8697.91,Standard operational expense,6,1,Normal
863,2021-08-06,5,Vendor_16,14331.22,Standard operational expense,8,1,Normal
864,2020-12-25,8,Vendor_34,1782.68,Standard operational expense,12,1,Normal
865,2024-06-27,2,Vendor_56,10680.64,Standard operational expense,6,1,Normal
866,2023-11-29,7,Vendor_39,3562.53,Standard operational expense,11,1,Normal
867,2021-12-04,6,Vendor_55,14218.26,Emergency Year-end Fund Utilization,12,1,Normal
868,2020-11-16,6,Vendor_53,4890.29,Standard operational expense,11,1,Normal
869,2024-06-26,1,Vendor_53,9643.09,Standard operational expense,6,1,Normal
870,2022-04-06,3,Vendor_57,5431.43,Standard operational expense,4,1,Normal
871,2021-11-24,6,Vendor_55,17393.16,Emergency Year-end Fund Utilization,11,1,Normal
872,2022-01-09,2,Vendor_72,8829.39,Standard operational expense,1,1,Normal
873,2022-05-09,4,Vendor_14,9592.65,Standard operational expense,5,1,Normal
874,2024-12-02,6,Vendor_24,74134.62,Emergency Year-end Fund Utilization,12,-1,Anomaly
875,2020-11-11,6,Vendor_77,7850.53,Standard operational expense,11,1,Normal
876,2022-02-03,8,Vendor_31,4144.0,Standard operational expense,2,1,Normal
877,2020-04-29,8,Vendor_75,9480.41,Standard operational expense,4,1,Normal
878,2022-10-06,1,Vendor_95,4832.04,Standard operational expense,10,1,Normal
879,2021-06-18,2,Vendor_18,11766.95,Standard operational expense,6,1,Normal
880,2024-05-30,1,Vendor_50,1034.08,Standard operational expense,5,1,Normal
881,2022-12-05,1,Vendor_44,5171.52,Standard operational expense,12,1,Normal
882,2020-06-07,8,Vendor_11,4812.43,Standard operational expense,6,1,Normal
883,2019-09-25,1,Vendor_9,2035.96,Standard operational expense,9,1,Normal
884,2023-05-01,2,Vendor_82,4768.88,Standard operational expense,5,1,Normal
885,2020-03-29,5,Vendor_70,6393.53,Standard operational expense,3,1,Normal
886,2023-06-19,3,Vendor_58,1430.41,Standard operational expense,6,1,Normal
887,2019-04-16,2,Vendor_60,8512.97,Standard operational expense,4,1,Normal
888,2023-07-04,1,Vendor_10,10587.47,Standard operational expense,7,1,Normal
889,2024-02-01,7,Vendor_13,3888.05,Standard operational expense,2,1,Normal
890,2021-01-29,1,Vendor_11,4248.75,Standard operational expense,1,1,Normal
891,2022-12-14,4,Vendor_94,10567.85,Standard operational expense,12,1,Normal
892,2022-10-03,5,Vendor_83,7183.56,Standard operational expense,10,1,Normal
893,2022-08-03,5,Vendor_48,817.97,Standard operational expense,8,1,Normal
894,2020-10-20,1,Vendor_18,7191.92,Standard operational expense,10,1,Normal
895,2023-06-21,3,Vendor_71,5610.22,Standard operational expense,6,1,Normal
896,2020-11-02,2,Vendor_31,8325.83,Standard operational expense,11,1,Normal
897,2019-10-11,1,Vendor_54,13059.47,Standard operational expense,10,1,Normal
898,2020-10-16,6,Vendor_87,19887.24,Emergency Year-end Fund Utilization,10,1,Normal
899,2021-04-11,5,Vendor_88,4499.99,Standard operational expense,4,1,Normal
900,2020-02-15,7,Vendor_3,1973.29,Standard operational expense,2,1,Normal
901,2020-11-17,6,Vendor_21,9708.01,Standard operational expense,11,1,Normal
902,2019-06-24,8,Vendor_65,7075.5,Standard operational expense,6,1,Normal
903,2018-12-22,5,Vendor_99,4382.4,Standard operational expense,12,1,Normal
904,2022-03-29,1,Vendor_54,12367.31,Standard operational expense,3,1,Normal
905,2022-08-01,5,Vendor_53,4087.13,Standard operational expense,8,1,Normal
906,2019-07-12,5,Vendor_24,5748.5,Standard operational expense,7,1,Normal
907,2023-06-29,1,Vendor_10,1953.09,Standard operational expense,6,1,Normal
908,2019-11-06,1,Vendor_17,11069.39,Standard operational expense,11,1,Normal
909,2020-06-02,8,Vendor_25,10900.36,Standard operational expense,6,1,Normal
910,2020-01-10,2,Vendor_65,7833.58,Standard operational expense,1,1,Normal
911,2018-04-29,4,Vendor_81,4082.06,Standard operational expense,4,1,Normal
912,2023-11-22,4,Vendor_27,14642.61,Standard operational expense,11,1,Normal
913,2022-09-02,3,Vendor_34,5800.45,Standard operational expense,9,1,Normal
914,2021-12-15,6,Vendor_96,6589.06,Standard operational expense,12,1,Normal
915,2022-03-05,1,Vendor_58,11619.81,Standard operational expense,3,1,Normal
916,2023-08-22,8,Vendor_77,8564.58,Standard operational expense,8,1,Normal
917,2018-11-03,1,Vendor_8,8249.75,Standard operational expense,11,1,Normal
918,2018-08-13,7,Vendor_72,11727.6,Standard operational expense,8,1,Normal
919,2020-12-18,4,Vendor_29,13501.88,Standard operational expense,12,1,Normal
920,2019-05-04,5,Vendor_28,3774.39,Standard operational expense,5,1,Normal
921,2021-01-07,4,Vendor_90,7159.77,Standard operational expense,1,1,Normal
922,2019-05-31,2,Vendor_5,14854.11,Standard operational expense,5,1,Normal
923,2023-01-22,8,Vendor_75,9799.26,Standard operational expense,1,1,Normal
924,2018-10-05,1,Vendor_90,3154.22,Standard operational expense,10,1,Normal
925,2024-08-06,1,Vendor_10,9373.96,Standard operational expense,8,1,Normal
926,2024-12-29,5,Vendor_77,4215.94,Standard operational expense,12,1,Normal
927,2024-11-08,8,Vendor_95,13605.67,Standard operational expense,11,1,Normal
928,2023-06-18,3,Vendor_47,12166.92,Standard operational expense,6,1,Normal
929,2018-10-16,6,Vendor_47,42616.98,Emergency Year-end Fund Utilization,10,1,Normal
930,2018-06-08,1,Vendor_26,10381.0,Standard operational expense,6,1,Normal
931,2022-11-12,2,Vendor_52,216.84,Standard operational expense,11,1,Normal
932,2024-08-05,3,Vendor_33,764.0,Standard operational expense,8,1,Normal
933,2024-10-05,3,Vendor_96,11440.22,Standard operational expense,10,1,Normal
934,2021-02-19,5,Vendor_6,14438.42,Standard operational expense,2,1,Normal
935,2024-10-29,2,Vendor_46,8248.21,Standard operational expense,10,1,Normal
936,2023-04-17,7,Vendor_94,754.11,Standard operational expense,4,1,Normal
937,2022-03-22,5,Vendor_33,7271.87,Standard operational expense,3,1,Normal
938,2024-07-06,5,Vendor_95,7955.77,Standard operational expense,7,1,Normal
939,2022-08-19,4,Vendor_16,14413.34,Standard operational expense,8,1,Normal
940,2019-08-03,3,Vendor_56,7523.72,Standard operational expense,8,1,Normal
941,2023-01-30,3,Vendor_76,14719.04,Standard operational expense,1,1,Normal
942,2021-03-08,5,Vendor_19,6611.24,Standard operational expense,3,1,Normal
943,2023-06-30,7,Vendor_82,3287.96,Standard operational expense,6,1,Normal
944,2024-12-16,6,Vendor_29,17595.6,Emergency Year-end Fund Utilization,12,1,Normal
945,2023-12-13,2,Vendor_43,10504.84,Standard operational expense,12,1,Normal
946,2018-09-02,8,Vendor_8,14661.89,Standard operational expense,9,1,Normal
947,2024-08-06,8,Vendor_94,11619.03,Standard operational expense,8,1,Normal
948,2020-11-28,1,Vendor_88,2524.23,Standard operational expense,11,1,Normal
949,2023-02-21,5,Vendor_9,7533.55,Standard operational expense,2,1,Normal
950,2024-10-04,2,Vendor_92,11787.87,Standard operational expense,10,1,Normal
951,2024-01-28,5,Vendor_66,3408.93,Standard operational expense,1,1,Normal
952,2024-11-08,8,Vendor_27,1521.45,Standard operational expense,11,1,Normal
953,2018-12-15,3,Vendor_45,13430.18,Standard operational expense,12,1,Normal
954,2018-01-10,4,Vendor_27,4404.39,Standard operational expense,1,1,Normal
955,2022-03-03,1,Vendor_93,769.18,Standard operational expense,3,1,Normal
956,2018-11-23,1,Vendor_20,9568.11,Standard operational expense,11,1,Normal
957,2019-12-13,6,Vendor_91,82707.29999999999,Emergency Year-end Fund Utilization,12,-1,Anomaly
958,2018-10-01,5,Vendor_84,3839.92,Standard operational expense,10,1,Normal
959,2019-11-24,3,Vendor_65,6292.5,Standard operational expense,11,1,Normal
960,2023-12-02,1,Vendor_20,2954.73,Standard operational expense,12,1,Normal
961,2021-07-13,3,Vendor_5,3390.71,Standard operational expense,7,1,Normal
962,2023-03-29,1,Vendor_98,2710.8,Standard operational expense,3,1,Normal
963,2022-11-08,1,Vendor_69,14261.84,Standard operational expense,11,1,Normal
964,2019-10-13,8,Vendor_99,8743.32,Standard operational expense,10,1,Normal
965,2024-05-18,3,Vendor_60,4309.19,Standard operational expense,5,1,Normal
966,2024-02-25,7,Vendor_26,13565.99,Standard operational expense,2,1,Normal
967,2019-07-06,5,Vendor_4,6349.78,Standard operational expense,7,1,Normal
968,2020-05-23,4,Vendor_93,7513.34,Standard operational expense,5,1,Normal
969,2021-10-23,3,Vendor_46,8947.66,Standard operational expense,10,1,Normal
970,2019-04-20,4,Vendor_99,4499.1,Standard operational expense,4,1,Normal
971,2024-10-04,1,Vendor_24,6200.24,Standard operational expense,10,1,Normal
972,2018-02-09,7,Vendor_98,5049.65,Standard operational expense,2,1,Normal
973,2023-07-06,8,Vendor_4,5353.78,Standard operational expense,7,1,Normal
974,2018-10-17,1,Vendor_53,7003.08,Standard operational expense,10,1,Normal
975,2018-10-06,5,Vendor_53,659.81,Standard operational expense,10,1,Normal
976,2019-11-12,1,Vendor_60,8897.42,Standard operational expense,11,1,Normal
977,2021-09-11,5,Vendor_40,10874.61,Standard operational expense,9,1,Normal
978,2024-09-04,7,Vendor_61,4632.56,Standard operational expense,9,1,Normal
979,2018-07-31,3,Vendor_86,13252.74,Standard operational expense,7,1,Normal
980,2023-01-13,4,Vendor_38,14506.0,Standard operational expense,1,1,Normal
981,2022-03-15,4,Vendor_69,11154.26,Standard operational expense,3,1,Normal
982,2023-04-17,7,Vendor_30,9183.5,Standard operational expense,4,1,Normal
983,2020-05-18,1,Vendor_51,3866.92,Standard operational expense,5,1,Normal
984,2018-07-25,1,Vendor_47,5627.02,Standard operational expense,7,1,Normal
985,2023-03-25,4,Vendor_22,14774.39,Standard operational expense,3,1,Normal
986,2018-10-27,6,Vendor_16,53403.0,Emergency Year-end Fund Utilization,10,1,Normal
987,2022-12-28,2,Vendor_59,10668.88,Standard operational expense,12,1,Normal
988,2024-01-19,7,Vendor_81,7812.18,Standard operational expense,1,1,Normal
989,2018-12-15,6,Vendor_68,24320.16,Emergency Year-end Fund Utilization,12,1,Normal
990,2022-05-03,4,Vendor_21,9519.18,Standard operational expense,5,1,Normal
991,2023-01-31,7,Vendor_36,7682.47,Standard operational expense,1,1,Normal
992,2021-01-09,1,Vendor_66,6787.32,Standard operational expense,1,1,Normal
993,2018-04-14,7,Vendor_70,10743.47,Standard operational expense,4,1,Normal
994,2020-10-03,7,Vendor_57,1964.37,Standard operational expense,10,1,Normal
995,2020-02-02,1,Vendor_13,3009.08,Standard operational expense,2,1,Normal
996,2019-12-18,6,Vendor_3,60064.08,Emergency Year-end Fund Utilization,12,1,Normal
997,2019-07-15,4,Vendor_55,10098.72,Standard operational expense,7,1,Normal
998,2018-07-11,1,Vendor_90,4748.56,Standard operational expense,7,1,Normal
999,2022-04-17,8,Vendor_18,11043.21,Standard operational expense,4,1,Normal
1000,2019-01-04,3,Vendor_35,11754.35,Standard operational expense,1,1,Normal
1001,2024-12-10,6,Vendor_14,10585.13,Standard operational expense,12,1,Normal
1002,2019-11-05,5,Vendor_88,1552.96,Standard operational expense,11,1,Normal
1003,2020-06-20,1,Vendor_40,8060.93,Standard operational expense,6,1,Normal
1004,2024-07-14,5,Vendor_27,7621.45,Standard operational expense,7,1,Normal
1005,2019-01-25,8,Vendor_64,2770.91,Standard operational expense,1,1,Normal
1006,2022-02-15,3,Vendor_43,6008.65,Standard operational expense,2,1,Normal
1007,2022-01-21,1,Vendor_68,2443.37,Standard operational expense,1,1,Normal
1008,2024-10-11,7,Vendor_22,4816.59,Standard operational expense,10,1,Normal
1009,2020-06-01,1,Vendor_7,11970.55,Standard operational expense,6,1,Normal
1010,2019-01-10,3,Vendor_83,12775.14,Standard operational expense,1,1,Normal
1011,2021-05-18,4,Vendor_97,10142.9,Standard operational expense,5,1,Normal
1012,2018-04-23,4,Vendor_75,4385.73,Standard operational expense,4,1,Normal
1013,2023-04-09,3,Vendor_6,6233.67,Standard operational expense,4,1,Normal
1014,2019-06-01,1,Vendor_69,13181.97,Standard operational expense,6,1,Normal
1015,2023-12-06,8,Vendor_62,11778.02,Standard operational expense,12,1,Normal
1016,2018-02-19,8,Vendor_86,5068.59,Standard operational expense,2,1,Normal
1017,2024-02-23,3,Vendor_47,943.13,Standard operational expense,2,1,Normal
1018,2019-03-28,1,Vendor_54,9661.84,Standard operational expense,3,1,Normal
1019,2024-09-04,7,Vendor_87,1831.25,Standard operational expense,9,1,Normal
1020,2018-12-20,6,Vendor_20,54338.58,Emergency Year-end Fund Utilization,12,1,Normal
1021,2022-12-21,2,Vendor_57,14124.96,Standard operational expense,12,1,Normal
1022,2021-11-16,2,Vendor_74,6806.74,Standard operational expense,11,1,Normal
1023,2023-08-27,2,Vendor_69,14563.08,Standard operational expense,8,1,Normal
1024,2021-12-06,6,Vendor_82,8376.88,Standard operational expense,12,1,Normal
1025,2022-01-31,1,Vendor_49,3146.16,Standard operational expense,1,1,Normal
1026,2024-08-31,2,Vendor_35,7800.17,Standard operational expense,8,1,Normal
1027,2018-07-27,2,Vendor_74,4383.18,Standard operational expense,7,1,Normal
1028,2024-12-02,6,Vendor_55,13468.38,Emergency Year-end Fund Utilization,12,1,Normal
1029,2018-08-07,5,Vendor_20,13890.28,Standard operational expense,8,1,Normal
1030,2020-08-07,4,Vendor_84,9025.76,Standard operational expense,8,1,Normal
1031,2024-08-11,2,Vendor_34,4084.29,Standard operational expense,8,1,Normal
1032,2021-03-03,7,Vendor_73,8498.53,Standard operational expense,3,1,Normal
1033,2019-04-26,8,Vendor_59,9189.11,Standard operational expense,4,1,Normal
1034,2018-04-10,3,Vendor_29,9005.26,Standard operational expense,4,1,Normal
1035,2020-12-24,3,Vendor_10,1678.0,Standard operational expense,12,1,Normal
1036,2020-03-31,7,Vendor_51,3274.97,Standard operational expense,3,1,Normal
1037,2019-07-14,5,Vendor_22,3119.23,Standard operational expense,7,1,Normal
1038,2019-11-10,6,Vendor_28,61402.02,Emergency Year-end Fund Utilization,11,1,Normal
1039,2022-01-12,1,Vendor_7,5845.64,Standard operational expense,1,1,Normal
1040,2020-03-27,1,Vendor_1,6808.79,Standard operational expense,3,1,Normal
1041,2023-09-25,2,Vendor_6,11117.18,Standard operational expense,9,1,Normal
1042,2018-11-11,6,Vendor_27,9709.26,Emergency Year-end Fund Utilization,11,1,Normal
1043,2023-10-03,2,Vendor_85,1480.12,Standard operational expense,10,1,Normal
1044,2021-12-03,4,Vendor_4,12933.66,Standard operational expense,12,1,Normal
1045,2024-08-23,1,Vendor_19,6631.94,Standard operational expense,8,1,Normal
1046,2021-06-25,4,Vendor_41,9238.05,Standard operational expense,6,1,Normal
1047,2024-01-27,2,Vendor_40,10739.39,Standard operational expense,1,1,Normal
1048,2023-09-18,1,Vendor_96,12293.71,Standard operational expense,9,1,Normal
1049,2021-12-30,7,Vendor_97,539.61,Standard operational expense,12,1,Normal
1050,2023-10-21,6,Vendor_48,24810.06,Emergency Year-end Fund Utilization,10,1,Normal
1051,2020-03-12,8,Vendor_50,5387.43,Standard operational expense,3,1,Normal
1052,2021-08-30,1,Vendor_82,10125.79,Standard operational expense,8,1,Normal
1053,2022-06-18,8,Vendor_82,5062.22,Standard operational expense,6,1,Normal
1054,2022-04-23,7,Vendor_59,12362.46,Standard operational expense,4,1,Normal
1055,2024-06-24,5,Vendor_3,11822.87,Standard operational expense,6,1,Normal
1056,2023-10-17,6,Vendor_91,67013.58,Emergency Year-end Fund Utilization,10,1,Normal
1057,2022-12-05,3,Vendor_81,11584.06,Standard operational expense,12,1,Normal
1058,2019-01-25,3,Vendor_60,8121.15,Standard operational expense,1,1,Normal
1059,2022-09-14,5,Vendor_56,10030.3,Standard operational expense,9,1,Normal
1060,2019-03-21,2,Vendor_60,3800.92,Standard operational expense,3,1,Normal
1061,2020-01-12,2,Vendor_37,7541.53,Standard operational expense,1,1,Normal
1062,2021-09-20,4,Vendor_63,6348.91,Standard operational expense,9,1,Normal
1063,2021-03-08,2,Vendor_4,426.51,Standard operational expense,3,1,Normal
1064,2018-09-13,7,Vendor_54,937.02,Standard operational expense,9,1,Normal
1065,2023-11-06,4,Vendor_1,3229.44,Standard operational expense,11,1,Normal
1066,2020-04-02,3,Vendor_1,6204.1,Standard operational expense,4,1,Normal
1067,2022-11-18,6,Vendor_29,10602.12,Emergency Year-end Fund Utilization,11,1,Normal
1068,2019-10-07,1,Vendor_21,2866.14,Standard operational expense,10,1,Normal
1069,2018-08-30,7,Vendor_47,10836.43,Standard operational expense,8,1,Normal
1070,2022-06-08,3,Vendor_69,1745.43,Standard operational expense,6,1,Normal
1071,2021-02-26,4,Vendor_27,13875.96,Standard operational expense,2,1,Normal
1072,2024-06-17,2,Vendor_21,8079.75,Standard operational expense,6,1,Normal
1073,2018-03-02,7,Vendor_88,1241.87,Standard operational expense,3,1,Normal
1074,2024-01-10,5,Vendor_32,4686.16,Standard operational expense,1,1,Normal
1075,2019-07-21,8,Vendor_49,11816.73,Standard operational expense,7,1,Normal
1076,2018-11-10,7,Vendor_85,3553.58,Standard operational expense,11,1,Normal
1077,2018-10-12,6,Vendor_35,50071.38,Emergency Year-end Fund Utilization,10,1,Normal
1078,2019-10-24,1,Vendor_42,12896.37,Standard operational expense,10,1,Normal
1079,2018-03-28,1,Vendor_80,5237.24,Standard operational expense,3,1,Normal
1080,2024-09-27,1,Vendor_73,297.44,Standard operational expense,9,1,Normal
1081,2021-08-01,7,Vendor_13,10137.32,Standard operational expense,8,1,Normal
1082,2019-05-10,8,Vendor_17,1851.51,Standard operational expense,5,1,Normal
1083,2019-08-20,2,Vendor_18,8025.15,Standard operational expense,8,1,Normal
1084,2022-12-07,6,Vendor_30,48998.46,Emergency Year-end Fund Utilization,12,1,Normal
1085,2019-12-22,6,Vendor_42,2569.65,Standard operational expense,12,1,Normal
1086,2019-11-04,6,Vendor_36,11461.68,Emergency Year-end Fund Utilization,11,1,Normal
1087,2019-11-05,1,Vendor_11,3257.23,Standard operational expense,11,1,Normal
1088,2024-03-03,7,Vendor_19,960.21,Standard operational expense,3,1,Normal
1089,2023-12-06,7,Vendor_24,11265.92,Standard operational expense,12,1,Normal
1090,2024-08-07,5,Vendor_33,6279.56,Standard operational expense,8,1,Normal
1091,2018-01-19,3,Vendor_47,10476.8,Standard operational expense,1,1,Normal
1092,2020-09-28,1,Vendor_98,3134.64,Standard operational expense,9,1,Normal
1093,2022-03-03,5,Vendor_34,13070.85,Standard operational expense,3,1,Normal
1094,2018-04-03,8,Vendor_48,14182.2,Standard operational expense,4,1,Normal
1095,2021-12-27,5,Vendor_29,1846.34,Standard operational expense,12,1,Normal
1096,2018-10-22,8,Vendor_17,14708.49,Standard operational expense,10,1,Normal
1097,2018-03-12,5,Vendor_49,5938.7,Standard operational expense,3,1,Normal
1098,2020-10-27,2,Vendor_53,7666.3,Standard operational expense,10,1,Normal
1099,2018-07-12,1,Vendor_43,9208.92,Standard operational expense,7,1,Normal
1100,2018-09-08,5,Vendor_29,6180.97,Standard operational expense,9,1,Normal
1101,2023-07-20,8,Vendor_16,10748.15,Standard operational expense,7,1,Normal
1102,2023-12-17,6,Vendor_56,65275.86,Emergency Year-end Fund Utilization,12,1,Normal
1103,2019-11-11,6,Vendor_51,75993.36,Emergency Year-end Fund Utilization,11,-1,Anomaly
1104,2021-12-06,6,Vendor_19,46244.22,Emergency Year-end Fund Utilization,12,1,Normal
1105,2020-08-19,1,Vendor_3,13250.14,Standard operational expense,8,1,Normal
1106,2018-05-19,5,Vendor_57,6205.11,Standard operational expense,5,1,Normal
1107,2021-06-09,2,Vendor_48,13536.43,Standard operational expense,6,1,Normal
1108,2018-07-13,8,Vendor_6,725.58,Standard operational expense,7,1,Normal
1109,2024-02-11,8,Vendor_92,14524.18,Standard operational expense,2,1,Normal
1110,2023-12-04,1,Vendor_82,14727.44,Standard operational expense,12,1,Normal
1111,2024-07-08,5,Vendor_20,14839.34,Standard operational expense,7,1,Normal
1112,2023-06-07,5,Vendor_93,8429.98,Standard operational expense,6,1,Normal
1113,2024-06-28,3,Vendor_78,1143.05,Standard operational expense,6,1,Normal
1114,2023-01-30,8,Vendor_62,1123.83,Standard operational expense,1,1,Normal
1115,2019-10-06,3,Vendor_75,5605.28,Standard operational expense,10,1,Normal
1116,2023-11-14,3,Vendor_2,5750.48,Standard operational expense,11,1,Normal
1117,2020-12-21,8,Vendor_92,7311.44,Standard operational expense,12,1,Normal
1118,2019-11-02,4,Vendor_79,1521.04,Standard operational expense,11,1,Normal
1119,2020-12-07,1,Vendor_73,8757.12,Standard operational expense,12,1,Normal
1120,2018-09-07,2,Vendor_45,11751.2,Standard operational expense,9,1,Normal
1121,2023-01-28,7,Vendor_81,10194.35,Standard operational expense,1,1,Normal
1122,2024-12-07,3,Vendor_29,9345.06,Standard operational expense,12,1,Normal
1123,2019-08-06,4,Vendor_92,3005.13,Standard operational expense,8,1,Normal
1124,2023-04-10,5,Vendor_16,2464.32,Standard operational expense,4,1,Normal
1125,2020-09-17,3,Vendor_90,6554.13,Standard operational expense,9,1,Normal
1126,2020-03-14,2,Vendor_86,8724.22,Standard operational expense,3,1,Normal
1127,2022-09-02,5,Vendor_54,10774.32,Standard operational expense,9,1,Normal
1128,2019-09-08,3,Vendor_59,2862.05,Standard operational expense,9,1,Normal
1129,2024-11-15,6,Vendor_10,78256.38,Emergency Year-end Fund Utilization,11,-1,Anomaly
1130,2024-06-05,3,Vendor_81,2900.01,Standard operational expense,6,1,Normal
1131,2024-09-09,3,Vendor_18,12345.28,Standard operational expense,9,1,Normal
1132,2021-10-24,8,Vendor_67,8285.21,Standard operational expense,10,1,Normal
1133,2023-10-10,1,Vendor_96,7977.99,Standard operational expense,10,1,Normal
1134,2018-06-05,5,Vendor_13,10450.15,Standard operational expense,6,1,Normal
1135,2020-07-11,4,Vendor_74,12374.13,Standard operational expense,7,1,Normal
1136,2020-09-01,7,Vendor_23,11692.58,Standard operational expense,9,1,Normal
1137,2020-04-17,8,Vendor_84,1416.94,Standard operational expense,4,1,Normal
1138,2018-07-23,1,Vendor_1,6541.96,Standard operational expense,7,1,Normal
1139,2020-12-29,5,Vendor_35,13199.87,Standard operational expense,12,1,Normal
1140,2022-06-03,5,Vendor_46,9487.59,Standard operational expense,6,1,Normal
1141,2019-11-21,8,Vendor_56,4913.11,Standard operational expense,11,1,Normal
1142,2019-01-01,3,Vendor_29,7761.6,Standard operational expense,1,1,Normal
1143,2019-03-31,8,Vendor_18,10034.9,Standard operational expense,3,1,Normal
1144,2024-07-06,1,Vendor_38,8692.87,Standard operational expense,7,1,Normal
1145,2023-09-06,4,Vendor_61,13556.1,Standard operational expense,9,1,Normal
1146,2021-01-19,8,Vendor_67,10146.46,Standard operational expense,1,1,Normal
1147,2018-12-31,3,Vendor_15,3698.3,Standard operational expense,12,1,Normal
1148,2024-04-19,5,Vendor_75,2038.2,Standard operational expense,4,1,Normal
1149,2019-10-06,6,Vendor_48,51216.54,Emergency Year-end Fund Utilization,10,1,Normal
1150,2024-12-23,3,Vendor_31,334.57,Standard operational expense,12,1,Normal
1151,2024-11-14,8,Vendor_96,9393.77,Standard operational expense,11,1,Normal
1152,2023-05-06,7,Vendor_58,12573.08,Standard operational expense,5,1,Normal
1153,2019-05-30,8,Vendor_10,6280.75,Standard operational expense,5,1,Normal
1154,2018-12-05,1,Vendor_29,1132.99,Standard operational expense,12,1,Normal
1155,2019-01-18,3,Vendor_74,6690.18,Standard operational expense,1,1,Normal
1156,2019-07-27,3,Vendor_48,8724.72,Standard operational expense,7,1,Normal
1157,2024-03-08,7,Vendor_98,13929.91,Standard operational expense,3,1,Normal
1158,2021-08-31,5,Vendor_12,14934.9,Standard operational expense,8,1,Normal
1159,2022-05-05,4,Vendor_42,12929.57,Standard operational expense,5,1,Normal
1160,2023-12-16,6,Vendor_11,5369.34,Emergency Year-end Fund Utilization,12,1,Normal
1161,2024-02-15,2,Vendor_54,5500.23,Standard operational expense,2,1,Normal
1162,2022-10-12,8,Vendor_21,14131.21,Standard operational expense,10,1,Normal
1163,2020-07-28,5,Vendor_59,910.42,Standard operational expense,7,1,Normal
1164,2020-11-06,6,Vendor_83,25210.74,Emergency Year-end Fund Utilization,11,1,Normal
1165,2020-04-12,8,Vendor_65,12172.85,Standard operational expense,4,1,Normal
1166,2022-08-06,8,Vendor_86,10606.57,Standard operational expense,8,1,Normal
1167,2018-11-09,6,Vendor_20,15773.7,Emergency Year-end Fund Utilization,11,1,Normal
1168,2019-03-10,8,Vendor_59,472.0,Standard operational expense,3,1,Normal
1169,2020-12-02,7,Vendor_20,12588.51,Standard operational expense,12,1,Normal
1170,2024-01-23,3,Vendor_90,9621.58,Standard operational expense,1,1,Normal
1171,2021-01-22,5,Vendor_37,2390.0,Standard operational expense,1,1,Normal
1172,2020-11-01,6,Vendor_54,58046.46,Emergency Year-end Fund Utilization,11,1,Normal
1173,2022-05-30,8,Vendor_43,1514.14,Standard operational expense,5,1,Normal
1174,2020-11-18,8,Vendor_81,3538.84,Standard operational expense,11,1,Normal
1175,2019-10-02,4,Vendor_16,13226.5,Standard operational expense,10,1,Normal
1176,2020-11-22,6,Vendor_80,53951.81999999999,Emergency Year-end Fund Utilization,11,1,Normal
1177,2020-08-12,7,Vendor_27,10283.46,Standard operational expense,8,1,Normal
1178,2021-04-19,7,Vendor_73,4369.14,Standard operational expense,4,1,Normal
1179,2018-06-28,4,Vendor_81,3321.78,Standard operational expense,6,1,Normal
1180,2022-11-10,7,Vendor_8,14603.4,Standard operational expense,11,1,Normal
1181,2021-05-15,7,Vendor_20,11661.08,Standard operational expense,5,1,Normal
1182,2024-08-24,7,Vendor_12,6587.37,Standard operational expense,8,1,Normal
1183,2020-08-02,1,Vendor_94,12802.96,Standard operational expense,8,1,Normal
1184,2020-07-13,3,Vendor_98,8322.97,Standard operational expense,7,1,Normal
1185,2023-05-24,7,Vendor_34,3240.82,Standard operational expense,5,1,Normal
1186,2020-02-02,4,Vendor_88,922.82,Standard operational expense,2,1,Normal
1187,2020-06-24,8,Vendor_84,2595.62,Standard operational expense,6,1,Normal
1188,2023-08-03,8,Vendor_56,1805.03,Standard operational expense,8,1,Normal
1189,2023-04-27,8,Vendor_64,3188.37,Standard operational expense,4,1,Normal
1190,2020-06-22,5,Vendor_60,3564.34,Standard operational expense,6,1,Normal
1191,2019-10-12,7,Vendor_36,5547.38,Standard operational expense,10,1,Normal
1192,2019-09-29,5,Vendor_26,1032.22,Standard operational expense,9,1,Normal
1193,2021-09-23,8,Vendor_88,1239.55,Standard operational expense,9,1,Normal
1194,2018-01-31,7,Vendor_46,10629.47,Standard operational expense,1,1,Normal
1195,2023-11-14,6,Vendor_10,2143.51,Standard operational expense,11,1,Normal
1196,2021-12-18,8,Vendor_99,2246.77,Standard operational expense,12,1,Normal
1197,2023-05-18,8,Vendor_87,2696.23,Standard operational expense,5,1,Normal
1198,2020-09-17,2,Vendor_53,12353.48,Standard operational expense,9,1,Normal
1199,2024-02-10,2,Vendor_13,6930.63,Standard operational expense,2,1,Normal
1200,2021-01-17,8,Vendor_76,8253.84,Standard operational expense,1,1,Normal
1201,2020-07-24,1,Vendor_15,12946.82,Standard operational expense,7,1,Normal
1202,2023-06-22,7,Vendor_13,1982.71,Standard operational expense,6,1,Normal
1203,2024-09-06,8,Vendor_91,5634.86,Standard operational expense,9,1,Normal
1204,2021-01-10,5,Vendor_63,11150.46,Standard operational expense,1,1,Normal
1205,2021-05-19,4,Vendor_99,5484.92,Standard operational expense,5,1,Normal
1206,2018-02-17,2,Vendor_39,1936.17,Standard operational expense,2,1,Normal
1207,2018-07-06,1,Vendor_13,7756.38,Standard operational expense,7,1,Normal
1208,2020-04-28,1,Vendor_83,2714.83,Standard operational expense,4,1,Normal
1209,2022-06-01,1,Vendor_14,7742.17,Standard operational expense,6,1,Normal
1210,2022-12-14,6,Vendor_39,21146.52,Emergency Year-end Fund Utilization,12,1,Normal
1211,2020-12-31,1,Vendor_59,11149.88,Standard operational expense,12,1,Normal
1212,2024-12-08,7,Vendor_92,8606.07,Standard operational expense,12,1,Normal
1213,2018-12-24,6,Vendor_3,76970.94,Emergency Year-end Fund Utilization,12,-1,Anomaly
1214,2021-12-09,6,Vendor_22,74418.54000000001,Emergency Year-end Fund Utilization,12,-1,Anomaly
1215,2024-10-05,8,Vendor_62,8425.61,Standard operational expense,10,1,Normal
1216,2024-12-07,6,Vendor_99,34084.62,Emergency Year-end Fund Utilization,12,1,Normal
1217,2019-01-22,8,Vendor_49,1396.56,Standard operational expense,1,1,Normal
1218,2020-04-06,7,Vendor_69,8641.03,Standard operational expense,4,1,Normal
1219,2018-11-04,1,Vendor_31,476.04,Standard operational expense,11,1,Normal
1220,2020-02-05,5,Vendor_22,13123.67,Standard operational expense,2,1,Normal
1221,2024-09-01,5,Vendor_42,9389.82,Standard operational expense,9,1,Normal
1222,2018-10-03,4,Vendor_54,11278.96,Standard operational expense,10,1,Normal
1223,2019-04-26,1,Vendor_17,5333.17,Standard operational expense,4,1,Normal
1224,2021-09-13,2,Vendor_23,14232.69,Standard operational expense,9,1,Normal
1225,2018-11-24,8,Vendor_59,13875.38,Standard operational expense,11,1,Normal
1226,2020-02-20,7,Vendor_28,195.88,Standard operational expense,2,1,Normal
1227,2022-02-05,5,Vendor_2,2401.93,Standard operational expense,2,1,Normal
1228,2019-12-23,7,Vendor_13,8993.97,Standard operational expense,12,1,Normal
1229,2019-05-13,5,Vendor_82,10651.02,Standard operational expense,5,1,Normal
1230,2021-04-09,5,Vendor_55,11467.11,Standard operational expense,4,1,Normal
1231,2022-01-30,4,Vendor_52,10083.48,Standard operational expense,1,1,Normal
1232,2024-12-01,5,Vendor_52,848.62,Standard operational expense,12,1,Normal
1233,2019-02-21,1,Vendor_54,6628.86,Standard operational expense,2,1,Normal
1234,2021-10-22,1,Vendor_75,11960.51,Standard operational expense,10,1,Normal
1235,2021-01-26,8,Vendor_15,3638.43,Standard operational expense,1,1,Normal
1236,2023-12-28,1,Vendor_57,11623.38,Standard operational expense,12,1,Normal
1237,2018-03-13,3,Vendor_65,2685.09,Standard operational expense,3,1,Normal
1238,2023-11-25,8,Vendor_11,3077.63,Standard operational expense,11,1,Normal
1239,2024-05-09,1,Vendor_93,3630.31,Standard operational expense,5,1,Normal
1240,2022-10-15,5,Vendor_56,12542.48,Standard operational expense,10,1,Normal
1241,2019-11-18,6,Vendor_37,6515.16,Emergency Year-end Fund Utilization,11,1,Normal
1242,2019-05-08,8,Vendor_72,6523.57,Standard operational expense,5,1,Normal
1243,2021-06-10,1,Vendor_11,3592.94,Standard operational expense,6,1,Normal
1244,2020-03-27,5,Vendor_63,14426.24,Standard operational expense,3,1,Normal
1245,2018-04-14,3,Vendor_17,9592.71,Standard operational expense,4,1,Normal
1246,2020-10-26,3,Vendor_28,2965.42,Standard operational expense,10,1,Normal
1247,2022-04-23,7,Vendor_68,9034.45,Standard operational expense,4,1,Normal
1248,2024-02-03,3,Vendor_13,5162.58,Standard operational expense,2,1,Normal
1249,2018-11-04,2,Vendor_60,10769.14,Standard operational expense,11,1,Normal
1250,2022-02-26,3,Vendor_99,4747.0,Standard operational expense,2,1,Normal
1251,2022-11-09,8,Vendor_28,4766.13,Standard operational expense,11,1,Normal
1252,2020-06-15,2,Vendor_40,5216.46,Standard operational expense,6,1,Normal
1253,2024-10-30,4,Vendor_80,2867.42,Standard operational expense,10,1,Normal
1254,2024-08-14,4,Vendor_27,3057.52,Standard operational expense,8,1,Normal
1255,2018-05-17,7,Vendor_76,2525.59,Standard operational expense,5,1,Normal
1256,2024-11-24,7,Vendor_25,14524.34,Standard operational expense,11,1,Normal
1257,2022-05-22,2,Vendor_73,174.9,Standard operational expense,5,1,Normal
1258,2021-07-29,4,Vendor_10,11332.63,Standard operational expense,7,1,Normal
1259,2018-06-01,5,Vendor_27,1810.47,Standard operational expense,6,1,Normal
1260,2024-11-16,1,Vendor_76,202.48,Standard operational expense,11,1,Normal
1261,2018-04-15,5,Vendor_47,3816.93,Standard operational expense,4,1,Normal
1262,2024-01-19,7,Vendor_84,13280.34,Standard operational expense,1,1,Normal
1263,2018-05-20,7,Vendor_48,4496.58,Standard operational expense,5,1,Normal
1264,2024-02-09,8,Vendor_89,4147.33,Standard operational expense,2,1,Normal
1265,2022-10-19,6,Vendor_21,84655.74,Emergency Year-end Fund Utilization,10,-1,Anomaly
1266,2020-09-11,4,Vendor_86,12481.14,Standard operational expense,9,1,Normal
1267,2022-12-05,6,Vendor_38,44032.08,Emergency Year-end Fund Utilization,12,1,Normal
1268,2022-11-24,7,Vendor_52,14253.51,Standard operational expense,11,1,Normal
1269,2020-11-27,6,Vendor_88,57122.100000000006,Emergency Year-end Fund Utilization,11,1,Normal
1270,2020-06-07,2,Vendor_47,8245.77,Standard operational expense,6,1,Normal
1271,2019-04-16,4,Vendor_21,8763.11,Standard operational expense,4,1,Normal
1272,2020-10-24,6,Vendor_64,47368.98,Emergency Year-end Fund Utilization,10,1,Normal
1273,2023-06-10,8,Vendor_89,6052.83,Standard operational expense,6,1,Normal
1274,2020-10-05,8,Vendor_61,12415.61,Standard operational expense,10,1,Normal
1275,2018-07-11,5,Vendor_53,1571.18,Standard operational expense,7,1,Normal
1276,2018-11-07,5,Vendor_93,1868.77,Standard operational expense,11,1,Normal
1277,2019-08-08,3,Vendor_65,8963.23,Standard operational expense,8,1,Normal
1278,2018-12-26,4,Vendor_11,9292.47,Standard operational expense,12,1,Normal
1279,2023-07-05,4,Vendor_90,1638.65,Standard operational expense,7,1,Normal
1280,2020-06-09,8,Vendor_61,4515.73,Standard operational expense,6,1,Normal
1281,2022-01-01,4,Vendor_73,14755.15,Standard operational expense,1,1,Normal
1282,2019-09-07,7,Vendor_56,11752.56,Standard operational expense,9,1,Normal
1283,2019-11-05,7,Vendor_89,1823.95,Standard operational expense,11,1,Normal
1284,2022-05-31,1,Vendor_40,6923.14,Standard operational expense,5,1,Normal
1285,2022-06-25,7,Vendor_63,8659.11,Standard operational expense,6,1,Normal
1286,2021-12-20,5,Vendor_22,11203.17,Standard operational expense,12,1,Normal
1287,2019-11-09,3,Vendor_8,5327.2,Standard operational expense,11,1,Normal
1288,2022-12-14,1,Vendor_13,8403.93,Standard operational expense,12,1,Normal
1289,2019-10-19,6,Vendor_78,7053.73,Standard operational expense,10,1,Normal
1290,2019-10-09,6,Vendor_14,51172.5,Emergency Year-end Fund Utilization,10,1,Normal
1291,2021-06-16,8,Vendor_54,12145.25,Standard operational expense,6,1,Normal
1292,2018-09-26,1,Vendor_35,4208.79,Standard operational expense,9,1,Normal
1293,2020-12-19,6,Vendor_58,10220.07,Standard operational expense,12,1,Normal
1294,2019-02-11,1,Vendor_47,9065.06,Standard operational expense,2,1,Normal
1295,2020-09-12,4,Vendor_59,3821.61,Standard operational expense,9,1,Normal
1296,2022-01-11,2,Vendor_17,14570.15,Standard operational expense,1,1,Normal
1297,2021-12-24,6,Vendor_7,76130.70000000001,Emergency Year-end Fund Utilization,12,-1,Anomaly
1298,2024-08-28,4,Vendor_19,1833.74,Standard operational expense,8,1,Normal
1299,2019-07-29,3,Vendor_35,756.2,Standard operational expense,7,1,Normal
1300,2024-10-02,3,Vendor_35,3549.05,Standard operational expense,10,1,Normal
1301,2023-12-10,8,Vendor_24,797.11,Standard operational expense,12,1,Normal
1302,2021-09-02,5,Vendor_50,5664.52,Standard operational expense,9,1,Normal
1303,2020-12-24,3,Vendor_13,5387.98,Standard operational expense,12,1,Normal
1304,2021-11-08,6,Vendor_79,25462.08,Emergency Year-end Fund Utilization,11,1,Normal
1305,2022-11-10,6,Vendor_59,2808.51,Standard operational expense,11,1,Normal
1306,2022-10-10,4,Vendor_4,13618.01,Standard operational expense,10,1,Normal
1307,2019-03-05,2,Vendor_66,2606.23,Standard operational expense,3,1,Normal
1308,2021-08-03,3,Vendor_24,3547.57,Standard operational expense,8,1,Normal
1309,2018-06-20,7,Vendor_45,14375.96,Standard operational expense,6,1,Normal
1310,2020-08-19,8,Vendor_57,848.2,Standard operational expense,8,1,Normal
1311,2022-12-27,6,Vendor_69,48097.68,Emergency Year-end Fund Utilization,12,1,Normal
1312,2019-02-27,4,Vendor_45,6714.17,Standard operational expense,2,1,Normal
1313,2019-11-06,6,Vendor_4,48902.52,Emergency Year-end Fund Utilization,11,1,Normal
1314,2023-08-16,8,Vendor_15,6563.18,Standard operational expense,8,1,Normal
1315,2021-12-18,2,Vendor_74,7760.02,Standard operational expense,12,1,Normal
1316,2021-11-15,6,Vendor_63,29673.9,Emergency Year-end Fund Utilization,11,1,Normal
1317,2020-04-14,2,Vendor_17,195.05,Standard operational expense,4,1,Normal
1318,2021-11-12,7,Vendor_41,5987.81,Standard operational expense,11,1,Normal
1319,2020-09-05,5,Vendor_70,12872.16,Standard operational expense,9,1,Normal
1320,2021-05-01,4,Vendor_11,5795.56,Standard operational expense,5,1,Normal
1321,2020-08-30,3,Vendor_9,11724.82,Standard operational expense,8,1,Normal
1322,2023-10-25,7,Vendor_18,6948.8,Standard operational expense,10,1,Normal
1323,2023-12-01,3,Vendor_23,14084.09,Standard operational expense,12,1,Normal
1324,2019-12-15,3,Vendor_69,13318.08,Standard operational expense,12,1,Normal
1325,2021-07-03,7,Vendor_28,6316.18,Standard operational expense,7,1,Normal
1326,2023-07-11,5,Vendor_25,8524.76,Standard operational expense,7,1,Normal
1327,2022-11-26,6,Vendor_58,65346.36,Emergency Year-end Fund Utilization,11,1,Normal
1328,2019-08-29,7,Vendor_25,12093.96,Standard operational expense,8,1,Normal
1329,2021-09-19,3,Vendor_98,9076.5,Standard operational expense,9,1,Normal
1330,2022-12-07,3,Vendor_85,3601.41,Standard operational expense,12,1,Normal
1331,2024-11-11,6,Vendor_81,87737.34,Emergency Year-end Fund Utilization,11,-1,Anomaly
1332,2022-10-15,6,Vendor_76,78235.79999999999,Emergency Year-end Fund Utilization,10,-1,Anomaly
1333,2023-12-09,2,Vendor_75,13911.05,Standard operational expense,12,1,Normal
1334,2020-02-23,1,Vendor_99,244.33,Standard operational expense,2,1,Normal
1335,2020-10-09,3,Vendor_6,8790.46,Standard operational expense,10,1,Normal
1336,2020-08-10,4,Vendor_48,4774.23,Standard operational expense,8,1,Normal
1337,2024-06-03,4,Vendor_4,5525.28,Standard operational expense,6,1,Normal
1338,2022-11-17,2,Vendor_27,1022.1,Standard operational expense,11,1,Normal
1339,2024-05-19,7,Vendor_7,4145.23,Standard operational expense,5,1,Normal
1340,2023-03-18,7,Vendor_12,8293.04,Standard operational expense,3,1,Normal
1341,2018-10-10,6,Vendor_63,15202.32,Emergency Year-end Fund Utilization,10,1,Normal
1342,2018-09-10,1,Vendor_85,3468.58,Standard operational expense,9,1,Normal
1343,2019-06-04,5,Vendor_36,1439.75,Standard operational expense,6,1,Normal
1344,2019-09-22,5,Vendor_30,9434.21,Standard operational expense,9,1,Normal
1345,2024-10-15,6,Vendor_52,67870.68000000001,Emergency Year-end Fund Utilization,10,1,Normal
1346,2021-11-05,5,Vendor_15,10940.19,Standard operational expense,11,1,Normal
1347,2018-08-16,7,Vendor_19,7996.11,Standard operational expense,8,1,Normal
1348,2019-04-06,2,Vendor_37,3207.97,Standard operational expense,4,1,Normal
1349,2023-09-06,7,Vendor_20,2393.11,Standard operational expense,9,1,Normal
1350,2024-10-16,6,Vendor_2,31582.38,Emergency Year-end Fund Utilization,10,1,Normal
1351,2018-08-12,8,Vendor_54,2652.29,Standard operational expense,8,1,Normal
1352,2018-02-14,3,Vendor_13,10487.74,Standard operational expense,2,1,Normal
1353,2020-11-22,6,Vendor_22,23828.64,Emergency Year-end Fund Utilization,11,1,Normal
1354,2019-11-23,4,Vendor_73,4747.49,Standard operational expense,11,1,Normal
1355,2023-12-17,6,Vendor_79,22103.52,Emergency Year-end Fund Utilization,12,1,Normal
1356,2024-10-24,4,Vendor_4,10129.07,Standard operational expense,10,1,Normal
1357,2023-02-17,5,Vendor_75,2429.12,Standard operational expense,2,1,Normal
1358,2018-10-05,2,Vendor_44,620.59,Standard operational expense,10,1,Normal
1359,2022-12-31,5,Vendor_95,14889.47,Standard operational expense,12,1,Normal
1360,2023-12-23,4,Vendor_94,14661.47,Standard operational expense,12,1,Normal
1361,2021-03-28,8,Vendor_85,11448.97,Standard operational expense,3,1,Normal
1362,2021-04-27,7,Vendor_53,4412.65,Standard operational expense,4,1,Normal
1363,2018-10-15,2,Vendor_10,6571.99,Standard operational expense,10,1,Normal
1364,2018-05-10,2,Vendor_17,5021.24,Standard operational expense,5,1,Normal
1365,2023-03-03,8,Vendor_39,9708.43,Standard operational expense,3,1,Normal
1366,2018-09-02,7,Vendor_1,10367.41,Standard operational expense,9,1,Normal
1367,2020-06-25,7,Vendor_71,1583.24,Standard operational expense,6,1,Normal
1368,2021-12-04,7,Vendor_95,12293.87,Standard operational expense,12,1,Normal
1369,2021-10-03,8,Vendor_92,4481.61,Standard operational expense,10,1,Normal
1370,2021-04-19,2,Vendor_24,11892.81,Standard operational expense,4,1,Normal
1371,2021-02-05,3,Vendor_40,1976.73,Standard operational expense,2,1,Normal
1372,2020-03-28,3,Vendor_67,14460.97,Standard operational expense,3,1,Normal
1373,2018-01-12,3,Vendor_54,10179.61,Standard operational expense,1,1,Normal
1374,2019-10-18,2,Vendor_30,8672.85,Standard operational expense,10,1,Normal
1375,2022-12-11,6,Vendor_96,13419.54,Emergency Year-end Fund Utilization,12,1,Normal
1376,2020-02-17,4,Vendor_97,14151.62,Standard operational expense,2,1,Normal
1377,2020-04-24,8,Vendor_42,11231.47,Standard operational expense,4,1,Normal
1378,2024-06-08,5,Vendor_22,9791.34,Standard operational expense,6,1,Normal
1379,2018-07-04,4,Vendor_27,10550.61,Standard operational expense,7,1,Normal
1380,2022-04-26,8,Vendor_90,5185.65,Standard operational expense,4,1,Normal
1381,2023-08-22,8,Vendor_90,1983.16,Standard operational expense,8,1,Normal
1382,2018-07-20,2,Vendor_98,1315.82,Standard operational expense,7,1,Normal
1383,2022-09-08,4,Vendor_66,7292.43,Standard operational expense,9,1,Normal
1384,2018-11-17,3,Vendor_24,8267.36,Standard operational expense,11,1,Normal
1385,2023-07-31,3,Vendor_57,9537.83,Standard operational expense,7,1,Normal
1386,2021-01-06,2,Vendor_12,851.21,Standard operational expense,1,1,Normal
1387,2023-12-13,7,Vendor_10,7554.15,Standard operational expense,12,1,Normal
1388,2023-03-08,2,Vendor_34,1999.54,Standard operational expense,3,1,Normal
1389,2021-02-25,2,Vendor_70,6158.2,Standard operational expense,2,1,Normal
1390,2018-02-05,5,Vendor_78,4470.97,Standard operational expense,2,1,Normal
1391,2021-10-11,8,Vendor_33,11903.65,Standard operational expense,10,1,Normal
1392,2018-06-13,4,Vendor_67,14194.28,Standard operational expense,6,1,Normal
1393,2019-10-25,8,Target_Vendor_A,21000.0,Project Alpha Phase 1,10,1,Normal
1394,2020-08-22,4,Vendor_78,4954.77,Standard operational expense,8,1,Normal
1395,2023-12-06,6,Vendor_16,65752.74,Emergency Year-end Fund Utilization,12,1,Normal
1396,2021-09-22,5,Vendor_61,12575.22,Standard operational expense,9,1,Normal
1397,2022-10-01,6,Vendor_44,2105.19,Standard operational expense,10,1,Normal
1398,2019-11-12,6,Vendor_98,13784.12,Standard operational expense,11,1,Normal
1399,2023-11-27,3,Vendor_78,6090.21,Standard operational expense,11,1,Normal
1400,2020-04-26,3,Vendor_31,100.46,Standard operational expense,4,1,Normal
1401,2021-10-10,1,Vendor_54,8359.91,Standard operational expense,10,1,Normal
1402,2024-02-16,7,Vendor_13,12247.62,Standard operational expense,2,1,Normal
1403,2024-04-17,4,Vendor_73,8529.6,Standard operational expense,4,1,Normal
1404,2018-11-22,7,Vendor_22,8278.2,Standard operational expense,11,1,Normal
1405,2023-06-09,5,Vendor_91,14833.65,Standard operational expense,6,1,Normal
1406,2023-10-21,7,Vendor_44,7252.71,Standard operational expense,10,1,Normal
1407,2023-02-22,8,Vendor_54,2735.76,Standard operational expense,2,1,Normal
1408,2021-09-29,3,Vendor_90,8024.89,Standard operational expense,9,1,Normal
1409,2022-05-01,3,Vendor_58,12205.86,Standard operational expense,5,1,Normal
1410,2018-05-09,1,Vendor_84,7386.63,Standard operational expense,5,1,Normal
1411,2018-01-08,5,Vendor_33,10450.34,Standard operational expense,1,1,Normal
1412,2023-12-19,4,Vendor_91,2012.06,Standard operational expense,12,1,Normal
1413,2024-03-09,5,Vendor_39,3925.48,Standard operational expense,3,1,Normal
1414,2022-12-01,3,Vendor_91,7549.39,Standard operational expense,12,1,Normal
1415,2018-06-20,5,Vendor_57,10138.16,Standard operational expense,6,1,Normal
1416,2021-01-14,4,Vendor_53,6701.2,Standard operational expense,1,1,Normal
1417,2020-12-02,3,Vendor_72,3467.89,Standard operational expense,12,1,Normal
1418,2020-05-07,8,Vendor_23,4305.71,Standard operational expense,5,1,Normal
1419,2018-10-26,5,Vendor_20,8166.48,Standard operational expense,10,1,Normal
1420,2024-10-23,3,Vendor_51,12503.02,Standard operational expense,10,1,Normal
1421,2020-02-19,7,Vendor_78,8210.74,Standard operational expense,2,1,Normal
1422,2022-12-08,2,Vendor_11,4505.41,Standard operational expense,12,1,Normal
1423,2019-03-03,3,Vendor_46,10370.73,Standard operational expense,3,1,Normal
1424,2023-10-22,6,Vendor_92,58973.7,Emergency Year-end Fund Utilization,10,1,Normal
1425,2022-05-20,3,Vendor_59,12167.87,Standard operational expense,5,1,Normal
1426,2023-10-01,6,Vendor_7,13415.17,Standard operational expense,10,1,Normal
1427,2018-09-24,7,Vendor_25,7046.11,Standard operational expense,9,1,Normal
1428,2023-11-02,6,Vendor_51,30754.86,Emergency Year-end Fund Utilization,11,1,Normal
1429,2022-07-11,5,Vendor_88,411.92,Standard operational expense,7,1,Normal
1430,2019-12-21,1,Vendor_54,14630.18,Standard operational expense,12,1,Normal
1431,2023-12-04,6,Vendor_96,9458.98,Standard operational expense,12,1,Normal
1432,2024-06-10,7,Vendor_11,6867.34,Standard operational expense,6,1,Normal
1433,2022-01-01,1,Vendor_23,3838.1,Standard operational expense,1,1,Normal
1434,2020-01-17,7,Vendor_25,5249.81,Standard operational expense,1,1,Normal
1435,2020-12-13,5,Vendor_36,5155.65,Standard operational expense,12,1,Normal
1436,2024-07-09,3,Vendor_17,9905.72,Standard operational expense,7,1,Normal
1437,2019-12-21,6,Vendor_93,5385.46,Standard operational expense,12,1,Normal
1438,2019-11-16,7,Vendor_89,6836.09,Standard operational expense,11,1,Normal
1439,2020-10-20,6,Vendor_47,35222.340000000004,Emergency Year-end Fund Utilization,10,1,Normal
1440,2018-09-01,2,Vendor_87,1015.55,Standard operational expense,9,1,Normal
1441,2024-03-14,2,Vendor_81,10984.34,Standard operational expense,3,1,Normal
1442,2021-04-07,2,Vendor_7,7213.5,Standard operational expense,4,1,Normal
1443,2022-02-28,5,Vendor_91,1757.01,Standard operational expense,2,1,Normal
1444,2020-03-30,1,Vendor_53,1989.68,Standard operational expense,3,1,Normal
1445,2021-04-26,2,Vendor_4,667.49,Standard operational expense,4,1,Normal
1446,2019-11-26,6,Vendor_1,5835.72,Emergency Year-end Fund Utilization,11,1,Normal
1447,2023-10-20,6,Vendor_61,5518.32,Standard operational expense,10,1,Normal
1448,2018-10-18,8,Vendor_83,5247.66,Standard operational expense,10,1,Normal
1449,2024-05-28,2,Vendor_43,7996.56,Standard operational expense,5,1,Normal
1450,2021-07-30,8,Vendor_18,13629.48,Standard operational expense,7,1,Normal
1451,2021-03-25,4,Vendor_99,13193.66,Standard operational expense,3,1,Normal
1452,2019-07-13,3,Vendor_4,6548.3,Standard operational expense,7,1,Normal
1453,2019-02-25,1,Vendor_46,7902.58,Standard operational expense,2,1,Normal
1454,2021-07-25,3,Vendor_12,11892.01,Standard operational expense,7,1,Normal
1455,2024-03-19,4,Vendor_53,11773.7,Standard operational expense,3,1,Normal
1456,2018-09-12,7,Vendor_58,10209.52,Standard operational expense,9,1,Normal
1457,2023-02-25,7,Vendor_6,4952.7,Standard operational expense,2,1,Normal
1458,2019-08-05,4,Vendor_86,700.25,Standard operational expense,8,1,Normal
1459,2018-01-19,5,Vendor_30,6397.57,Standard operational expense,1,1,Normal
1460,2023-09-12,2,Vendor_94,12164.16,Standard operational expense,9,1,Normal
1461,2018-06-04,7,Vendor_21,14739.57,Standard operational expense,6,1,Normal
1462,2020-04-23,7,Vendor_62,3477.69,Standard operational expense,4,1,Normal
1463,2018-09-28,2,Vendor_44,9694.95,Standard operational expense,9,1,Normal
1464,2018-10-01,3,Vendor_82,2920.33,Standard operational expense,10,1,Normal
1465,2022-11-07,6,Vendor_33,3323.36,Standard operational expense,11,1,Normal
1466,2024-08-08,3,Vendor_11,3033.63,Standard operational expense,8,1,Normal
1467,2019-08-03,3,Vendor_98,8861.21,Standard operational expense,8,1,Normal
1468,2023-11-25,6,Vendor_6,20104.800000000003,Emergency Year-end Fund Utilization,11,1,Normal
1469,2021-12-20,1,Vendor_85,6736.26,Standard operational expense,12,1,Normal
1470,2022-05-10,3,Vendor_14,14373.39,Standard operational expense,5,1,Normal
1471,2022-08-30,4,Vendor_51,6285.36,Standard operational expense,8,1,Normal
1472,2022-07-13,1,Vendor_45,8616.95,Standard operational expense,7,1,Normal
1473,2024-09-29,5,Vendor_42,9104.95,Standard operational expense,9,1,Normal
1474,2019-04-25,3,Vendor_39,3478.91,Standard operational expense,4,1,Normal
1475,2020-06-08,7,Vendor_3,9417.42,Standard operational expense,6,1,Normal
1476,2021-09-24,2,Vendor_79,3114.18,Standard operational expense,9,1,Normal
1477,2018-10-23,6,Vendor_38,35028.18,Emergency Year-end Fund Utilization,10,1,Normal
1478,2019-08-12,5,Vendor_8,7301.08,Standard operational expense,8,1,Normal
1479,2023-12-10,4,Vendor_51,7169.08,Standard operational expense,12,1,Normal
1480,2019-08-20,3,Vendor_87,1160.22,Standard operational expense,8,1,Normal
1481,2021-09-18,3,Vendor_60,13182.7,Standard operational expense,9,1,Normal
1482,2024-07-09,5,Vendor_71,1791.76,Standard operational expense,7,1,Normal
1483,2023-08-25,7,Vendor_41,756.58,Standard operational expense,8,1,Normal
1484,2022-12-19,8,Vendor_44,7921.01,Standard operational expense,12,1,Normal
1485,2023-08-11,2,Vendor_72,14194.97,Standard operational expense,8,1,Normal
1486,2018-11-02,4,Vendor_60,14762.07,Standard operational expense,11,1,Normal
1487,2022-11-22,6,Vendor_41,46959.42,Emergency Year-end Fund Utilization,11,1,Normal
1488,2019-02-24,1,Vendor_6,980.68,Standard operational expense,2,1,Normal
1489,2023-07-24,5,Vendor_18,14239.81,Standard operational expense,7,1,Normal
1490,2021-03-10,3,Vendor_18,8365.5,Standard operational expense,3,1,Normal
1491,2021-09-04,1,Vendor_56,925.7,Standard operational expense,9,1,Normal
1492,2021-03-24,8,Vendor_96,7395.7,Standard operational expense,3,1,Normal
1493,2019-04-13,4,Vendor_46,5097.04,Standard operational expense,4,1,Normal
1494,2021-06-26,2,Vendor_26,717.28,Standard operational expense,6,1,Normal
1495,2020-10-05,6,Vendor_48,65741.88,Emergency Year-end Fund Utilization,10,1,Normal
1496,2024-10-12,5,Vendor_20,2625.61,Standard operational expense,10,1,Normal
1497,2021-02-15,2,Vendor_66,11982.96,Standard operational expense,2,1,Normal
1498,2023-08-01,5,Vendor_63,7178.84,Standard operational expense,8,1,Normal
1499,2019-08-11,7,Vendor_55,6612.07,Standard operational expense,8,1,Normal
1500,2021-03-16,3,Vendor_26,4941.35,Standard operational expense,3,1,Normal
1501,2020-11-03,6,Vendor_88,10980.63,Standard operational expense,11,1,Normal
1502,2024-03-30,1,Vendor_86,6204.13,Standard operational expense,3,1,Normal
1503,2023-02-17,4,Vendor_92,10989.97,Standard operational expense,2,1,Normal
1504,2023-06-03,3,Vendor_28,5644.59,Standard operational expense,6,1,Normal
1505,2019-11-23,5,Vendor_37,2800.26,Standard operational expense,11,1,Normal
1506,2024-09-23,3,Vendor_99,2185.81,Standard operational expense,9,1,Normal
1507,2021-04-06,8,Vendor_87,10168.84,Standard operational expense,4,1,Normal
1508,2020-10-16,6,Vendor_28,981.74,Standard operational expense,10,1,Normal
1509,2019-02-23,4,Vendor_72,14911.82,Standard operational expense,2,1,Normal
1510,2024-04-02,7,Vendor_85,14244.17,Standard operational expense,4,1,Normal
1511,2022-11-03,5,Vendor_65,14873.84,Standard operational expense,11,1,Normal
1512,2022-07-28,7,Vendor_87,4612.17,Standard operational expense,7,1,Normal
1513,2020-07-07,8,Vendor_18,5431.39,Standard operational expense,7,1,Normal
1514,2023-02-22,7,Vendor_57,2505.72,Standard operational expense,2,1,Normal
1515,2020-07-07,3,Vendor_82,8597.28,Standard operational expense,7,1,Normal
1516,2021-08-19,8,Vendor_7,3892.65,Standard operational expense,8,1,Normal
1517,2020-12-09,8,Vendor_6,8502.0,Standard operational expense,12,1,Normal
1518,2021-10-02,1,Vendor_57,11196.58,Standard operational expense,10,1,Normal
1519,2018-10-23,8,Vendor_49,2044.52,Standard operational expense,10,1,Normal
1520,2024-07-18,4,Vendor_92,3993.86,Standard operational expense,7,1,Normal
1521,2018-01-28,1,Vendor_58,2822.99,Standard operational expense,1,1,Normal
1522,2022-03-02,1,Vendor_38,7493.96,Standard operational expense,3,1,Normal
1523,2020-06-20,5,Vendor_66,4848.48,Standard operational expense,6,1,Normal
1524,2021-04-06,3,Vendor_99,2698.7,Standard operational expense,4,1,Normal
1525,2021-06-02,8,Vendor_64,560.87,Standard operational expense,6,1,Normal
1526,2021-06-18,4,Vendor_35,6169.75,Standard operational expense,6,1,Normal
1527,2023-08-11,4,Vendor_49,4205.49,Standard operational expense,8,1,Normal
1528,2019-11-24,6,Vendor_89,52194.240000000005,Emergency Year-end Fund Utilization,11,1,Normal
1529,2023-04-20,2,Vendor_23,9441.83,Standard operational expense,4,1,Normal
1530,2019-12-24,1,Vendor_73,11272.91,Standard operational expense,12,1,Normal
1531,2022-07-23,2,Vendor_34,2793.7,Standard operational expense,7,1,Normal
1532,2023-02-15,4,Vendor_18,11881.3,Standard operational expense,2,1,Normal
1533,2018-12-11,5,Vendor_21,8951.34,Standard operational expense,12,1,Normal
1534,2022-12-27,6,Vendor_48,55618.62,Emergency Year-end Fund Utilization,12,1,Normal
1535,2022-02-23,7,Vendor_10,10873.77,Standard operational expense,2,1,Normal
1536,2023-08-03,4,Vendor_88,8726.77,Standard operational expense,8,1,Normal
1537,2022-11-15,5,Vendor_15,12196.81,Standard operational expense,11,1,Normal
1538,2019-05-31,7,Vendor_9,12965.85,Standard operational expense,5,1,Normal
1539,2024-01-11,4,Vendor_15,4063.37,Standard operational expense,1,1,Normal
1540,2023-03-28,4,Vendor_5,10634.53,Standard operational expense,3,1,Normal
1541,2020-02-27,7,Vendor_2,9979.11,Standard operational expense,2,1,Normal
1542,2020-07-26,5,Vendor_95,10830.35,Standard operational expense,7,1,Normal
1543,2019-09-09,8,Vendor_63,9613.48,Standard operational expense,9,1,Normal
1544,2019-11-19,6,Vendor_99,23503.5,Emergency Year-end Fund Utilization,11,1,Normal
1545,2024-12-07,5,Vendor_36,466.81,Standard operational expense,12,1,Normal
1546,2019-01-11,5,Vendor_74,10155.91,Standard operational expense,1,1,Normal
1547,2018-03-14,4,Vendor_56,7732.0,Standard operational expense,3,1,Normal
1548,2019-07-26,7,Vendor_64,9343.53,Standard operational expense,7,1,Normal
1549,2022-02-19,5,Vendor_78,14024.7,Standard operational expense,2,1,Normal
1550,2018-06-28,5,Vendor_89,11511.29,Standard operational expense,6,1,Normal
1551,2020-03-09,2,Vendor_55,4995.52,Standard operational expense,3,1,Normal
1552,2018-07-28,5,Vendor_13,10108.46,Standard operational expense,7,1,Normal
1553,2022-07-16,7,Vendor_70,9517.09,Standard operational expense,7,1,Normal
1554,2019-08-17,3,Vendor_64,9713.76,Standard operational expense,8,1,Normal
1555,2018-11-21,3,Vendor_60,6034.38,Standard operational expense,11,1,Normal
1556,2022-12-15,6,Vendor_16,18357.66,Emergency Year-end Fund Utilization,12,1,Normal
1557,2019-01-19,8,Vendor_15,12395.65,Standard operational expense,1,1,Normal
1558,2018-08-05,4,Vendor_55,13465.23,Standard operational expense,8,1,Normal
1559,2024-05-06,1,Vendor_7,9899.97,Standard operational expense,5,1,Normal
1560,2024-11-19,1,Vendor_51,1030.23,Standard operational expense,11,1,Normal
1561,2022-10-22,8,Vendor_42,12151.51,Standard operational expense,10,1,Normal
1562,2021-07-20,7,Vendor_7,13900.46,Standard operational expense,7,1,Normal
1563,2019-06-02,8,Vendor_6,1552.86,Standard operational expense,6,1,Normal
1564,2024-10-14,6,Vendor_81,30246.54,Emergency Year-end Fund Utilization,10,1,Normal
1565,2024-07-06,2,Vendor_98,3729.21,Standard operational expense,7,1,Normal
1566,2021-07-31,3,Vendor_61,2739.19,Standard operational expense,7,1,Normal
1567,2023-10-27,3,Vendor_21,14290.56,Standard operational expense,10,1,Normal
1568,2019-07-20,8,Vendor_59,3610.78,Standard operational expense,7,1,Normal
1569,2021-09-13,3,Vendor_96,14191.67,Standard operational expense,9,1,Normal
1570,2020-12-18,7,Vendor_1,2062.13,Standard operational expense,12,1,Normal
1571,2018-07-10,8,Vendor_68,10198.08,Standard operational expense,7,1,Normal
1572,2019-01-14,3,Vendor_7,2615.99,Standard operational expense,1,1,Normal
1573,2024-05-19,1,Vendor_71,7184.59,Standard operational expense,5,1,Normal
1574,2018-06-21,7,Vendor_75,2607.35,Standard operational expense,6,1,Normal
1575,2021-08-14,5,Vendor_63,9577.11,Standard operational expense,8,1,Normal
1576,2022-02-16,5,Vendor_81,7715.59,Standard operational expense,2,1,Normal
1577,2021-11-13,8,Vendor_47,12460.48,Standard operational expense,11,1,Normal
1578,2022-01-09,3,Vendor_63,12598.92,Standard operational expense,1,1,Normal
1579,2021-10-23,5,Vendor_95,13840.66,Standard operational expense,10,1,Normal
1580,2022-12-14,4,Vendor_23,10908.04,Standard operational expense,12,1,Normal
1581,2023-02-17,2,Vendor_79,4663.88,Standard operational expense,2,1,Normal
1582,2022-05-25,3,Vendor_36,10219.52,Standard operational expense,5,1,Normal
1583,2024-04-13,8,Vendor_62,10458.29,Standard operational expense,4,1,Normal
1584,2020-08-30,1,Vendor_96,2071.09,Standard operational expense,8,1,Normal
1585,2022-09-21,8,Vendor_13,14932.56,Standard operational expense,9,1,Normal
1586,2020-10-21,2,Vendor_78,5600.13,Standard operational expense,10,1,Normal
1587,2020-06-07,5,Vendor_71,7856.1,Standard operational expense,6,1,Normal
1588,2022-02-09,7,Vendor_25,7632.26,Standard operational expense,2,1,Normal
1589,2019-10-17,6,Vendor_54,88456.92,Emergency Year-end Fund Utilization,10,-1,Anomaly
1590,2024-08-30,1,Vendor_89,6823.87,Standard operational expense,8,1,Normal
1591,2018-12-06,5,Vendor_22,6219.57,Standard operational expense,12,1,Normal
1592,2024-05-27,5,Vendor_43,12321.77,Standard operational expense,5,1,Normal
1593,2020-04-27,2,Vendor_4,786.34,Standard operational expense,4,1,Normal
1594,2019-08-20,7,Vendor_6,4880.73,Standard operational expense,8,1,Normal
1595,2020-09-25,1,Vendor_20,6585.41,Standard operational expense,9,1,Normal
1596,2024-10-31,8,Vendor_37,5708.58,Standard operational expense,10,1,Normal
1597,2022-02-20,1,Vendor_57,6338.56,Standard operational expense,2,1,Normal
1598,2023-02-01,1,Vendor_86,8351.97,Standard operational expense,2,1,Normal
1599,2022-01-02,5,Vendor_97,1893.42,Standard operational expense,1,1,Normal
1600,2024-07-02,1,Vendor_1,3554.44,Standard operational expense,7,1,Normal
1601,2018-08-04,4,Vendor_82,7734.65,Standard operational expense,8,1,Normal
1602,2022-09-03,3,Vendor_28,9357.83,Standard operational expense,9,1,Normal
1603,2023-11-24,1,Vendor_60,11265.75,Standard operational expense,11,1,Normal
1604,2024-06-23,8,Vendor_88,3566.29,Standard operational expense,6,1,Normal
1605,2020-12-15,1,Vendor_18,5937.98,Standard operational expense,12,1,Normal
1606,2023-12-01,5,Vendor_61,10329.06,Standard operational expense,12,1,Normal
1607,2019-03-02,1,Vendor_23,12935.54,Standard operational expense,3,1,Normal
1608,2019-12-20,6,Vendor_58,70157.34,Emergency Year-end Fund Utilization,12,1,Normal
1609,2023-02-02,7,Vendor_7,7300.16,Standard operational expense,2,1,Normal
1610,2021-10-17,6,Vendor_65,22825.26,Emergency Year-end Fund Utilization,10,1,Normal
1611,2020-12-27,6,Vendor_29,6039.77,Standard operational expense,12,1,Normal
1612,2024-11-26,6,Vendor_47,12895.55,Standard operational expense,11,1,Normal
1613,2023-02-11,2,Vendor_51,3597.84,Standard operational expense,2,1,Normal
1614,2023-07-01,3,Vendor_65,108.91,Standard operational expense,7,1,Normal
1615,2018-08-29,1,Vendor_47,3580.15,Standard operational expense,8,1,Normal
1616,2018-10-09,6,Vendor_55,50266.14,Emergency Year-end Fund Utilization,10,1,Normal
1617,2019-10-22,6,Vendor_22,34291.92,Emergency Year-end Fund Utilization,10,1,Normal
1618,2019-04-04,4,Vendor_41,12137.2,Standard operational expense,4,1,Normal
1619,2023-06-08,7,Vendor_18,5155.91,Standard operational expense,6,1,Normal
1620,2018-05-02,1,Vendor_87,4787.97,Standard operational expense,5,1,Normal
1621,2020-09-11,7,Vendor_22,11769.11,Standard operational expense,9,1,Normal
1622,2023-03-26,3,Vendor_98,4961.6,Standard operational expense,3,1,Normal
1623,2023-04-01,1,Vendor_93,12336.63,Standard operational expense,4,1,Normal
1624,2023-05-11,1,Vendor_91,14336.18,Standard operational expense,5,1,Normal
1625,2023-05-27,8,Vendor_61,2615.27,Standard operational expense,5,1,Normal
1626,2020-12-13,8,Vendor_92,3263.06,Standard operational expense,12,1,Normal
1627,2018-03-06,4,Vendor_43,14028.45,Standard operational expense,3,1,Normal
1628,2019-06-19,7,Vendor_71,3068.37,Standard operational expense,6,1,Normal
1629,2023-11-26,7,Vendor_68,13188.4,Standard operational expense,11,1,Normal
1630,2021-10-05,6,Vendor_96,40423.5,Emergency Year-end Fund Utilization,10,1,Normal
1631,2018-01-02,2,Vendor_81,2994.68,Standard operational expense,1,1,Normal
1632,2024-12-07,4,Vendor_32,11966.96,Standard operational expense,12,1,Normal
1633,2018-11-07,6,Vendor_58,11169.06,Emergency Year-end Fund Utilization,11,1,Normal
1634,2021-05-06,3,Vendor_45,5722.71,Standard operational expense,5,1,Normal
1635,2021-07-26,7,Vendor_7,4182.42,Standard operational expense,7,1,Normal
1636,2020-12-03,3,Vendor_79,5349.67,Standard operational expense,12,1,Normal
1637,2019-07-02,5,Vendor_91,12808.6,Standard operational expense,7,1,Normal
1638,2018-07-04,5,Vendor_55,2203.87,Standard operational expense,7,1,Normal
1639,2023-03-29,1,Vendor_38,7671.31,Standard operational expense,3,1,Normal
1640,2021-09-19,5,Vendor_79,5204.61,Standard operational expense,9,1,Normal
1641,2023-02-22,5,Vendor_41,2275.71,Standard operational expense,2,1,Normal
1642,2023-09-11,7,Vendor_7,12143.2,Standard operational expense,9,1,Normal
1643,2019-09-09,1,Vendor_52,8471.77,Standard operational expense,9,1,Normal
1644,2022-10-26,6,Vendor_71,5403.77,Standard operational expense,10,1,Normal
1645,2018-10-05,6,Vendor_60,73405.92,Emergency Year-end Fund Utilization,10,-1,Anomaly
1646,2023-10-23,3,Vendor_42,3638.5,Standard operational expense,10,1,Normal
1647,2023-01-17,8,Vendor_80,14001.05,Standard operational expense,1,1,Normal
1648,2023-09-11,7,Vendor_28,11413.73,Standard operational expense,9,1,Normal
1649,2022-10-11,8,Vendor_58,7088.71,Standard operational expense,10,1,Normal
1650,2018-05-10,7,Vendor_71,1736.96,Standard operational expense,5,1,Normal
1651,2023-08-23,7,Vendor_60,3070.25,Standard operational expense,8,1,Normal
1652,2024-10-30,2,Vendor_74,4809.91,Standard operational expense,10,1,Normal
1653,2018-04-11,8,Vendor_38,3687.98,Standard operational expense,4,1,Normal
1654,2018-02-10,5,Vendor_97,8227.81,Standard operational expense,2,1,Normal
1655,2019-12-29,5,Vendor_96,12748.97,Standard operational expense,12,1,Normal
1656,2020-06-07,4,Vendor_9,1936.39,Standard operational expense,6,1,Normal
1657,2021-07-20,5,Vendor_94,8599.1,Standard operational expense,7,1,Normal
1658,2018-06-17,2,Vendor_21,11149.34,Standard operational expense,6,1,Normal
1659,2019-11-26,5,Vendor_17,8354.5,Standard operational expense,11,1,Normal
1660,2024-05-10,2,Vendor_45,2576.82,Standard operational expense,5,1,Normal
1661,2021-01-10,1,Vendor_49,5644.03,Standard operational expense,1,1,Normal
1662,2018-06-06,7,Vendor_20,157.17,Standard operational expense,6,1,Normal
1663,2019-07-13,3,Vendor_77,912.23,Standard operational expense,7,1,Normal
1664,2018-06-04,7,Vendor_19,3327.03,Standard operational expense,6,1,Normal
1665,2023-05-26,2,Vendor_26,6414.17,Standard operational expense,5,1,Normal
1666,2018-04-02,1,Vendor_53,6728.3,Standard operational expense,4,1,Normal
1667,2024-11-02,1,Vendor_17,13652.27,Standard operational expense,11,1,Normal
1668,2023-07-21,1,Vendor_56,6519.79,Standard operational expense,7,1,Normal
1669,2019-10-05,3,Vendor_26,11964.88,Standard operational expense,10,1,Normal
1670,2021-08-24,4,Vendor_7,14120.79,Standard operational expense,8,1,Normal
1671,2020-12-05,6,Vendor_24,8214.47,Standard operational expense,12,1,Normal
1672,2021-12-09,6,Vendor_49,35917.74,Emergency Year-end Fund Utilization,12,1,Normal
1673,2021-02-15,8,Vendor_72,5873.25,Standard operational expense,2,1,Normal
1674,2019-05-02,4,Vendor_20,9326.14,Standard operational expense,5,1,Normal
1675,2021-09-21,7,Vendor_43,11265.6,Standard operational expense,9,1,Normal
1676,2018-12-10,6,Vendor_26,26696.88,Emergency Year-end Fund Utilization,12,1,Normal
1677,2018-10-28,4,Vendor_52,3318.87,Standard operational expense,10,1,Normal
1678,2018-03-09,5,Vendor_2,5997.09,Standard operational expense,3,1,Normal
1679,2019-02-02,4,Vendor_12,7179.0,Standard operational expense,2,1,Normal
1680,2019-12-31,4,Vendor_78,8080.95,Standard operational expense,12,1,Normal
1681,2022-10-18,6,Vendor_26,6756.22,Standard operational expense,10,1,Normal
1682,2020-09-22,8,Vendor_73,685.05,Standard operational expense,9,1,Normal
1683,2023-11-05,7,Vendor_81,5071.55,Standard operational expense,11,1,Normal
1684,2024-06-09,4,Vendor_20,11098.71,Standard operational expense,6,1,Normal
1685,2022-10-01,6,Vendor_12,54262.5,Emergency Year-end Fund Utilization,10,1,Normal
1686,2022-03-16,4,Vendor_83,6332.54,Standard operational expense,3,1,Normal
1687,2022-11-01,6,Vendor_64,6718.62,Emergency Year-end Fund Utilization,11,1,Normal
1688,2018-10-05,2,Vendor_94,4984.86,Standard operational expense,10,1,Normal
1689,2020-12-30,8,Vendor_6,12832.76,Standard operational expense,12,1,Normal
1690,2023-11-02,3,Vendor_48,12785.95,Standard operational expense,11,1,Normal
1691,2019-03-19,5,Vendor_64,2809.08,Standard operational expense,3,1,Normal
1692,2021-11-11,2,Vendor_53,11124.03,Standard operational expense,11,1,Normal
1693,2020-10-29,7,Vendor_70,2194.15,Standard operational expense,10,1,Normal
1694,2021-03-23,5,Vendor_11,11245.44,Standard operational expense,3,1,Normal
1695,2019-02-26,8,Vendor_35,13936.09,Standard operational expense,2,1,Normal
1696,2019-11-11,6,Vendor_10,24298.26,Emergency Year-end Fund Utilization,11,1,Normal
1697,2023-01-04,4,Vendor_34,1481.45,Standard operational expense,1,1,Normal
1698,2019-09-26,1,Vendor_62,1907.41,Standard operational expense,9,1,Normal
1699,2020-06-01,1,Vendor_4,8509.81,Standard operational expense,6,1,Normal
1700,2021-11-21,2,Vendor_86,5758.09,Standard operational expense,11,1,Normal
1701,2024-02-23,3,Vendor_81,13846.8,Standard operational expense,2,1,Normal
1702,2018-11-26,2,Vendor_51,2838.39,Standard operational expense,11,1,Normal
1703,2020-10-22,8,Vendor_53,4266.58,Standard operational expense,10,1,Normal
1704,2020-01-10,2,Vendor_8,12215.9,Standard operational expense,1,1,Normal
1705,2024-11-29,2,Vendor_14,6600.07,Standard operational expense,11,1,Normal
1706,2020-11-23,6,Vendor_86,67645.86,Emergency Year-end Fund Utilization,11,1,Normal
1707,2024-04-02,2,Vendor_20,1138.82,Standard operational expense,4,1,Normal
1708,2024-03-13,7,Vendor_1,7585.34,Standard operational expense,3,1,Normal
1709,2019-11-23,6,Vendor_61,75375.54000000001,Emergency Year-end Fund Utilization,11,-1,Anomaly
1710,2022-12-08,6,Vendor_62,30667.32,Emergency Year-end Fund Utilization,12,1,Normal
1711,2019-12-09,6,Vendor_38,50021.64,Emergency Year-end Fund Utilization,12,1,Normal
1712,2020-07-08,3,Vendor_72,1372.51,Standard operational expense,7,1,Normal
1713,2021-11-16,6,Vendor_39,55508.28,Emergency Year-end Fund Utilization,11,1,Normal
1714,2023-07-01,1,Vendor_56,6494.33,Standard operational expense,7,1,Normal
1715,2020-04-04,4,Vendor_48,12578.34,Standard operational expense,4,1,Normal
1716,2021-08-14,3,Vendor_52,3904.76,Standard operational expense,8,1,Normal
1717,2023-05-16,8,Vendor_25,14719.61,Standard operational expense,5,1,Normal
1718,2020-04-22,7,Vendor_52,643.27,Standard operational expense,4,1,Normal
1719,2018-11-16,6,Vendor_31,34829.76,Emergency Year-end Fund Utilization,11,1,Normal
1720,2019-03-31,8,Vendor_2,14162.29,Standard operational expense,3,1,Normal
1721,2019-06-14,7,Vendor_98,6383.52,Standard operational expense,6,1,Normal
1722,2019-08-19,3,Vendor_18,12925.9,Standard operational expense,8,1,Normal
1723,2023-11-06,8,Vendor_44,1688.69,Standard operational expense,11,1,Normal
1724,2018-11-05,2,Vendor_49,6123.2,Standard operational expense,11,1,Normal
1725,2018-05-19,2,Vendor_36,14554.11,Standard operational expense,5,1,Normal
1726,2021-03-30,7,Vendor_89,4340.55,Standard operational expense,3,1,Normal
1727,2024-03-07,5,Vendor_58,4421.66,Standard operational expense,3,1,Normal
1728,2021-07-26,3,Vendor_65,4300.58,Standard operational expense,7,1,Normal
1729,2023-12-28,8,Vendor_8,6345.13,Standard operational expense,12,1,Normal
1730,2022-04-03,1,Vendor_26,8255.14,Standard operational expense,4,1,Normal
1731,2021-12-08,6,Vendor_29,3821.19,Standard operational expense,12,1,Normal
1732,2021-07-06,2,Vendor_58,7778.05,Standard operational expense,7,1,Normal
1733,2021-06-27,7,Vendor_75,1583.74,Standard operational expense,6,1,Normal
1734,2021-02-05,4,Vendor_86,8039.12,Standard operational expense,2,1,Normal
1735,2021-07-05,7,Vendor_26,10278.4,Standard operational expense,7,1,Normal
1736,2021-05-12,8,Vendor_60,624.71,Standard operational expense,5,1,Normal
1737,2018-11-25,8,Vendor_13,2492.85,Standard operational expense,11,1,Normal
1738,2022-03-21,3,Vendor_77,13498.81,Standard operational expense,3,1,Normal
1739,2021-04-07,5,Vendor_15,4811.61,Standard operational expense,4,1,Normal
1740,2021-10-17,8,Vendor_40,13641.51,Standard operational expense,10,1,Normal
1741,2019-02-20,3,Vendor_85,4584.4,Standard operational expense,2,1,Normal
1742,2020-06-18,3,Vendor_61,10467.35,Standard operational expense,6,1,Normal
1743,2019-02-25,7,Vendor_91,4959.94,Standard operational expense,2,1,Normal
1744,2022-02-19,8,Vendor_16,3169.48,Standard operational expense,2,1,Normal
1745,2020-09-16,5,Vendor_80,14788.47,Standard operational expense,9,1,Normal
1746,2020-05-23,1,Vendor_90,230.78,Standard operational expense,5,1,Normal
1747,2018-12-23,8,Vendor_92,13290.06,Standard operational expense,12,1,Normal
1748,2018-10-11,8,Vendor_98,1899.12,Standard operational expense,10,1,Normal
1749,2020-05-27,2,Vendor_58,11296.21,Standard operational expense,5,1,Normal
1750,2020-12-01,6,Vendor_33,4205.94,Standard operational expense,12,1,Normal
1751,2018-03-12,8,Vendor_51,9449.27,Standard operational expense,3,1,Normal
1752,2022-09-03,1,Vendor_15,3610.26,Standard operational expense,9,1,Normal
1753,2022-12-02,5,Vendor_51,5869.62,Standard operational expense,12,1,Normal
1754,2021-11-20,6,Vendor_18,14745.91,Standard operational expense,11,1,Normal
1755,2020-04-27,8,Vendor_87,5148.31,Standard operational expense,4,1,Normal
1756,2021-12-14,5,Vendor_61,6574.51,Standard operational expense,12,1,Normal
1757,2021-08-25,2,Vendor_63,11138.95,Standard operational expense,8,1,Normal
1758,2022-07-15,7,Vendor_78,4182.43,Standard operational expense,7,1,Normal
1759,2020-02-11,5,Vendor_45,9162.35,Standard operational expense,2,1,Normal
1760,2019-03-10,7,Vendor_80,4446.23,Standard operational expense,3,1,Normal
1761,2020-05-15,2,Vendor_96,5603.38,Standard operational expense,5,1,Normal
1762,2024-08-12,3,Vendor_35,955.14,Standard operational expense,8,1,Normal
1763,2021-11-06,6,Vendor_49,14165.82,Emergency Year-end Fund Utilization,11,1,Normal
1764,2022-12-08,6,Vendor_4,71732.04000000001,Emergency Year-end Fund Utilization,12,-1,Anomaly
1765,2019-03-09,3,Vendor_71,6219.9,Standard operational expense,3,1,Normal
1766,2024-03-12,2,Vendor_95,14016.27,Standard operational expense,3,1,Normal
1767,2020-07-15,7,Vendor_51,14687.57,Standard operational expense,7,1,Normal
1768,2023-01-09,2,Vendor_49,12866.85,Standard operational expense,1,1,Normal
1769,2024-08-24,2,Vendor_77,8772.84,Standard operational expense,8,1,Normal
1770,2020-10-06,6,Vendor_36,35112.96,Emergency Year-end Fund Utilization,10,1,Normal
1771,2019-12-08,6,Vendor_49,10367.9,Standard operational expense,12,1,Normal
1772,2019-08-11,7,Vendor_68,553.2,Standard operational expense,8,1,Normal
1773,2018-07-26,7,Vendor_37,14580.49,Standard operational expense,7,1,Normal
1774,2023-06-22,1,Vendor_77,7094.16,Standard operational expense,6,1,Normal
1775,2019-11-14,6,Vendor_78,55586.76,Emergency Year-end Fund Utilization,11,1,Normal
1776,2018-03-03,4,Vendor_52,4538.11,Standard operational expense,3,1,Normal
1777,2018-01-19,5,Vendor_44,3100.95,Standard operational expense,1,1,Normal
1778,2021-02-14,4,Vendor_66,5700.2,Standard operational expense,2,1,Normal
1779,2024-06-30,7,Vendor_42,14823.05,Standard operational expense,6,1,Normal
1780,2021-08-13,5,Vendor_10,881.98,Standard operational expense,8,1,Normal
1781,2022-12-02,6,Vendor_51,32058.48,Emergency Year-end Fund Utilization,12,1,Normal
1782,2024-09-05,1,Vendor_78,10834.81,Standard operational expense,9,1,Normal
1783,2018-11-01,6,Vendor_9,4118.9400000000005,Emergency Year-end Fund Utilization,11,1,Normal
1784,2021-03-14,5,Vendor_62,389.78,Standard operational expense,3,1,Normal
1785,2024-12-01,4,Vendor_38,9127.86,Standard operational expense,12,1,Normal
1786,2022-05-18,3,Vendor_33,11774.17,Standard operational expense,5,1,Normal
1787,2023-02-13,8,Vendor_93,13410.24,Standard operational expense,2,1,Normal
1788,2021-11-02,4,Vendor_6,5899.21,Standard operational expense,11,1,Normal
1789,2023-01-23,1,Vendor_91,11799.33,Standard operational expense,1,1,Normal
1790,2022-04-06,4,Vendor_56,13910.92,Standard operational expense,4,1,Normal
1791,2020-09-09,4,Vendor_54,6847.09,Standard operational expense,9,1,Normal
1792,2018-01-25,4,Vendor_21,4014.54,Standard operational expense,1,1,Normal
1793,2022-04-03,7,Vendor_93,4310.0,Standard operational expense,4,1,Normal
1794,2018-01-19,8,Vendor_3,10664.12,Standard operational expense,1,1,Normal
1795,2018-10-04,3,Vendor_67,1330.33,Standard operational expense,10,1,Normal
1796,2021-03-22,7,Vendor_55,5430.55,Standard operational expense,3,1,Normal
1797,2023-06-27,4,Vendor_98,1818.91,Standard operational expense,6,1,Normal
1798,2021-04-22,7,Vendor_70,10721.95,Standard operational expense,4,1,Normal
1799,2021-10-26,5,Vendor_87,8605.72,Standard operational expense,10,1,Normal
1800,2024-02-27,1,Vendor_19,9415.72,Standard operational expense,2,1,Normal
1801,2024-03-08,8,Vendor_63,1460.75,Standard operational expense,3,1,Normal
1802,2023-09-21,3,Vendor_17,8109.35,Standard operational expense,9,1,Normal
1803,2018-10-10,7,Vendor_62,8058.68,Standard operational expense,10,1,Normal
1804,2020-11-08,1,Vendor_82,3275.82,Standard operational expense,11,1,Normal
1805,2021-10-28,6,Vendor_81,8119.48,Standard operational expense,10,1,Normal
1806,2022-04-24,4,Vendor_4,1544.98,Standard operational expense,4,1,Normal
1807,2023-07-15,1,Vendor_76,12814.43,Standard operational expense,7,1,Normal
1808,2024-02-22,8,Vendor_68,979.85,Standard operational expense,2,1,Normal
1809,2018-11-03,8,Vendor_18,10455.05,Standard operational expense,11,1,Normal
1810,2023-05-16,1,Vendor_82,10053.25,Standard operational expense,5,1,Normal
1811,2019-12-21,6,Vendor_99,69630.42,Emergency Year-end Fund Utilization,12,1,Normal
1812,2021-07-26,1,Vendor_32,13446.32,Standard operational expense,7,1,Normal
1813,2024-04-18,1,Vendor_24,11748.52,Standard operational expense,4,1,Normal
1814,2022-09-20,5,Vendor_27,7756.61,Standard operational expense,9,1,Normal
1815,2021-10-20,4,Vendor_85,10611.8,Standard operational expense,10,1,Normal
1816,2024-10-16,5,Vendor_47,7617.09,Standard operational expense,10,1,Normal
1817,2024-08-23,3,Vendor_86,2862.59,Standard operational expense,8,1,Normal
1818,2021-03-15,8,Vendor_27,14507.83,Standard operational expense,3,1,Normal
1819,2022-10-22,2,Vendor_49,9849.76,Standard operational expense,10,1,Normal
1820,2020-09-15,2,Vendor_54,13032.9,Standard operational expense,9,1,Normal
1821,2022-11-08,6,Vendor_36,59603.4,Emergency Year-end Fund Utilization,11,1,Normal
1822,2021-11-26,4,Vendor_9,6922.71,Standard operational expense,11,1,Normal
1823,2023-08-05,1,Vendor_51,3735.53,Standard operational expense,8,1,Normal
1824,2019-08-17,5,Vendor_30,7757.94,Standard operational expense,8,1,Normal
1825,2020-10-24,7,Vendor_25,14502.67,Standard operational expense,10,1,Normal
1826,2024-02-20,3,Vendor_31,2678.06,Standard operational expense,2,1,Normal
1827,2020-03-26,4,Vendor_55,3531.76,Standard operational expense,3,1,Normal
1828,2018-03-09,7,Vendor_1,5855.69,Standard operational expense,3,1,Normal
1829,2021-03-04,1,Vendor_5,813.92,Standard operational expense,3,1,Normal
1830,2022-07-02,2,Vendor_12,201.27,Standard operational expense,7,1,Normal
1831,2024-11-02,2,Vendor_17,7885.2,Standard operational expense,11,1,Normal
1832,2021-05-04,7,Vendor_95,10251.1,Standard operational expense,5,1,Normal
1833,2023-07-28,4,Vendor_34,5775.27,Standard operational expense,7,1,Normal
1834,2019-12-11,2,Vendor_58,8982.53,Standard operational expense,12,1,Normal
1835,2019-02-22,4,Vendor_70,10339.13,Standard operational expense,2,1,Normal
1836,2021-12-10,3,Vendor_86,14073.6,Standard operational expense,12,1,Normal
1837,2018-03-15,3,Vendor_76,1182.72,Standard operational expense,3,1,Normal
1838,2019-11-19,1,Vendor_66,9341.5,Standard operational expense,11,1,Normal
1839,2022-04-02,4,Vendor_69,3281.79,Standard operational expense,4,1,Normal
1840,2020-09-18,2,Vendor_77,210.14,Standard operational expense,9,1,Normal
1841,2018-10-04,8,Vendor_24,13006.78,Standard operational expense,10,1,Normal
1842,2020-08-12,3,Vendor_40,12022.05,Standard operational expense,8,1,Normal
1843,2019-11-19,6,Vendor_56,5444.05,Standard operational expense,11,1,Normal
1844,2019-04-18,8,Vendor_46,1463.16,Standard operational expense,4,1,Normal
1845,2020-04-25,5,Vendor_17,5459.17,Standard operational expense,4,1,Normal
1846,2021-12-14,8,Vendor_81,3562.82,Standard operational expense,12,1,Normal
1847,2023-07-18,2,Vendor_52,246.43,Standard operational expense,7,1,Normal
1848,2018-03-07,4,Vendor_90,2722.77,Standard operational expense,3,1,Normal
1849,2021-10-22,3,Vendor_99,12193.24,Standard operational expense,10,1,Normal
1850,2019-03-18,4,Vendor_84,10932.58,Standard operational expense,3,1,Normal
1851,2020-11-02,1,Vendor_12,1655.79,Standard operational expense,11,1,Normal
1852,2022-03-29,8,Vendor_57,6923.65,Standard operational expense,3,1,Normal
1853,2023-12-06,6,Vendor_45,51403.2,Emergency Year-end Fund Utilization,12,1,Normal
1854,2022-04-20,3,Vendor_90,3984.56,Standard operational expense,4,1,Normal
1855,2019-11-12,6,Vendor_56,80076.66,Emergency Year-end Fund Utilization,11,-1,Anomaly
1856,2023-04-14,2,Vendor_67,10745.45,Standard operational expense,4,1,Normal
1857,2020-04-18,5,Vendor_41,4722.51,Standard operational expense,4,1,Normal
1858,2024-10-30,8,Vendor_98,9821.89,Standard operational expense,10,1,Normal
1859,2023-05-24,8,Vendor_71,7013.38,Standard operational expense,5,1,Normal
1860,2022-04-24,1,Vendor_70,6880.63,Standard operational expense,4,1,Normal
1861,2021-12-21,6,Vendor_2,69963.42,Emergency Year-end Fund Utilization,12,1,Normal
1862,2024-03-11,4,Vendor_93,1798.09,Standard operational expense,3,1,Normal
1863,2022-05-27,5,Vendor_33,11495.17,Standard operational expense,5,1,Normal
1864,2022-07-08,7,Vendor_18,3851.92,Standard operational expense,7,1,Normal
1865,2021-12-27,6,Vendor_94,7881.36,Emergency Year-end Fund Utilization,12,1,Normal
1866,2019-04-24,8,Vendor_42,8226.88,Standard operational expense,4,1,Normal
1867,2021-08-16,2,Vendor_16,3382.88,Standard operational expense,8,1,Normal
1868,2020-10-19,6,Vendor_28,13609.079999999998,Emergency Year-end Fund Utilization,10,1,Normal
1869,2024-07-25,5,Vendor_59,7062.19,Standard operational expense,7,1,Normal
1870,2023-02-04,7,Vendor_45,6591.51,Standard operational expense,2,1,Normal
1871,2023-10-25,6,Vendor_27,10648.32,Emergency Year-end Fund Utilization,10,1,Normal
1872,2023-12-16,7,Vendor_53,2121.36,Standard operational expense,12,1,Normal
1873,2024-11-05,7,Vendor_53,12335.02,Standard operational expense,11,1,Normal
1874,2023-04-19,8,Vendor_95,10684.24,Standard operational expense,4,1,Normal
1875,2023-04-13,8,Vendor_51,4198.97,Standard operational expense,4,1,Normal
1876,2020-12-23,6,Vendor_64,24161.52,Emergency Year-end Fund Utilization,12,1,Normal
1877,2018-01-29,4,Vendor_58,9847.88,Standard operational expense,1,1,Normal
1878,2021-05-11,3,Vendor_39,3422.85,Standard operational expense,5,1,Normal
1879,2021-10-24,6,Vendor_36,2535.12,Emergency Year-end Fund Utilization,10,1,Normal
1880,2021-02-08,2,Vendor_63,13201.93,Standard operational expense,2,1,Normal
1881,2018-10-08,3,Vendor_67,6643.05,Standard operational expense,10,1,Normal
1882,2020-12-10,2,Vendor_64,12413.22,Standard operational expense,12,1,Normal
1883,2020-08-27,5,Vendor_34,12889.12,Standard operational expense,8,1,Normal
1884,2021-10-21,6,Vendor_10,83612.88,Emergency Year-end Fund Utilization,10,-1,Anomaly
1885,2019-05-17,5,Vendor_70,1084.22,Standard operational expense,5,1,Normal
1886,2019-11-20,3,Vendor_90,7220.22,Standard operational expense,11,1,Normal
1887,2022-09-21,5,Vendor_26,9967.26,Standard operational expense,9,1,Normal
1888,2022-05-27,5,Vendor_16,1966.24,Standard operational expense,5,1,Normal
1889,2021-07-04,8,Vendor_52,9005.47,Standard operational expense,7,1,Normal
1890,2023-09-26,7,Vendor_80,14594.63,Standard operational expense,9,1,Normal
1891,2018-05-29,2,Vendor_38,10094.4,Standard operational expense,5,1,Normal
1892,2022-10-05,6,Vendor_46,38264.28,Emergency Year-end Fund Utilization,10,1,Normal
1893,2021-05-25,3,Vendor_97,5343.75,Standard operational expense,5,1,Normal
1894,2019-09-21,7,Vendor_21,2968.15,Standard operational expense,9,1,Normal
1895,2018-07-19,3,Vendor_85,9502.64,Standard operational expense,7,1,Normal
1896,2022-01-11,8,Vendor_58,826.62,Standard operational expense,1,1,Normal
1897,2023-09-10,2,Vendor_9,5201.69,Standard operational expense,9,1,Normal
1898,2022-08-17,2,Vendor_80,8778.28,Standard operational expense,8,1,Normal
1899,2019-12-02,6,Vendor_41,85332.95999999999,Emergency Year-end Fund Utilization,12,-1,Anomaly
1900,2020-12-08,6,Vendor_38,4981.02,Emergency Year-end Fund Utilization,12,1,Normal
1901,2018-11-06,6,Vendor_73,89849.70000000001,Emergency Year-end Fund Utilization,11,-1,Anomaly
1902,2019-08-26,8,Vendor_29,14501.73,Standard operational expense,8,1,Normal
1903,2023-01-15,3,Vendor_72,12592.15,Standard operational expense,1,1,Normal
1904,2019-12-28,5,Vendor_7,10160.94,Standard operational expense,12,1,Normal
1905,2020-12-01,4,Vendor_58,4328.59,Standard operational expense,12,1,Normal
1906,2023-03-24,3,Vendor_74,14444.72,Standard operational expense,3,1,Normal
1907,2020-08-05,1,Vendor_67,1674.19,Standard operational expense,8,1,Normal
1908,2023-08-16,5,Vendor_53,4902.64,Standard operational expense,8,1,Normal
1909,2022-05-21,2,Vendor_87,10578.83,Standard operational expense,5,1,Normal
1910,2020-10-22,4,Vendor_20,10125.19,Standard operational expense,10,1,Normal
1911,2019-06-20,8,Vendor_65,4569.08,Standard operational expense,6,1,Normal
1912,2023-04-05,5,Vendor_94,598.01,Standard operational expense,4,1,Normal
1913,2018-04-15,7,Vendor_55,11855.01,Standard operational expense,4,1,Normal
1914,2021-09-16,8,Vendor_45,3607.21,Standard operational expense,9,1,Normal
1915,2024-11-01,8,Vendor_35,2249.18,Standard operational expense,11,1,Normal
1916,2022-04-09,4,Vendor_16,3412.01,Standard operational expense,4,1,Normal
1917,2023-06-24,3,Vendor_16,3569.9,Standard operational expense,6,1,Normal
1918,2021-07-18,1,Vendor_65,5326.59,Standard operational expense,7,1,Normal
1919,2022-10-20,3,Vendor_69,13683.33,Standard operational expense,10,1,Normal
1920,2024-09-10,2,Vendor_98,134.62,Standard operational expense,9,1,Normal
1921,2021-01-31,1,Vendor_87,5382.77,Standard operational expense,1,1,Normal
1922,2024-06-20,7,Vendor_7,13737.82,Standard operational expense,6,1,Normal
1923,2023-09-28,2,Vendor_48,3030.34,Standard operational expense,9,1,Normal
1924,2020-09-27,7,Vendor_4,2614.37,Standard operational expense,9,1,Normal
1925,2018-10-03,2,Vendor_32,10291.23,Standard operational expense,10,1,Normal
1926,2020-11-17,5,Vendor_56,4593.64,Standard operational expense,11,1,Normal
1927,2019-07-01,8,Vendor_36,12292.79,Standard operational expense,7,1,Normal
1928,2023-08-03,7,Vendor_58,1659.44,Standard operational expense,8,1,Normal
1929,2022-05-20,5,Vendor_22,2206.61,Standard operational expense,5,1,Normal
1930,2019-09-11,5,Vendor_53,3038.03,Standard operational expense,9,1,Normal
1931,2021-10-11,4,Vendor_52,1393.07,Standard operational expense,10,1,Normal
1932,2018-06-30,2,Vendor_41,5375.56,Standard operational expense,6,1,Normal
1933,2020-10-07,6,Vendor_44,21107.76,Emergency Year-end Fund Utilization,10,1,Normal
1934,2022-06-27,7,Vendor_54,4064.91,Standard operational expense,6,1,Normal
1935,2019-08-25,5,Vendor_60,6521.66,Standard operational expense,8,1,Normal
1936,2019-11-02,3,Vendor_78,12502.63,Standard operational expense,11,1,Normal
1937,2018-04-11,2,Vendor_14,10407.49,Standard operational expense,4,1,Normal
1938,2021-01-27,2,Vendor_51,10331.51,Standard operational expense,1,1,Normal
1939,2023-06-27,2,Vendor_83,1694.73,Standard operational expense,6,1,Normal
1940,2021-02-20,5,Vendor_4,12274.9,Standard operational expense,2,1,Normal
1941,2018-05-20,5,Vendor_12,6509.13,Standard operational expense,5,1,Normal
1942,2023-03-06,5,Vendor_32,11455.73,Standard operational expense,3,1,Normal
1943,2023-02-16,5,Vendor_9,13133.68,Standard operational expense,2,1,Normal
1944,2021-12-27,1,Vendor_18,7163.74,Standard operational expense,12,1,Normal
1945,2023-11-06,6,Vendor_78,82151.4,Emergency Year-end Fund Utilization,11,-1,Anomaly
1946,2020-07-09,7,Vendor_42,4804.24,Standard operational expense,7,1,Normal
1947,2024-01-14,7,Vendor_82,5692.29,Standard operational expense,1,1,Normal
1948,2020-01-24,1,Vendor_80,1523.83,Standard operational expense,1,1,Normal
1949,2018-12-27,6,Vendor_62,88194.42,Emergency Year-end Fund Utilization,12,-1,Anomaly
1950,2020-05-23,8,Vendor_82,788.33,Standard operational expense,5,1,Normal
1951,2024-04-21,4,Vendor_89,12313.19,Standard operational expense,4,1,Normal
1952,2019-04-06,4,Vendor_97,6264.22,Standard operational expense,4,1,Normal
1953,2021-01-20,4,Vendor_44,13745.63,Standard operational expense,1,1,Normal
1954,2024-04-02,5,Vendor_31,2122.61,Standard operational expense,4,1,Normal
1955,2019-07-11,1,Vendor_33,1020.26,Standard operational expense,7,1,Normal
1956,2019-11-04,6,Vendor_29,19660.44,Emergency Year-end Fund Utilization,11,1,Normal
1957,2019-04-19,1,Vendor_9,3983.86,Standard operational expense,4,1,Normal
1958,2023-04-30,2,Vendor_46,14722.61,Standard operational expense,4,1,Normal
1959,2019-08-03,1,Vendor_44,10663.57,Standard operational expense,8,1,Normal
1960,2024-06-16,7,Vendor_61,4294.01,Standard operational expense,6,1,Normal
1961,2020-03-19,4,Vendor_47,1893.63,Standard operational expense,3,1,Normal
1962,2018-05-10,8,Vendor_69,7501.48,Standard operational expense,5,1,Normal
1963,2018-02-27,2,Vendor_56,10657.89,Standard operational expense,2,1,Normal
1964,2019-11-14,7,Vendor_30,5482.12,Standard operational expense,11,1,Normal
1965,2022-11-26,6,Vendor_67,8775.34,Standard operational expense,11,1,Normal
1966,2019-02-01,3,Vendor_24,7170.55,Standard operational expense,2,1,Normal
1967,2022-12-16,6,Vendor_58,71797.31999999999,Emergency Year-end Fund Utilization,12,-1,Anomaly
1968,2023-07-26,4,Vendor_98,9104.14,Standard operational expense,7,1,Normal
1969,2019-08-20,4,Vendor_46,1494.04,Standard operational expense,8,1,Normal
1970,2019-12-21,6,Vendor_94,25376.7,Emergency Year-end Fund Utilization,12,1,Normal
1971,2019-05-06,7,Vendor_30,2674.08,Standard operational expense,5,1,Normal
1972,2021-07-11,2,Vendor_73,2521.41,Standard operational expense,7,1,Normal
1973,2018-10-08,3,Vendor_79,6160.93,Standard operational expense,10,1,Normal
1974,2018-11-24,3,Vendor_40,228.42,Standard operational expense,11,1,Normal
1975,2023-09-05,3,Vendor_50,6885.38,Standard operational expense,9,1,Normal
1976,2024-09-26,7,Vendor_33,11221.66,Standard operational expense,9,1,Normal
1977,2018-08-17,3,Vendor_16,4110.93,Standard operational expense,8,1,Normal
1978,2020-03-01,7,Vendor_12,8867.63,Standard operational expense,3,1,Normal
1979,2020-12-31,5,Vendor_69,6658.69,Standard operational expense,12,1,Normal
1980,2021-07-29,5,Vendor_13,3948.68,Standard operational expense,7,1,Normal
1981,2022-07-01,7,Vendor_18,888.32,Standard operational expense,7,1,Normal
1982,2022-11-13,5,Vendor_16,9439.36,Standard operational expense,11,1,Normal
1983,2022-09-08,1,Vendor_2,2047.02,Standard operational expense,9,1,Normal
1984,2021-10-24,6,Vendor_38,12032.19,Standard operational expense,10,1,Normal
1985,2018-04-16,8,Vendor_41,8952.63,Standard operational expense,4,1,Normal
1986,2020-12-31,4,Vendor_62,2965.51,Standard operational expense,12,1,Normal
1987,2023-05-03,2,Vendor_22,13731.15,Standard operational expense,5,1,Normal
1988,2020-02-13,2,Vendor_99,8042.52,Standard operational expense,2,1,Normal
1989,2021-07-25,3,Vendor_71,2027.77,Standard operational expense,7,1,Normal
1990,2021-02-01,2,Vendor_85,13956.04,Standard operational expense,2,1,Normal
1991,2024-03-30,2,Vendor_9,11691.98,Standard operational expense,3,1,Normal
1992,2018-03-20,4,Vendor_13,6154.35,Standard operational expense,3,1,Normal
1993,2018-08-14,3,Vendor_35,13995.77,Standard operational expense,8,1,Normal
1994,2020-01-12,3,Vendor_59,1354.77,Standard operational expense,1,1,Normal
1995,2019-12-05,1,Vendor_82,10751.99,Standard operational expense,12,1,Normal
1996,2019-09-07,1,Vendor_5,2704.3,Standard operational expense,9,1,Normal
1997,2020-04-14,3,Vendor_68,4412.6,Standard operational expense,4,1,Normal
1998,2020-08-22,1,Vendor_63,10133.95,Standard operational expense,8,1,Normal
1999,2023-09-08,2,Vendor_41,1596.82,Standard operational expense,9,1,Normal
2000,2021-02-27,5,Vendor_48,3799.48,Standard operational expense,2,1,Normal
2001,2021-11-30,4,Vendor_58,14940.31,Standard operational expense,11,1,Normal
2002,2021-04-12,5,Vendor_15,3661.07,Standard operational expense,4,1,Normal
2003,2020-04-07,7,Vendor_43,3591.44,Standard operational expense,4,1,Normal
2004,2022-10-10,2,Vendor_32,1644.19,Standard operational expense,10,1,Normal
2005,2023-10-13,3,Vendor_87,5143.75,Standard operational expense,10,1,Normal
2006,2020-11-23,6,Vendor_26,77317.62,Emergency Year-end Fund Utilization,11,-1,Anomaly
2007,2022-04-14,3,Vendor_25,9786.69,Standard operational expense,4,1,Normal
2008,2021-12-31,3,Vendor_18,9532.97,Standard operational expense,12,1,Normal
2009,2021-11-17,6,Vendor_65,11569.0,Standard operational expense,11,1,Normal
2010,2021-11-29,3,Vendor_70,14212.58,Standard operational expense,11,1,Normal
2011,2019-07-10,4,Vendor_17,1301.98,Standard operational expense,7,1,Normal
2012,2019-01-14,8,Vendor_3,5187.89,Standard operational expense,1,1,Normal
2013,2018-03-17,7,Vendor_46,11890.53,Standard operational expense,3,1,Normal
2014,2024-11-27,6,Vendor_85,13818.0,Emergency Year-end Fund Utilization,11,1,Normal
2015,2018-09-24,5,Vendor_66,842.92,Standard operational expense,9,1,Normal
2016,2019-11-04,7,Vendor_37,9712.74,Standard operational expense,11,1,Normal
2017,2023-12-03,4,Vendor_11,8093.41,Standard operational expense,12,1,Normal
2018,2021-09-28,1,Vendor_27,308.82,Standard operational expense,9,1,Normal
2019,2020-05-20,5,Vendor_5,12357.6,Standard operational expense,5,1,Normal
2020,2020-07-29,5,Vendor_61,6947.49,Standard operational expense,7,1,Normal
2021,2018-02-07,4,Vendor_2,10298.09,Standard operational expense,2,1,Normal
2022,2022-07-15,8,Vendor_41,3231.86,Standard operational expense,7,1,Normal
2023,2021-09-08,1,Vendor_5,8094.23,Standard operational expense,9,1,Normal
2024,2018-01-13,3,Vendor_25,9235.43,Standard operational expense,1,1,Normal
2025,2020-04-04,3,Vendor_94,9681.61,Standard operational expense,4,1,Normal
2026,2024-04-27,2,Vendor_77,9439.81,Standard operational expense,4,1,Normal
2027,2019-11-28,7,Vendor_53,1879.79,Standard operational expense,11,1,Normal
2028,2024-11-20,7,Vendor_33,3177.36,Standard operational expense,11,1,Normal
2029,2024-02-26,8,Vendor_16,8249.04,Standard operational expense,2,1,Normal
2030,2022-03-02,4,Vendor_39,6327.96,Standard operational expense,3,1,Normal
2031,2022-11-06,6,Vendor_88,82628.52,Emergency Year-end Fund Utilization,11,-1,Anomaly
2032,2020-05-29,7,Vendor_87,6767.79,Standard operational expense,5,1,Normal
2033,2022-06-01,4,Vendor_15,5405.4,Standard operational expense,6,1,Normal
2034,2020-03-14,1,Vendor_86,9624.11,Standard operational expense,3,1,Normal
2035,2018-06-18,2,Vendor_49,13117.8,Standard operational expense,6,1,Normal
2036,2018-05-26,7,Vendor_69,6326.47,Standard operational expense,5,1,Normal
2037,2018-03-01,7,Vendor_90,6470.37,Standard operational expense,3,1,Normal
2038,2022-04-14,7,Vendor_79,12812.32,Standard operational expense,4,1,Normal
2039,2019-03-09,1,Vendor_17,12237.91,Standard operational expense,3,1,Normal
2040,2023-10-06,3,Vendor_14,14259.16,Standard operational expense,10,1,Normal
2041,2019-08-28,4,Vendor_53,8807.5,Standard operational expense,8,1,Normal
2042,2022-01-03,5,Vendor_62,12101.45,Standard operational expense,1,1,Normal
2043,2022-11-09,1,Vendor_18,12495.93,Standard operational expense,11,1,Normal
2044,2021-01-01,1,Vendor_54,14024.65,Standard operational expense,1,1,Normal
2045,2023-08-27,3,Vendor_99,3651.22,Standard operational expense,8,1,Normal
2046,2019-09-05,2,Vendor_68,5077.28,Standard operational expense,9,1,Normal
2047,2020-04-21,2,Vendor_11,11620.2,Standard operational expense,4,1,Normal
2048,2020-05-08,8,Vendor_94,2616.0,Standard operational expense,5,1,Normal
2049,2019-08-15,7,Vendor_16,4914.86,Standard operational expense,8,1,Normal
2050,2021-12-18,6,Vendor_21,5412.73,Standard operational expense,12,1,Normal
2051,2024-03-25,8,Vendor_41,3947.58,Standard operational expense,3,1,Normal
2052,2021-07-30,4,Vendor_9,10992.05,Standard operational expense,7,1,Normal
2053,2019-03-13,5,Vendor_84,3639.64,Standard operational expense,3,1,Normal
2054,2023-06-13,7,Vendor_1,5147.12,Standard operational expense,6,1,Normal
2055,2021-10-01,6,Vendor_47,82586.64,Emergency Year-end Fund Utilization,10,-1,Anomaly
2056,2024-11-15,5,Vendor_14,12802.89,Standard operational expense,11,1,Normal
2057,2024-12-28,6,Vendor_31,2835.11,Standard operational expense,12,1,Normal
2058,2020-09-17,5,Vendor_17,1986.89,Standard operational expense,9,1,Normal
2059,2024-03-29,4,Vendor_24,1320.88,Standard operational expense,3,1,Normal
2060,2022-11-12,6,Vendor_59,66287.45999999999,Emergency Year-end Fund Utilization,11,1,Normal
2061,2024-05-24,4,Vendor_18,8217.89,Standard operational expense,5,1,Normal
2062,2022-12-23,1,Vendor_64,9917.64,Standard operational expense,12,1,Normal
2063,2023-02-07,4,Vendor_86,10956.69,Standard operational expense,2,1,Normal
2064,2020-07-14,5,Vendor_63,1740.1,Standard operational expense,7,1,Normal
2065,2019-03-09,8,Vendor_94,9082.41,Standard operational expense,3,1,Normal
2066,2019-08-22,3,Vendor_31,2353.84,Standard operational expense,8,1,Normal
2067,2020-07-27,5,Vendor_29,3090.62,Standard operational expense,7,1,Normal
2068,2022-07-08,3,Vendor_2,1254.51,Standard operational expense,7,1,Normal
2069,2018-03-25,7,Vendor_86,9611.42,Standard operational expense,3,1,Normal
2070,2018-02-28,2,Vendor_28,8039.42,Standard operational expense,2,1,Normal
2071,2022-03-08,2,Vendor_29,1715.17,Standard operational expense,3,1,Normal
2072,2021-03-08,5,Vendor_50,11372.43,Standard operational expense,3,1,Normal
2073,2023-12-06,2,Vendor_99,9413.86,Standard operational expense,12,1,Normal
2074,2019-01-30,7,Vendor_67,10122.4,Standard operational expense,1,1,Normal
2075,2022-09-13,7,Vendor_28,1037.32,Standard operational expense,9,1,Normal
2076,2018-03-16,7,Vendor_10,3122.81,Standard operational expense,3,1,Normal
2077,2020-11-04,3,Vendor_21,10018.19,Standard operational expense,11,1,Normal
2078,2019-01-07,4,Vendor_23,336.19,Standard operational expense,1,1,Normal
2079,2021-03-10,5,Vendor_78,3894.49,Standard operational expense,3,1,Normal
2080,2023-06-15,1,Vendor_35,3150.32,Standard operational expense,6,1,Normal
2081,2018-04-11,5,Vendor_97,2218.5,Standard operational expense,4,1,Normal
2082,2018-08-31,1,Vendor_43,912.19,Standard operational expense,8,1,Normal
2083,2024-12-14,6,Vendor_67,47714.46,Emergency Year-end Fund Utilization,12,1,Normal
2084,2019-01-31,4,Vendor_66,8618.02,Standard operational expense,1,1,Normal
2085,2020-02-09,7,Vendor_81,8943.1,Standard operational expense,2,1,Normal
2086,2022-02-12,7,Vendor_14,1741.12,Standard operational expense,2,1,Normal
2087,2024-10-11,6,Vendor_70,12060.19,Standard operational expense,10,1,Normal
2088,2024-08-15,8,Vendor_82,2120.84,Standard operational expense,8,1,Normal
2089,2018-08-17,8,Vendor_34,9677.82,Standard operational expense,8,1,Normal
2090,2020-12-06,7,Vendor_24,10409.72,Standard operational expense,12,1,Normal
2091,2018-11-17,2,Vendor_57,12648.69,Standard operational expense,11,1,Normal
2092,2021-10-18,4,Vendor_71,9202.8,Standard operational expense,10,1,Normal
2093,2023-04-27,5,Vendor_86,13808.6,Standard operational expense,4,1,Normal
2094,2020-01-16,3,Vendor_42,11532.46,Standard operational expense,1,1,Normal
2095,2024-08-23,2,Vendor_92,4801.75,Standard operational expense,8,1,Normal
2096,2024-05-16,8,Vendor_53,7498.08,Standard operational expense,5,1,Normal
2097,2023-11-18,5,Vendor_98,1662.05,Standard operational expense,11,1,Normal
2098,2018-10-13,8,Vendor_47,5561.61,Standard operational expense,10,1,Normal
2099,2021-07-29,1,Vendor_7,11730.53,Standard operational expense,7,1,Normal
2100,2023-12-24,6,Vendor_78,34507.92,Emergency Year-end Fund Utilization,12,1,Normal
2101,2023-10-02,2,Vendor_82,14342.96,Standard operational expense,10,1,Normal
2102,2021-10-19,8,Vendor_28,7597.37,Standard operational expense,10,1,Normal
2103,2021-05-05,3,Vendor_20,7567.32,Standard operational expense,5,1,Normal
2104,2022-06-07,8,Vendor_67,5376.9,Standard operational expense,6,1,Normal
2105,2020-07-07,5,Vendor_34,3311.14,Standard operational expense,7,1,Normal
2106,2023-03-13,3,Vendor_48,11133.59,Standard operational expense,3,1,Normal
2107,2021-02-12,2,Vendor_45,2621.13,Standard operational expense,2,1,Normal
2108,2018-08-22,1,Vendor_25,10829.66,Standard operational expense,8,1,Normal
2109,2023-12-07,7,Vendor_74,5128.41,Standard operational expense,12,1,Normal
2110,2021-04-29,4,Vendor_28,8293.17,Standard operational expense,4,1,Normal
2111,2018-08-01,3,Vendor_33,12560.74,Standard operational expense,8,1,Normal
2112,2020-01-22,2,Vendor_22,7147.56,Standard operational expense,1,1,Normal
2113,2022-11-30,5,Vendor_75,14623.93,Standard operational expense,11,1,Normal
2114,2021-12-26,2,Vendor_6,857.72,Standard operational expense,12,1,Normal
2115,2023-05-14,4,Vendor_94,9609.54,Standard operational expense,5,1,Normal
2116,2019-12-14,7,Vendor_97,1077.83,Standard operational expense,12,1,Normal
2117,2022-10-04,2,Vendor_72,14428.03,Standard operational expense,10,1,Normal
2118,2023-11-17,6,Vendor_6,33192.24,Emergency Year-end Fund Utilization,11,1,Normal
2119,2021-06-13,7,Vendor_19,12420.33,Standard operational expense,6,1,Normal
2120,2024-01-12,1,Vendor_33,10732.75,Standard operational expense,1,1,Normal
2121,2019-05-25,8,Vendor_17,2210.1,Standard operational expense,5,1,Normal
2122,2024-06-03,2,Vendor_87,4613.88,Standard operational expense,6,1,Normal
2123,2022-11-13,7,Vendor_54,10796.27,Standard operational expense,11,1,Normal
2124,2022-11-13,1,Vendor_62,4477.54,Standard operational expense,11,1,Normal
2125,2018-06-01,2,Vendor_11,4741.53,Standard operational expense,6,1,Normal
2126,2022-09-08,8,Vendor_35,423.33,Standard operational expense,9,1,Normal
2127,2019-10-15,6,Vendor_54,34783.26,Emergency Year-end Fund Utilization,10,1,Normal
2128,2019-02-25,3,Vendor_34,301.35,Standard operational expense,2,1,Normal
2129,2023-04-03,1,Vendor_52,13340.77,Standard operational expense,4,1,Normal
2130,2021-10-29,8,Vendor_33,4815.17,Standard operational expense,10,1,Normal
2131,2024-10-27,1,Vendor_21,10880.67,Standard operational expense,10,1,Normal
2132,2022-09-18,5,Vendor_6,1357.13,Standard operational expense,9,1,Normal
2133,2018-04-25,1,Vendor_20,5463.89,Standard operational expense,4,1,Normal
2134,2020-04-04,7,Vendor_10,1313.96,Standard operational expense,4,1,Normal
2135,2020-08-26,1,Vendor_11,4799.7,Standard operational expense,8,1,Normal
2136,2020-07-09,1,Vendor_11,659.74,Standard operational expense,7,1,Normal
2137,2022-11-24,6,Vendor_53,24492.9,Emergency Year-end Fund Utilization,11,1,Normal
2138,2024-12-21,6,Vendor_1,67180.74,Emergency Year-end Fund Utilization,12,1,Normal
2139,2018-11-05,6,Vendor_30,41787.66,Emergency Year-end Fund Utilization,11,1,Normal
2140,2020-02-19,8,Vendor_52,1667.77,Standard operational expense,2,1,Normal
2141,2021-12-09,6,Vendor_68,12385.3,Standard operational expense,12,1,Normal
2142,2021-01-08,7,Vendor_75,4177.63,Standard operational expense,1,1,Normal
2143,2022-10-27,2,Vendor_12,10675.08,Standard operational expense,10,1,Normal
2144,2020-10-15,7,Vendor_62,11660.5,Standard operational expense,10,1,Normal
2145,2018-08-28,2,Vendor_98,8154.23,Standard operational expense,8,1,Normal
2146,2020-10-01,5,Vendor_36,10136.79,Standard operational expense,10,1,Normal
2147,2018-12-11,8,Vendor_2,13599.68,Standard operational expense,12,1,Normal
2148,2023-12-29,7,Vendor_28,6886.44,Standard operational expense,12,1,Normal
2149,2023-06-03,3,Vendor_79,9518.62,Standard operational expense,6,1,Normal
2150,2022-04-18,4,Vendor_73,13747.43,Standard operational expense,4,1,Normal
2151,2020-11-12,8,Vendor_14,9135.15,Standard operational expense,11,1,Normal
2152,2019-10-27,5,Vendor_31,10799.72,Standard operational expense,10,1,Normal
2153,2022-10-31,8,Vendor_54,900.09,Standard operational expense,10,1,Normal
2154,2021-11-13,5,Vendor_89,7997.78,Standard operational expense,11,1,Normal
2155,2021-10-26,3,Vendor_71,13391.68,Standard operational expense,10,1,Normal
2156,2019-02-26,8,Vendor_39,8403.05,Standard operational expense,2,1,Normal
2157,2019-10-22,6,Vendor_52,58596.9,Emergency Year-end Fund Utilization,10,1,Normal
2158,2021-12-12,6,Vendor_76,13161.36,Emergency Year-end Fund Utilization,12,1,Normal
2159,2021-11-06,3,Vendor_23,5010.0,Standard operational expense,11,1,Normal
2160,2022-03-12,2,Vendor_64,6661.58,Standard operational expense,3,1,Normal
2161,2018-09-11,5,Vendor_16,8787.71,Standard operational expense,9,1,Normal
2162,2021-03-14,8,Vendor_8,13340.13,Standard operational expense,3,1,Normal
2163,2018-11-01,6,Vendor_90,46380.72,Emergency Year-end Fund Utilization,11,1,Normal
2164,2019-05-18,1,Vendor_39,1971.67,Standard operational expense,5,1,Normal
2165,2019-01-31,8,Vendor_18,13739.7,Standard operational expense,1,1,Normal
2166,2020-09-01,8,Vendor_43,4114.33,Standard operational expense,9,1,Normal
2167,2018-04-26,3,Vendor_54,5111.55,Standard operational expense,4,1,Normal
2168,2021-09-03,5,Vendor_8,14218.72,Standard operational expense,9,1,Normal
2169,2023-11-14,6,Vendor_86,8902.99,Standard operational expense,11,1,Normal
2170,2024-09-28,3,Vendor_76,3856.94,Standard operational expense,9,1,Normal
2171,2022-03-05,4,Vendor_20,9306.21,Standard operational expense,3,1,Normal
2172,2018-05-13,7,Vendor_59,1809.66,Standard operational expense,5,1,Normal
2173,2024-03-18,8,Vendor_22,10648.32,Standard operational expense,3,1,Normal
2174,2022-03-24,3,Vendor_78,9886.55,Standard operational expense,3,1,Normal
2175,2018-02-08,5,Vendor_75,8133.99,Standard operational expense,2,1,Normal
2176,2023-03-25,8,Vendor_54,6521.72,Standard operational expense,3,1,Normal
2177,2023-05-18,2,Vendor_62,838.94,Standard operational expense,5,1,Normal
2178,2023-10-09,6,Vendor_89,54294.240000000005,Emergency Year-end Fund Utilization,10,1,Normal
2179,2022-07-25,3,Vendor_34,712.13,Standard operational expense,7,1,Normal
2180,2020-12-03,8,Vendor_17,10322.76,Standard operational expense,12,1,Normal
2181,2020-04-06,2,Vendor_18,7352.59,Standard operational expense,4,1,Normal
2182,2023-09-24,4,Vendor_62,5413.47,Standard operational expense,9,1,Normal
2183,2024-06-20,1,Vendor_87,11518.63,Standard operational expense,6,1,Normal
2184,2022-08-23,2,Vendor_70,6791.34,Standard operational expense,8,1,Normal
2185,2019-10-08,6,Vendor_17,58705.740000000005,Emergency Year-end Fund Utilization,10,1,Normal
2186,2020-12-14,6,Vendor_40,67615.5,Emergency Year-end Fund Utilization,12,1,Normal
2187,2022-12-16,3,Vendor_64,7289.15,Standard operational expense,12,1,Normal
2188,2018-03-24,7,Vendor_72,3003.12,Standard operational expense,3,1,Normal
2189,2020-07-02,4,Vendor_39,5815.77,Standard operational expense,7,1,Normal
2190,2022-03-16,1,Vendor_10,4226.62,Standard operational expense,3,1,Normal
2191,2020-12-19,6,Vendor_49,21895.92,Emergency Year-end Fund Utilization,12,1,Normal
2192,2018-10-20,4,Vendor_25,5640.37,Standard operational expense,10,1,Normal
2193,2023-04-11,7,Vendor_93,7912.29,Standard operational expense,4,1,Normal
2194,2023-11-12,7,Vendor_24,1292.94,Standard operational expense,11,1,Normal
2195,2023-08-21,1,Vendor_63,1363.02,Standard operational expense,8,1,Normal
2196,2022-10-30,4,Vendor_23,13735.57,Standard operational expense,10,1,Normal
2197,2019-08-18,2,Vendor_88,13855.21,Standard operational expense,8,1,Normal
2198,2021-01-08,1,Vendor_71,12698.11,Standard operational expense,1,1,Normal
2199,2021-10-22,6,Vendor_2,76172.52,Emergency Year-end Fund Utilization,10,-1,Anomaly
2200,2021-10-14,7,Vendor_34,8102.54,Standard operational expense,10,1,Normal
2201,2023-03-10,4,Vendor_66,3255.79,Standard operational expense,3,1,Normal
2202,2020-10-17,8,Vendor_37,10174.74,Standard operational expense,10,1,Normal
2203,2022-07-18,3,Vendor_8,1292.27,Standard operational expense,7,1,Normal
2204,2024-03-26,2,Vendor_75,3565.8,Standard operational expense,3,1,Normal
2205,2019-07-27,2,Vendor_83,1223.64,Standard operational expense,7,1,Normal
2206,2018-11-22,3,Vendor_66,13335.26,Standard operational expense,11,1,Normal
2207,2022-12-16,4,Vendor_57,2908.65,Standard operational expense,12,1,Normal
2208,2018-06-14,5,Vendor_71,4102.12,Standard operational expense,6,1,Normal
2209,2021-03-22,1,Vendor_6,8431.14,Standard operational expense,3,1,Normal
2210,2018-04-02,3,Vendor_77,5078.16,Standard operational expense,4,1,Normal
2211,2018-12-06,1,Vendor_82,226.58,Standard operational expense,12,1,Normal
2212,2020-03-09,3,Vendor_93,8354.15,Standard operational expense,3,1,Normal
2213,2020-03-31,1,Vendor_25,4920.52,Standard operational expense,3,1,Normal
2214,2019-05-29,7,Vendor_4,10179.43,Standard operational expense,5,1,Normal
2215,2022-11-26,6,Vendor_77,62912.94,Emergency Year-end Fund Utilization,11,1,Normal
2216,2021-02-15,5,Vendor_26,5183.12,Standard operational expense,2,1,Normal
2217,2024-11-20,1,Vendor_81,1269.8,Standard operational expense,11,1,Normal
2218,2018-12-25,6,Vendor_16,63788.22,Emergency Year-end Fund Utilization,12,1,Normal
2219,2019-09-24,4,Vendor_8,5705.82,Standard operational expense,9,1,Normal
2220,2021-09-29,3,Vendor_97,13237.46,Standard operational expense,9,1,Normal
2221,2021-10-20,6,Vendor_82,8343.78,Emergency Year-end Fund Utilization,10,1,Normal
2222,2022-11-17,6,Vendor_13,30968.52,Emergency Year-end Fund Utilization,11,1,Normal
2223,2023-04-09,2,Vendor_78,3823.33,Standard operational expense,4,1,Normal
2224,2020-01-21,3,Vendor_94,12830.55,Standard operational expense,1,1,Normal
2225,2020-09-21,8,Vendor_12,13645.03,Standard operational expense,9,1,Normal
2226,2021-03-25,4,Vendor_17,13819.27,Standard operational expense,3,1,Normal
2227,2024-02-03,5,Vendor_84,8986.26,Standard operational expense,2,1,Normal
2228,2019-03-24,3,Vendor_98,7850.01,Standard operational expense,3,1,Normal
2229,2018-07-21,2,Vendor_70,2023.07,Standard operational expense,7,1,Normal
2230,2024-07-31,8,Vendor_23,11750.8,Standard operational expense,7,1,Normal
2231,2024-01-12,2,Vendor_37,9121.12,Standard operational expense,1,1,Normal
2232,2018-05-14,1,Vendor_22,1617.52,Standard operational expense,5,1,Normal
2233,2020-05-22,8,Vendor_79,8893.54,Standard operational expense,5,1,Normal
2234,2023-09-30,8,Vendor_70,1787.15,Standard operational expense,9,1,Normal
2235,2020-01-09,2,Vendor_46,11530.84,Standard operational expense,1,1,Normal
2236,2023-06-01,4,Vendor_12,1159.55,Standard operational expense,6,1,Normal
2237,2019-07-05,7,Vendor_52,6239.06,Standard operational expense,7,1,Normal
2238,2022-12-28,1,Vendor_41,13953.9,Standard operational expense,12,1,Normal
2239,2018-11-10,8,Vendor_31,5136.18,Standard operational expense,11,1,Normal
2240,2024-12-11,6,Vendor_43,20870.04,Emergency Year-end Fund Utilization,12,1,Normal
2241,2024-11-20,6,Vendor_63,80590.44,Emergency Year-end Fund Utilization,11,-1,Anomaly
2242,2021-05-11,7,Vendor_92,4019.89,Standard operational expense,5,1,Normal
2243,2021-10-03,6,Vendor_50,61902.72,Emergency Year-end Fund Utilization,10,1,Normal
2244,2023-10-20,7,Vendor_88,12988.43,Standard operational expense,10,1,Normal
2245,2019-05-29,8,Vendor_43,8824.86,Standard operational expense,5,1,Normal
2246,2023-12-27,6,Vendor_11,12667.079999999998,Emergency Year-end Fund Utilization,12,1,Normal
2247,2020-12-24,2,Vendor_83,5449.11,Standard operational expense,12,1,Normal
2248,2019-04-16,5,Vendor_12,11376.16,Standard operational expense,4,1,Normal
2249,2020-02-29,4,Vendor_30,2364.5,Standard operational expense,2,1,Normal
2250,2020-05-14,8,Vendor_69,12134.77,Standard operational expense,5,1,Normal
2251,2018-01-24,4,Vendor_77,2062.47,Standard operational expense,1,1,Normal
2252,2021-05-16,8,Vendor_54,7895.05,Standard operational expense,5,1,Normal
2253,2019-12-07,8,Vendor_65,3989.32,Standard operational expense,12,1,Normal
2254,2020-08-04,3,Vendor_37,4709.59,Standard operational expense,8,1,Normal
2255,2020-04-28,2,Vendor_42,6073.14,Standard operational expense,4,1,Normal
2256,2023-05-02,5,Vendor_10,8197.92,Standard operational expense,5,1,Normal
2257,2023-12-17,6,Vendor_42,37724.4,Emergency Year-end Fund Utilization,12,1,Normal
2258,2019-03-02,8,Vendor_1,10821.73,Standard operational expense,3,1,Normal
2259,2018-02-25,5,Vendor_2,12151.99,Standard operational expense,2,1,Normal
2260,2019-11-01,8,Vendor_52,11206.43,Standard operational expense,11,1,Normal
2261,2023-11-09,1,Vendor_49,6155.45,Standard operational expense,11,1,Normal
2262,2022-07-23,1,Vendor_83,4080.76,Standard operational expense,7,1,Normal
2263,2024-07-31,4,Vendor_68,13558.78,Standard operational expense,7,1,Normal
2264,2020-06-23,1,Vendor_18,6636.15,Standard operational expense,6,1,Normal
2265,2020-05-23,3,Vendor_6,287.41,Standard operational expense,5,1,Normal
2266,2019-09-30,7,Vendor_69,3537.95,Standard operational expense,9,1,Normal
2267,2020-02-23,1,Vendor_83,13313.93,Standard operational expense,2,1,Normal
2268,2023-07-31,5,Vendor_64,623.84,Standard operational expense,7,1,Normal
2269,2019-12-31,6,Vendor_61,5126.65,Standard operational expense,12,1,Normal
2270,2019-01-16,1,Vendor_20,12880.69,Standard operational expense,1,1,Normal
2271,2021-01-10,3,Vendor_24,14008.48,Standard operational expense,1,1,Normal
2272,2022-03-08,4,Vendor_77,10000.31,Standard operational expense,3,1,Normal
2273,2023-06-20,2,Vendor_88,13339.15,Standard operational expense,6,1,Normal
2274,2022-01-30,1,Vendor_10,8595.79,Standard operational expense,1,1,Normal
2275,2020-04-12,2,Vendor_60,10219.66,Standard operational expense,4,1,Normal
2276,2022-07-05,7,Vendor_69,14996.3,Standard operational expense,7,1,Normal
2277,2022-06-29,2,Vendor_41,8412.4,Standard operational expense,6,1,Normal
2278,2020-12-30,8,Vendor_25,121.28,Standard operational expense,12,1,Normal
2279,2021-03-31,7,Vendor_49,7031.56,Standard operational expense,3,1,Normal
2280,2018-08-13,3,Vendor_37,9067.21,Standard operational expense,8,1,Normal
2281,2018-12-08,6,Vendor_14,81574.68000000001,Emergency Year-end Fund Utilization,12,-1,Anomaly
2282,2024-01-21,4,Vendor_8,9199.9,Standard operational expense,1,1,Normal
2283,2022-08-17,4,Vendor_28,1781.32,Standard operational expense,8,1,Normal
2284,2022-12-21,6,Vendor_76,5057.88,Emergency Year-end Fund Utilization,12,1,Normal
2285,2020-03-29,8,Vendor_29,2438.07,Standard operational expense,3,1,Normal
2286,2020-04-29,2,Vendor_82,915.7,Standard operational expense,4,1,Normal
2287,2018-10-04,1,Vendor_60,9023.36,Standard operational expense,10,1,Normal
2288,2023-04-24,2,Vendor_34,11697.25,Standard operational expense,4,1,Normal
2289,2024-11-19,6,Vendor_98,76641.84,Emergency Year-end Fund Utilization,11,-1,Anomaly
2290,2020-01-13,5,Vendor_84,5061.05,Standard operational expense,1,1,Normal
2291,2020-12-24,5,Vendor_80,4822.0,Standard operational expense,12,1,Normal
2292,2020-02-22,1,Vendor_23,3894.46,Standard operational expense,2,1,Normal
2293,2022-02-28,5,Vendor_98,1560.86,Standard operational expense,2,1,Normal
2294,2023-01-08,8,Vendor_64,7018.82,Standard operational expense,1,1,Normal
2295,2022-06-05,7,Vendor_8,14372.89,Standard operational expense,6,1,Normal
2296,2020-07-05,5,Vendor_69,4815.38,Standard operational expense,7,1,Normal
2297,2023-04-21,3,Vendor_73,11953.61,Standard operational expense,4,1,Normal
2298,2024-11-05,6,Vendor_3,84255.95999999999,Emergency Year-end Fund Utilization,11,-1,Anomaly
2299,2024-12-13,6,Vendor_74,43710.96,Emergency Year-end Fund Utilization,12,1,Normal
2300,2020-03-12,3,Vendor_22,11576.41,Standard operational expense,3,1,Normal
2301,2022-11-13,2,Vendor_32,992.88,Standard operational expense,11,1,Normal
2302,2021-02-03,8,Vendor_72,10173.79,Standard operational expense,2,1,Normal
2303,2019-03-08,2,Vendor_53,1426.25,Standard operational expense,3,1,Normal
2304,2021-09-10,2,Vendor_38,5915.29,Standard operational expense,9,1,Normal
2305,2021-03-08,5,Vendor_20,4403.71,Standard operational expense,3,1,Normal
2306,2020-02-28,2,Vendor_74,2587.56,Standard operational expense,2,1,Normal
2307,2021-10-09,2,Vendor_31,7765.34,Standard operational expense,10,1,Normal
2308,2022-04-27,7,Vendor_61,6787.89,Standard operational expense,4,1,Normal
2309,2022-07-05,8,Vendor_19,5852.88,Standard operational expense,7,1,Normal
2310,2021-04-17,1,Vendor_93,1697.98,Standard operational expense,4,1,Normal
2311,2023-02-10,8,Vendor_75,4200.33,Standard operational expense,2,1,Normal
2312,2021-02-25,7,Vendor_22,1171.41,Standard operational expense,2,1,Normal
2313,2019-06-15,7,Vendor_41,1257.92,Standard operational expense,6,1,Normal
2314,2023-09-02,7,Vendor_66,5953.3,Standard operational expense,9,1,Normal
2315,2022-09-26,8,Vendor_77,2369.12,Standard operational expense,9,1,Normal
2316,2019-11-12,5,Vendor_32,11019.29,Standard operational expense,11,1,Normal
2317,2024-12-04,8,Vendor_66,4345.21,Standard operational expense,12,1,Normal
2318,2021-06-07,8,Vendor_28,7335.9,Standard operational expense,6,1,Normal
2319,2024-10-04,1,Vendor_74,245.71,Standard operational expense,10,1,Normal
2320,2024-10-22,4,Vendor_10,7035.76,Standard operational expense,10,1,Normal
2321,2020-11-23,6,Vendor_45,19094.34,Emergency Year-end Fund Utilization,11,1,Normal
2322,2024-11-16,3,Vendor_41,7698.78,Standard operational expense,11,1,Normal
2323,2023-06-10,5,Vendor_14,13957.08,Standard operational expense,6,1,Normal
2324,2024-10-01,1,Vendor_58,13453.92,Standard operational expense,10,1,Normal
2325,2018-07-05,8,Vendor_25,7987.92,Standard operational expense,7,1,Normal
2326,2018-09-10,3,Vendor_8,12896.74,Standard operational expense,9,1,Normal
2327,2018-08-11,3,Vendor_86,4011.4,Standard operational expense,8,1,Normal
2328,2022-01-28,4,Vendor_9,12048.52,Standard operational expense,1,1,Normal
2329,2023-03-01,5,Vendor_96,1138.39,Standard operational expense,3,1,Normal
2330,2021-03-08,4,Vendor_47,3308.85,Standard operational expense,3,1,Normal
2331,2019-12-16,4,Vendor_27,5752.55,Standard operational expense,12,1,Normal
2332,2020-05-19,7,Vendor_48,12201.48,Standard operational expense,5,1,Normal
2333,2022-11-11,3,Vendor_84,3233.12,Standard operational expense,11,1,Normal
2334,2024-12-30,4,Vendor_73,8286.49,Standard operational expense,12,1,Normal
2335,2021-01-04,1,Vendor_26,10501.25,Standard operational expense,1,1,Normal
2336,2018-04-16,5,Vendor_58,7722.7,Standard operational expense,4,1,Normal
2337,2023-11-06,3,Vendor_77,6740.81,Standard operational expense,11,1,Normal
2338,2022-01-05,4,Vendor_10,11517.93,Standard operational expense,1,1,Normal
2339,2021-11-06,6,Vendor_73,4654.16,Standard operational expense,11,1,Normal
2340,2018-05-22,5,Vendor_15,170.22,Standard operational expense,5,1,Normal
2341,2024-07-27,1,Vendor_30,11473.09,Standard operational expense,7,1,Normal
2342,2022-01-09,5,Vendor_47,10692.33,Standard operational expense,1,1,Normal
2343,2019-09-16,8,Vendor_96,11315.63,Standard operational expense,9,1,Normal
2344,2018-02-12,8,Vendor_12,1487.3,Standard operational expense,2,1,Normal
2345,2019-08-19,8,Vendor_59,9654.86,Standard operational expense,8,1,Normal
2346,2020-10-09,1,Vendor_49,10569.18,Standard operational expense,10,1,Normal
2347,2021-11-11,6,Vendor_59,36334.92,Emergency Year-end Fund Utilization,11,1,Normal
2348,2022-03-31,2,Vendor_23,4542.44,Standard operational expense,3,1,Normal
2349,2022-10-08,6,Vendor_62,5496.51,Standard operational expense,10,1,Normal
2350,2022-01-26,7,Vendor_46,1774.55,Standard operational expense,1,1,Normal
2351,2023-10-13,6,Vendor_44,9675.16,Standard operational expense,10,1,Normal
2352,2022-05-30,5,Vendor_89,11255.22,Standard operational expense,5,1,Normal
2353,2022-12-12,6,Vendor_83,12442.74,Emergency Year-end Fund Utilization,12,1,Normal
2354,2019-10-24,4,Vendor_25,10844.73,Standard operational expense,10,1,Normal
2355,2023-10-22,2,Vendor_5,7141.38,Standard operational expense,10,1,Normal
2356,2018-03-02,1,Vendor_48,12092.01,Standard operational expense,3,1,Normal
2357,2022-12-12,1,Vendor_54,3675.24,Standard operational expense,12,1,Normal
2358,2021-08-08,2,Vendor_82,6126.92,Standard operational expense,8,1,Normal
2359,2018-01-10,1,Vendor_65,12330.52,Standard operational expense,1,1,Normal
2360,2020-01-01,1,Vendor_5,2882.91,Standard operational expense,1,1,Normal
2361,2023-11-01,1,Vendor_15,5869.03,Standard operational expense,11,1,Normal
2362,2022-02-15,7,Vendor_76,103.59,Standard operational expense,2,1,Normal
2363,2023-05-11,3,Vendor_41,330.92,Standard operational expense,5,1,Normal
2364,2021-04-05,2,Vendor_23,2953.67,Standard operational expense,4,1,Normal
2365,2024-11-21,8,Vendor_28,3696.11,Standard operational expense,11,1,Normal
2366,2023-01-17,8,Vendor_38,11240.01,Standard operational expense,1,1,Normal
2367,2021-04-29,3,Vendor_40,11910.67,Standard operational expense,4,1,Normal
2368,2019-09-13,7,Vendor_68,697.03,Standard operational expense,9,1,Normal
2369,2019-02-21,8,Vendor_10,2368.2,Standard operational expense,2,1,Normal
2370,2021-10-11,4,Vendor_75,9578.39,Standard operational expense,10,1,Normal
2371,2022-09-22,2,Vendor_63,14952.43,Standard operational expense,9,1,Normal
2372,2018-09-25,5,Vendor_64,5982.63,Standard operational expense,9,1,Normal
2373,2018-05-06,2,Vendor_89,13996.46,Standard operational expense,5,1,Normal
2374,2021-10-07,1,Vendor_81,11949.79,Standard operational expense,10,1,Normal
2375,2018-10-08,3,Vendor_5,13185.96,Standard operational expense,10,1,Normal
2376,2019-09-09,3,Vendor_9,7069.46,Standard operational expense,9,1,Normal
2377,2019-10-18,6,Vendor_33,11305.38,Emergency Year-end Fund Utilization,10,1,Normal
2378,2021-11-10,6,Vendor_90,8383.09,Standard operational expense,11,1,Normal
2379,2022-09-18,1,Vendor_90,14155.32,Standard operational expense,9,1,Normal
2380,2021-04-10,8,Vendor_24,11699.89,Standard operational expense,4,1,Normal
2381,2021-04-21,7,Vendor_34,611.04,Standard operational expense,4,1,Normal
2382,2021-07-30,2,Vendor_72,2825.55,Standard operational expense,7,1,Normal
2383,2020-09-14,7,Vendor_63,9385.27,Standard operational expense,9,1,Normal
2384,2019-01-08,2,Vendor_68,12103.56,Standard operational expense,1,1,Normal
2385,2024-08-28,7,Vendor_90,9597.33,Standard operational expense,8,1,Normal
2386,2021-04-30,8,Vendor_13,6161.66,Standard operational expense,4,1,Normal
2387,2020-10-16,2,Vendor_24,9756.72,Standard operational expense,10,1,Normal
2388,2022-11-08,8,Vendor_86,7909.9,Standard operational expense,11,1,Normal
2389,2020-11-04,2,Vendor_60,1378.33,Standard operational expense,11,1,Normal
2390,2019-08-08,4,Vendor_65,11364.46,Standard operational expense,8,1,Normal
2391,2021-10-06,4,Vendor_93,4713.05,Standard operational expense,10,1,Normal
2392,2020-01-13,1,Vendor_76,14519.33,Standard operational expense,1,1,Normal
2393,2020-12-12,6,Vendor_74,14389.46,Standard operational expense,12,1,Normal
2394,2021-07-23,7,Vendor_58,1098.17,Standard operational expense,7,1,Normal
2395,2018-04-15,2,Vendor_39,7967.91,Standard operational expense,4,1,Normal
2396,2021-03-27,5,Vendor_43,13782.45,Standard operational expense,3,1,Normal
2397,2022-10-15,4,Vendor_76,11836.38,Standard operational expense,10,1,Normal
2398,2022-11-10,1,Vendor_92,260.9,Standard operational expense,11,1,Normal
2399,2019-03-23,5,Vendor_44,1924.97,Standard operational expense,3,1,Normal
2400,2023-04-28,3,Vendor_94,6209.35,Standard operational expense,4,1,Normal
2401,2022-11-12,6,Vendor_62,25466.04,Emergency Year-end Fund Utilization,11,1,Normal
2402,2020-10-06,3,Vendor_90,11309.79,Standard operational expense,10,1,Normal
2403,2022-12-23,6,Vendor_23,47726.94,Emergency Year-end Fund Utilization,12,1,Normal
2404,2023-11-04,2,Vendor_9,13774.6,Standard operational expense,11,1,Normal
2405,2022-12-28,7,Vendor_58,11070.18,Standard operational expense,12,1,Normal
2406,2023-12-19,3,Vendor_64,2075.35,Standard operational expense,12,1,Normal
2407,2018-12-17,4,Vendor_35,791.4,Standard operational expense,12,1,Normal
2408,2022-12-12,8,Vendor_85,13378.89,Standard operational expense,12,1,Normal
2409,2018-12-19,8,Vendor_97,11572.61,Standard operational expense,12,1,Normal
2410,2019-02-16,7,Vendor_98,4279.86,Standard operational expense,2,1,Normal
2411,2018-07-11,7,Vendor_15,12359.13,Standard operational expense,7,1,Normal
2412,2024-09-03,4,Vendor_84,4387.0,Standard operational expense,9,1,Normal
2413,2020-12-07,6,Vendor_92,37337.4,Emergency Year-end Fund Utilization,12,1,Normal
2414,2022-07-19,7,Vendor_96,6633.77,Standard operational expense,7,1,Normal
2415,2022-07-17,5,Vendor_70,12910.24,Standard operational expense,7,1,Normal
2416,2022-06-02,4,Vendor_13,4211.33,Standard operational expense,6,1,Normal
2417,2024-06-04,4,Vendor_21,5259.36,Standard operational expense,6,1,Normal
2418,2022-10-21,2,Vendor_26,1542.6,Standard operational expense,10,1,Normal
2419,2021-10-18,6,Vendor_29,69477.12,Emergency Year-end Fund Utilization,10,-1,Anomaly
2420,2021-07-20,4,Vendor_61,6202.46,Standard operational expense,7,1,Normal
2421,2018-05-03,5,Vendor_25,7333.91,Standard operational expense,5,1,Normal
2422,2020-09-17,3,Vendor_89,8929.27,Standard operational expense,9,1,Normal
2423,2024-10-16,6,Vendor_99,9115.56,Standard operational expense,10,1,Normal
2424,2022-09-14,1,Vendor_3,2728.54,Standard operational expense,9,1,Normal
2425,2022-09-28,1,Vendor_15,3445.94,Standard operational expense,9,1,Normal
2426,2022-10-10,6,Vendor_56,85289.22,Emergency Year-end Fund Utilization,10,-1,Anomaly
2427,2018-12-25,2,Vendor_49,1332.8,Standard operational expense,12,1,Normal
2428,2021-10-23,6,Vendor_95,44468.100000000006,Emergency Year-end Fund Utilization,10,1,Normal
2429,2021-05-07,3,Vendor_88,5809.15,Standard operational expense,5,1,Normal
2430,2022-02-14,1,Vendor_40,13095.2,Standard operational expense,2,1,Normal
2431,2023-10-01,6,Vendor_27,70478.22,Emergency Year-end Fund Utilization,10,-1,Anomaly
2432,2018-07-22,5,Vendor_71,10749.06,Standard operational expense,7,1,Normal
2433,2020-09-13,7,Vendor_13,14196.53,Standard operational expense,9,1,Normal
2434,2020-06-25,4,Vendor_86,4603.92,Standard operational expense,6,1,Normal
2435,2021-05-29,1,Vendor_46,8241.22,Standard operational expense,5,1,Normal
2436,2018-10-01,3,Vendor_93,238.72,Standard operational expense,10,1,Normal
2437,2018-05-04,2,Vendor_31,8203.78,Standard operational expense,5,1,Normal
2438,2022-08-19,4,Vendor_55,2228.08,Standard operational expense,8,1,Normal
2439,2019-03-18,1,Vendor_24,6567.33,Standard operational expense,3,1,Normal
2440,2022-10-08,8,Vendor_24,434.49,Standard operational expense,10,1,Normal
2441,2022-08-18,5,Vendor_91,801.21,Standard operational expense,8,1,Normal
2442,2024-01-24,7,Vendor_65,8077.03,Standard operational expense,1,1,Normal
2443,2023-03-27,4,Vendor_1,12815.6,Standard operational expense,3,1,Normal
2444,2024-12-15,6,Vendor_74,81413.4,Emergency Year-end Fund Utilization,12,-1,Anomaly
2445,2018-11-08,6,Vendor_56,23310.36,Emergency Year-end Fund Utilization,11,1,Normal
2446,2019-12-31,8,Vendor_9,13882.16,Standard operational expense,12,1,Normal
2447,2018-05-19,3,Vendor_70,2937.16,Standard operational expense,5,1,Normal
2448,2018-11-13,6,Vendor_86,72646.68000000001,Emergency Year-end Fund Utilization,11,1,Normal
2449,2020-03-15,7,Vendor_78,823.58,Standard operational expense,3,1,Normal
2450,2019-10-02,7,Vendor_58,13445.1,Standard operational expense,10,1,Normal
2451,2020-03-14,8,Vendor_71,9659.54,Standard operational expense,3,1,Normal
2452,2019-07-14,2,Vendor_30,13137.63,Standard operational expense,7,1,Normal
2453,2023-10-09,5,Vendor_33,11399.93,Standard operational expense,10,1,Normal
2454,2018-02-07,1,Vendor_59,898.29,Standard operational expense,2,1,Normal
2455,2021-12-11,5,Vendor_30,3196.58,Standard operational expense,12,1,Normal
2456,2019-07-23,1,Vendor_49,13922.35,Standard operational expense,7,1,Normal
2457,2018-02-25,1,Vendor_88,5181.2,Standard operational expense,2,1,Normal
2458,2023-10-17,6,Vendor_25,10088.04,Emergency Year-end Fund Utilization,10,1,Normal
2459,2018-09-14,8,Vendor_3,8856.5,Standard operational expense,9,1,Normal
2460,2023-09-28,3,Vendor_29,7363.27,Standard operational expense,9,1,Normal
2461,2019-03-10,2,Vendor_17,12044.13,Standard operational expense,3,1,Normal
2462,2023-12-06,6,Vendor_17,25158.6,Emergency Year-end Fund Utilization,12,1,Normal
2463,2022-05-04,4,Vendor_50,1172.51,Standard operational expense,5,1,Normal
2464,2022-04-28,1,Vendor_81,7252.28,Standard operational expense,4,1,Normal
2465,2018-02-15,2,Vendor_80,7946.26,Standard operational expense,2,1,Normal
2466,2023-12-27,7,Vendor_24,180.44,Standard operational expense,12,1,Normal
2467,2019-09-29,8,Vendor_94,685.45,Standard operational expense,9,1,Normal
2468,2020-01-08,1,Vendor_73,4878.92,Standard operational expense,1,1,Normal
2469,2022-10-16,4,Vendor_89,8028.09,Standard operational expense,10,1,Normal
2470,2022-02-08,5,Vendor_51,3196.87,Standard operational expense,2,1,Normal
2471,2018-08-02,2,Vendor_31,9957.71,Standard operational expense,8,1,Normal
2472,2021-05-27,4,Vendor_32,8645.03,Standard operational expense,5,1,Normal
2473,2021-03-29,1,Vendor_99,2906.94,Standard operational expense,3,1,Normal
2474,2021-04-19,5,Vendor_74,5349.4,Standard operational expense,4,1,Normal
2475,2021-01-08,7,Vendor_52,13837.61,Standard operational expense,1,1,Normal
2476,2019-04-18,7,Vendor_84,2225.55,Standard operational expense,4,1,Normal
2477,2023-01-20,7,Vendor_75,7390.91,Standard operational expense,1,1,Normal
2478,2023-10-20,6,Vendor_43,42688.2,Emergency Year-end Fund Utilization,10,1,Normal
2479,2020-05-29,3,Vendor_46,8394.56,Standard operational expense,5,1,Normal
2480,2022-07-07,3,Vendor_80,7494.8,Standard operational expense,7,1,Normal
2481,2018-05-27,2,Vendor_26,2723.63,Standard operational expense,5,1,Normal
2482,2024-08-19,2,Vendor_28,3589.57,Standard operational expense,8,1,Normal
2483,2024-11-01,4,Vendor_37,8155.1,Standard operational expense,11,1,Normal
2484,2021-09-07,1,Vendor_85,11002.03,Standard operational expense,9,1,Normal
2485,2023-06-04,1,Vendor_61,8729.03,Standard operational expense,6,1,Normal
2486,2019-04-09,8,Vendor_72,10441.68,Standard operational expense,4,1,Normal
2487,2021-12-21,6,Vendor_57,9102.19,Standard operational expense,12,1,Normal
2488,2024-07-12,7,Vendor_30,2537.77,Standard operational expense,7,1,Normal
2489,2020-10-08,5,Vendor_9,8873.27,Standard operational expense,10,1,Normal
2490,2023-11-20,6,Vendor_82,16225.920000000002,Emergency Year-end Fund Utilization,11,1,Normal
2491,2020-02-09,2,Vendor_31,9322.13,Standard operational expense,2,1,Normal
2492,2022-01-25,8,Vendor_7,460.67,Standard operational expense,1,-1,Anomaly
2493,2019-11-19,6,Vendor_78,8880.36,Standard operational expense,11,1,Normal
2494,2023-05-27,3,Vendor_81,12207.93,Standard operational expense,5,1,Normal
2495,2018-05-03,2,Vendor_49,10321.76,Standard operational expense,5,1,Normal
2496,2020-04-20,2,Vendor_12,9427.16,Standard operational expense,4,1,Normal
2497,2018-12-23,6,Vendor_69,36764.04,Emergency Year-end Fund Utilization,12,1,Normal
2498,2024-04-01,4,Vendor_3,7746.23,Standard operational expense,4,1,Normal
2499,2020-04-05,8,Vendor_17,2718.16,Standard operational expense,4,1,Normal
2500,2021-01-18,4,Vendor_76,6755.66,Standard operational expense,1,1,Normal
2501,2024-04-23,5,Vendor_52,4642.09,Standard operational expense,4,1,Normal
2502,2021-09-23,3,Vendor_44,4640.94,Standard operational expense,9,1,Normal
2503,2019-11-03,2,Vendor_79,9282.19,Standard operational expense,11,1,Normal
2504,2023-02-04,4,Vendor_53,5916.61,Standard operational expense,2,1,Normal
2505,2020-12-10,5,Vendor_17,5578.86,Standard operational expense,12,1,Normal
2506,2023-06-10,2,Vendor_56,9989.64,Standard operational expense,6,1,Normal
2507,2020-11-12,2,Vendor_64,3320.28,Standard operational expense,11,1,Normal
2508,2019-05-16,2,Vendor_1,3234.54,Standard operational expense,5,1,Normal
2509,2024-11-19,5,Vendor_61,181.11,Standard operational expense,11,1,Normal
2510,2020-09-15,2,Vendor_14,11652.45,Standard operational expense,9,1,Normal
2511,2023-07-27,3,Vendor_48,14339.03,Standard operational expense,7,1,Normal
2512,2019-01-22,7,Vendor_23,8405.63,Standard operational expense,1,1,Normal
2513,2019-03-28,5,Vendor_95,12520.25,Standard operational expense,3,1,Normal
2514,2018-08-01,2,Vendor_99,6613.51,Standard operational expense,8,1,Normal
2515,2024-05-30,8,Vendor_29,7508.89,Standard operational expense,5,1,Normal
2516,2023-07-24,7,Vendor_65,9155.67,Standard operational expense,7,1,Normal
2517,2022-11-15,5,Vendor_46,4875.25,Standard operational expense,11,1,Normal
2518,2024-07-09,1,Vendor_14,13715.84,Standard operational expense,7,1,Normal
2519,2023-09-23,8,Vendor_12,8405.7,Standard operational expense,9,1,Normal
2520,2018-02-24,3,Vendor_33,9251.12,Standard operational expense,2,1,Normal
2521,2024-10-21,6,Vendor_31,28177.14,Emergency Year-end Fund Utilization,10,1,Normal
2522,2020-09-11,8,Vendor_77,6033.93,Standard operational expense,9,1,Normal
2523,2022-05-07,2,Vendor_41,2188.46,Standard operational expense,5,1,Normal
2524,2022-02-11,5,Vendor_52,6756.42,Standard operational expense,2,1,Normal
2525,2019-04-12,7,Vendor_13,10775.15,Standard operational expense,4,1,Normal
2526,2024-04-14,5,Vendor_61,14371.67,Standard operational expense,4,1,Normal
2527,2019-04-15,5,Vendor_30,5119.03,Standard operational expense,4,1,Normal
2528,2022-06-20,8,Vendor_97,9093.43,Standard operational expense,6,1,Normal
2529,2021-02-10,4,Vendor_79,14294.83,Standard operational expense,2,1,Normal
2530,2018-05-12,2,Vendor_69,14575.59,Standard operational expense,5,1,Normal
2531,2022-02-14,2,Vendor_4,14201.04,Standard operational expense,2,1,Normal
2532,2020-11-28,6,Vendor_33,13267.63,Standard operational expense,11,1,Normal
2533,2018-10-16,8,Vendor_21,12570.22,Standard operational expense,10,1,Normal
2534,2022-09-05,7,Vendor_90,14427.87,Standard operational expense,9,1,Normal
2535,2021-01-15,2,Vendor_42,12326.59,Standard operational expense,1,1,Normal
2536,2018-01-12,1,Vendor_3,11825.94,Standard operational expense,1,1,Normal
2537,2021-05-26,1,Vendor_16,9901.05,Standard operational expense,5,1,Normal
2538,2022-02-04,2,Vendor_3,5387.2,Standard operational expense,2,1,Normal
2539,2021-06-03,1,Vendor_73,4183.22,Standard operational expense,6,1,Normal
2540,2022-08-04,2,Vendor_21,3965.79,Standard operational expense,8,1,Normal
2541,2022-08-10,1,Vendor_75,3446.28,Standard operational expense,8,1,Normal
2542,2019-02-21,8,Vendor_85,7436.13,Standard operational expense,2,1,Normal
2543,2018-06-16,8,Vendor_42,5329.54,Standard operational expense,6,1,Normal
2544,2022-03-25,1,Vendor_2,2958.91,Standard operational expense,3,1,Normal
2545,2018-10-02,6,Vendor_93,6326.82,Standard operational expense,10,1,Normal
2546,2024-07-01,1,Vendor_68,11715.02,Standard operational expense,7,1,Normal
2547,2024-07-25,4,Vendor_51,10588.66,Standard operational expense,7,1,Normal
2548,2023-02-17,2,Vendor_64,7558.66,Standard operational expense,2,1,Normal
2549,2024-04-30,1,Vendor_97,9495.77,Standard operational expense,4,1,Normal
2550,2024-09-24,5,Vendor_90,3572.36,Standard operational expense,9,1,Normal
2551,2023-07-09,8,Vendor_37,525.71,Standard operational expense,7,1,Normal
2552,2020-11-20,7,Vendor_11,5949.56,Standard operational expense,11,1,Normal
2553,2024-07-19,8,Vendor_38,921.83,Standard operational expense,7,1,Normal
2554,2024-07-17,2,Vendor_84,5570.83,Standard operational expense,7,1,Normal
2555,2021-10-21,6,Vendor_80,63780.66,Emergency Year-end Fund Utilization,10,1,Normal
2556,2024-02-18,8,Vendor_91,2612.13,Standard operational expense,2,1,Normal
2557,2024-10-10,8,Vendor_97,9493.68,Standard operational expense,10,1,Normal
2558,2024-12-18,3,Vendor_9,5975.68,Standard operational expense,12,1,Normal
2559,2023-08-19,1,Vendor_44,10614.32,Standard operational expense,8,1,Normal
2560,2020-10-28,8,Vendor_33,10987.12,Standard operational expense,10,1,Normal
2561,2022-03-17,4,Vendor_55,2961.04,Standard operational expense,3,1,Normal
2562,2019-03-19,8,Vendor_82,13431.95,Standard operational expense,3,1,Normal
2563,2020-04-12,3,Vendor_8,12175.51,Standard operational expense,4,1,Normal
2564,2019-01-22,2,Vendor_69,14961.6,Standard operational expense,1,1,Normal
2565,2022-09-15,8,Vendor_50,2722.99,Standard operational expense,9,1,Normal
2566,2022-04-18,7,Vendor_57,4870.7,Standard operational expense,4,1,Normal
2567,2021-06-08,8,Vendor_38,11596.39,Standard operational expense,6,1,Normal
2568,2020-01-17,5,Vendor_89,2764.73,Standard operational expense,1,1,Normal
2569,2024-01-01,4,Vendor_64,11191.85,Standard operational expense,1,1,Normal
2570,2023-02-26,1,Vendor_56,2923.4,Standard operational expense,2,1,Normal
2571,2022-12-02,4,Vendor_99,2442.81,Standard operational expense,12,1,Normal
2572,2023-09-12,1,Vendor_56,10247.65,Standard operational expense,9,1,Normal
2573,2024-09-06,1,Vendor_29,6151.04,Standard operational expense,9,1,Normal
2574,2023-09-18,3,Vendor_17,7380.21,Standard operational expense,9,1,Normal
2575,2024-10-22,6,Vendor_14,88533.6,Emergency Year-end Fund Utilization,10,-1,Anomaly
2576,2020-11-11,6,Vendor_61,9944.82,Emergency Year-end Fund Utilization,11,1,Normal
2577,2022-05-09,2,Vendor_16,6805.36,Standard operational expense,5,1,Normal
2578,2019-07-07,2,Vendor_61,5401.03,Standard operational expense,7,1,Normal
2579,2020-02-07,1,Vendor_49,7767.11,Standard operational expense,2,1,Normal
2580,2023-05-26,2,Vendor_50,11707.18,Standard operational expense,5,1,Normal
2581,2018-12-06,6,Vendor_8,51493.740000000005,Emergency Year-end Fund Utilization,12,1,Normal
2582,2020-12-18,1,Vendor_4,11324.36,Standard operational expense,12,1,Normal
2583,2023-06-20,7,Vendor_7,7207.18,Standard operational expense,6,1,Normal
2584,2023-10-18,1,Vendor_6,4817.31,Standard operational expense,10,1,Normal
2585,2018-03-30,3,Vendor_66,9677.75,Standard operational expense,3,1,Normal
2586,2018-09-23,8,Vendor_77,6285.94,Standard operational expense,9,1,Normal
2587,2020-10-01,7,Vendor_43,13254.26,Standard operational expense,10,1,Normal
2588,2018-07-29,8,Vendor_10,7737.82,Standard operational expense,7,1,Normal
2589,2019-02-19,1,Vendor_77,14473.89,Standard operational expense,2,1,Normal
2590,2020-02-08,7,Vendor_67,13949.64,Standard operational expense,2,1,Normal
2591,2024-01-20,7,Vendor_93,7288.11,Standard operational expense,1,1,Normal
2592,2019-06-26,7,Vendor_43,4157.06,Standard operational expense,6,1,Normal
2593,2024-12-19,4,Vendor_65,4662.96,Standard operational expense,12,1,Normal
2594,2021-12-07,2,Vendor_95,11101.43,Standard operational expense,12,1,Normal
2595,2021-03-16,3,Vendor_15,8935.47,Standard operational expense,3,1,Normal
2596,2023-07-10,1,Vendor_90,6982.69,Standard operational expense,7,1,Normal
2597,2019-12-21,4,Vendor_77,4043.28,Standard operational expense,12,1,Normal
2598,2019-11-04,5,Vendor_91,11286.77,Standard operational expense,11,1,Normal
2599,2020-02-21,8,Vendor_83,832.5,Standard operational expense,2,1,Normal
2600,2019-11-18,6,Vendor_83,11454.29,Standard operational expense,11,1,Normal
2601,2018-08-11,1,Vendor_78,598.06,Standard operational expense,8,1,Normal
2602,2019-05-18,4,Vendor_74,4264.09,Standard operational expense,5,1,Normal
2603,2019-09-16,7,Vendor_27,14316.56,Standard operational expense,9,1,Normal
2604,2020-12-29,2,Vendor_61,2217.9,Standard operational expense,12,1,Normal
2605,2021-08-22,4,Vendor_40,13969.41,Standard operational expense,8,1,Normal
2606,2020-11-11,8,Vendor_40,13555.45,Standard operational expense,11,1,Normal
2607,2022-04-23,8,Vendor_81,6381.16,Standard operational expense,4,1,Normal
2608,2021-04-21,3,Vendor_8,8181.56,Standard operational expense,4,1,Normal
2609,2023-02-03,3,Vendor_90,111.76,Standard operational expense,2,1,Normal
2610,2024-07-11,7,Vendor_85,9544.36,Standard operational expense,7,1,Normal
2611,2019-08-25,3,Vendor_72,10931.97,Standard operational expense,8,1,Normal
2612,2022-12-11,8,Vendor_56,9095.95,Standard operational expense,12,1,Normal
2613,2020-09-12,7,Vendor_32,4588.35,Standard operational expense,9,1,Normal
2614,2024-10-17,1,Vendor_61,6726.86,Standard operational expense,10,1,Normal
2615,2022-05-21,2,Vendor_76,9969.34,Standard operational expense,5,1,Normal
2616,2021-04-02,1,Vendor_38,13350.85,Standard operational expense,4,1,Normal
2617,2021-12-11,2,Vendor_86,11250.79,Standard operational expense,12,1,Normal
2618,2024-07-20,5,Vendor_82,9079.78,Standard operational expense,7,1,Normal
2619,2019-08-15,7,Vendor_13,1306.15,Standard operational expense,8,1,Normal
2620,2022-07-13,3,Vendor_57,10728.49,Standard operational expense,7,1,Normal
2621,2019-06-13,2,Vendor_55,4309.86,Standard operational expense,6,1,Normal
2622,2024-12-21,1,Vendor_87,9755.67,Standard operational expense,12,1,Normal
2623,2019-03-14,5,Vendor_29,12882.96,Standard operational expense,3,1,Normal
2624,2019-07-14,5,Vendor_74,5079.81,Standard operational expense,7,1,Normal
2625,2024-11-19,5,Vendor_35,12069.24,Standard operational expense,11,1,Normal
2626,2019-11-16,5,Vendor_70,13996.35,Standard operational expense,11,1,Normal
2627,2018-08-16,1,Vendor_47,9612.98,Standard operational expense,8,1,Normal
2628,2020-11-29,7,Vendor_83,7389.32,Standard operational expense,11,1,Normal
2629,2018-10-29,6,Vendor_21,7554.44,Standard operational expense,10,1,Normal
2630,2020-02-08,3,Vendor_60,8279.09,Standard operational expense,2,1,Normal
2631,2018-09-17,2,Vendor_52,9818.73,Standard operational expense,9,1,Normal
2632,2018-12-12,6,Vendor_87,15308.579999999998,Emergency Year-end Fund Utilization,12,1,Normal
2633,2019-04-26,8,Vendor_69,12029.89,Standard operational expense,4,1,Normal
2634,2021-04-13,4,Vendor_31,5780.33,Standard operational expense,4,1,Normal
2635,2023-02-27,4,Vendor_44,12833.07,Standard operational expense,2,1,Normal
2636,2018-06-04,3,Vendor_60,3664.43,Standard operational expense,6,1,Normal
2637,2021-11-26,1,Vendor_31,6946.58,Standard operational expense,11,1,Normal
2638,2023-03-08,3,Vendor_97,3877.06,Standard operational expense,3,1,Normal
2639,2019-03-21,3,Vendor_96,8545.41,Standard operational expense,3,1,Normal
2640,2023-04-21,2,Vendor_54,6236.6,Standard operational expense,4,1,Normal
2641,2023-12-04,6,Vendor_11,83704.74,Emergency Year-end Fund Utilization,12,-1,Anomaly
2642,2018-11-13,4,Vendor_25,8454.35,Standard operational expense,11,1,Normal
2643,2018-06-09,4,Vendor_4,6260.64,Standard operational expense,6,1,Normal
2644,2024-12-24,6,Vendor_47,7970.58,Standard operational expense,12,1,Normal
2645,2018-01-01,3,Vendor_62,9124.92,Standard operational expense,1,1,Normal
2646,2024-06-25,1,Vendor_62,7119.15,Standard operational expense,6,1,Normal
2647,2023-01-01,2,Vendor_43,10976.9,Standard operational expense,1,1,Normal
2648,2020-06-16,8,Vendor_51,12328.96,Standard operational expense,6,1,Normal
2649,2019-01-26,5,Vendor_94,303.23,Standard operational expense,1,1,Normal
2650,2024-06-03,1,Vendor_60,3826.23,Standard operational expense,6,1,Normal
2651,2021-08-12,3,Vendor_66,7485.24,Standard operational expense,8,1,Normal
2652,2018-08-22,8,Vendor_95,6177.45,Standard operational expense,8,1,Normal
2653,2019-08-15,2,Vendor_44,237.09,Standard operational expense,8,1,Normal
2654,2020-01-02,8,Vendor_18,2825.74,Standard operational expense,1,1,Normal
2655,2020-04-15,7,Vendor_8,4536.54,Standard operational expense,4,1,Normal
2656,2023-10-13,3,Vendor_40,11262.45,Standard operational expense,10,1,Normal
2657,2020-07-01,2,Vendor_93,13081.84,Standard operational expense,7,1,Normal
2658,2024-08-12,4,Vendor_6,3441.67,Standard operational expense,8,1,Normal
2659,2018-06-15,2,Vendor_17,6912.73,Standard operational expense,6,1,Normal
2660,2019-12-29,4,Vendor_77,8506.5,Standard operational expense,12,1,Normal
2661,2024-09-13,7,Vendor_62,5971.85,Standard operational expense,9,1,Normal
2662,2023-07-18,3,Vendor_45,12044.47,Standard operational expense,7,1,Normal
2663,2024-12-24,3,Vendor_9,12746.64,Standard operational expense,12,1,Normal
2664,2023-06-19,7,Vendor_35,6290.04,Standard operational expense,6,1,Normal
2665,2018-11-03,3,Vendor_77,4109.88,Standard operational expense,11,1,Normal
2666,2023-12-15,4,Vendor_93,765.45,Standard operational expense,12,1,Normal
2667,2021-12-03,7,Vendor_47,5982.15,Standard operational expense,12,1,Normal
2668,2018-08-23,8,Vendor_67,6252.38,Standard operational expense,8,1,Normal
2669,2022-03-31,1,Vendor_49,10227.91,Standard operational expense,3,1,Normal
2670,2021-01-24,1,Vendor_87,10240.69,Standard operational expense,1,1,Normal
2671,2024-10-12,3,Vendor_97,9689.29,Standard operational expense,10,1,Normal
2672,2023-02-06,4,Vendor_20,14582.07,Standard operational expense,2,1,Normal
2673,2018-03-22,4,Vendor_27,9538.62,Standard operational expense,3,1,Normal
2674,2020-01-27,7,Vendor_84,1516.1,Standard operational expense,1,1,Normal
2675,2021-03-11,4,Vendor_79,11561.83,Standard operational expense,3,1,Normal
2676,2020-06-20,1,Vendor_77,1916.15,Standard operational expense,6,1,Normal
2677,2023-09-08,5,Vendor_80,5454.15,Standard operational expense,9,1,Normal
2678,2024-01-08,8,Vendor_41,9650.99,Standard operational expense,1,1,Normal
2679,2020-07-01,1,Vendor_45,13575.28,Standard operational expense,7,1,Normal
2680,2018-06-07,4,Vendor_55,10960.17,Standard operational expense,6,1,Normal
2681,2021-11-27,5,Vendor_19,5251.38,Standard operational expense,11,1,Normal
2682,2019-10-28,7,Vendor_38,10430.13,Standard operational expense,10,1,Normal
2683,2019-10-05,6,Vendor_66,7994.15,Standard operational expense,10,1,Normal
2684,2018-04-05,4,Vendor_43,14996.14,Standard operational expense,4,1,Normal
2685,2020-10-23,6,Vendor_93,79171.98,Emergency Year-end Fund Utilization,10,-1,Anomaly
2686,2022-04-09,4,Vendor_93,14730.39,Standard operational expense,4,1,Normal
2687,2023-01-10,5,Vendor_30,489.76,Standard operational expense,1,1,Normal
2688,2024-09-23,3,Vendor_91,13436.99,Standard operational expense,9,1,Normal
2689,2020-01-04,3,Vendor_3,3962.31,Standard operational expense,1,1,Normal
2690,2021-02-19,3,Vendor_49,13731.38,Standard operational expense,2,1,Normal
2691,2023-03-28,1,Vendor_77,11386.29,Standard operational expense,3,1,Normal
2692,2022-01-01,7,Vendor_99,9270.82,Standard operational expense,1,1,Normal
2693,2023-11-09,3,Vendor_84,3373.87,Standard operational expense,11,1,Normal
2694,2018-11-16,2,Vendor_93,4913.76,Standard operational expense,11,1,Normal
2695,2022-08-26,5,Vendor_29,11903.63,Standard operational expense,8,1,Normal
2696,2021-01-23,1,Vendor_21,10334.31,Standard operational expense,1,1,Normal
2697,2019-12-17,3,Vendor_41,4791.13,Standard operational expense,12,1,Normal
2698,2024-02-20,2,Vendor_51,9448.21,Standard operational expense,2,1,Normal
2699,2020-05-04,1,Vendor_25,10609.07,Standard operational expense,5,1,Normal
2700,2023-03-13,3,Vendor_26,1526.74,Standard operational expense,3,1,Normal
2701,2021-06-26,7,Vendor_48,5519.51,Standard operational expense,6,1,Normal
2702,2018-10-03,5,Vendor_31,1475.95,Standard operational expense,10,1,Normal
2703,2020-07-11,2,Vendor_4,12607.18,Standard operational expense,7,1,Normal
2704,2021-06-18,5,Vendor_72,6042.44,Standard operational expense,6,1,Normal
2705,2022-03-06,2,Vendor_74,10871.86,Standard operational expense,3,1,Normal
2706,2022-07-25,8,Vendor_29,12040.15,Standard operational expense,7,1,Normal
2707,2021-10-16,4,Vendor_34,11202.66,Standard operational expense,10,1,Normal
2708,2018-03-02,5,Vendor_70,7914.1,Standard operational expense,3,1,Normal
2709,2023-04-15,8,Vendor_93,9202.52,Standard operational expense,4,1,Normal
2710,2019-04-18,7,Vendor_3,12779.96,Standard operational expense,4,1,Normal
2711,2018-03-23,8,Vendor_10,12841.13,Standard operational expense,3,1,Normal
2712,2018-01-12,7,Vendor_64,14698.04,Standard operational expense,1,1,Normal
2713,2020-02-01,2,Vendor_33,13329.1,Standard operational expense,2,1,Normal
2714,2018-03-03,5,Vendor_35,10642.09,Standard operational expense,3,1,Normal
2715,2022-09-25,8,Vendor_83,10693.72,Standard operational expense,9,1,Normal
2716,2022-05-12,8,Vendor_63,13683.42,Standard operational expense,5,1,Normal
2717,2023-08-11,3,Vendor_68,5111.06,Standard operational expense,8,1,Normal
2718,2018-05-13,1,Vendor_39,4983.79,Standard operational expense,5,1,Normal
2719,2021-04-18,4,Vendor_21,14234.95,Standard operational expense,4,1,Normal
2720,2023-05-30,1,Vendor_7,246.72,Standard operational expense,5,1,Normal
2721,2023-09-28,8,Vendor_87,6791.94,Standard operational expense,9,1,Normal
2722,2021-10-09,3,Vendor_26,6281.22,Standard operational expense,10,1,Normal
2723,2022-05-21,5,Vendor_41,5035.0,Standard operational expense,5,1,Normal
2724,2019-11-29,2,Vendor_10,10983.2,Standard operational expense,11,1,Normal
2725,2020-02-22,2,Vendor_87,7342.26,Standard operational expense,2,1,Normal
2726,2022-07-08,4,Vendor_36,13405.17,Standard operational expense,7,1,Normal
2727,2023-01-17,1,Vendor_70,6295.04,Standard operational expense,1,1,Normal
2728,2018-03-15,8,Vendor_22,13275.25,Standard operational expense,3,1,Normal
2729,2018-07-27,4,Vendor_6,8829.36,Standard operational expense,7,1,Normal
2730,2019-02-14,3,Vendor_3,4870.77,Standard operational expense,2,1,Normal
2731,2023-01-18,2,Vendor_63,2946.67,Standard operational expense,1,1,Normal
2732,2020-03-30,3,Vendor_76,12129.45,Standard operational expense,3,1,Normal
2733,2021-11-22,1,Vendor_68,806.49,Standard operational expense,11,1,Normal
2734,2022-08-19,7,Vendor_57,14438.28,Standard operational expense,8,1,Normal
2735,2020-10-14,4,Vendor_50,11160.42,Standard operational expense,10,1,Normal
2736,2020-10-14,8,Vendor_42,11818.6,Standard operational expense,10,1,Normal
2737,2019-12-26,6,Vendor_19,37096.44,Emergency Year-end Fund Utilization,12,1,Normal
2738,2018-03-07,7,Vendor_19,4760.13,Standard operational expense,3,1,Normal
2739,2019-02-13,8,Vendor_85,4420.81,Standard operational expense,2,1,Normal
2740,2020-11-28,1,Vendor_63,529.66,Standard operational expense,11,1,Normal
2741,2021-12-08,5,Vendor_61,4008.34,Standard operational expense,12,1,Normal
2742,2022-06-24,3,Vendor_76,7850.73,Standard operational expense,6,1,Normal
2743,2024-11-17,6,Vendor_69,87398.88,Emergency Year-end Fund Utilization,11,-1,Anomaly
2744,2021-04-18,8,Vendor_59,2089.79,Standard operational expense,4,1,Normal
2745,2023-02-03,5,Vendor_22,14460.88,Standard operational expense,2,1,Normal
2746,2021-12-05,2,Vendor_61,13143.03,Standard operational expense,12,1,Normal
2747,2024-06-12,2,Vendor_5,5671.69,Standard operational expense,6,1,Normal
2748,2021-11-02,6,Vendor_56,4625.49,Standard operational expense,11,1,Normal
2749,2021-04-25,7,Vendor_59,5552.2,Standard operational expense,4,1,Normal
2750,2023-05-24,5,Vendor_48,3031.71,Standard operational expense,5,1,Normal
2751,2021-10-31,3,Vendor_74,2800.63,Standard operational expense,10,1,Normal
2752,2020-11-23,4,Vendor_16,1980.31,Standard operational expense,11,1,Normal
2753,2018-06-30,3,Vendor_95,1987.17,Standard operational expense,6,1,Normal
2754,2022-06-05,7,Vendor_54,1459.65,Standard operational expense,6,1,Normal
2755,2021-11-27,6,Vendor_59,6599.59,Standard operational expense,11,1,Normal
2756,2019-08-03,4,Vendor_19,12058.16,Standard operational expense,8,1,Normal
2757,2020-04-02,7,Vendor_6,9607.58,Standard operational expense,4,1,Normal
2758,2019-10-03,8,Vendor_85,3050.66,Standard operational expense,10,1,Normal
2759,2019-04-17,1,Vendor_64,13037.63,Standard operational expense,4,1,Normal
2760,2024-04-15,3,Vendor_10,1127.95,Standard operational expense,4,1,Normal
2761,2020-04-03,4,Vendor_71,2324.09,Standard operational expense,4,1,Normal
2762,2019-06-13,5,Vendor_10,5088.79,Standard operational expense,6,1,Normal
2763,2021-12-06,6,Vendor_37,35912.16,Emergency Year-end Fund Utilization,12,1,Normal
2764,2021-10-08,6,Vendor_80,21227.64,Emergency Year-end Fund Utilization,10,1,Normal
2765,2023-05-03,8,Vendor_11,8700.28,Standard operational expense,5,1,Normal
2766,2024-12-02,6,Vendor_33,142.35,Standard operational expense,12,1,Normal
2767,2023-08-28,5,Vendor_90,5721.05,Standard operational expense,8,1,Normal
2768,2021-10-21,1,Vendor_63,1992.8,Standard operational expense,10,1,Normal
2769,2024-03-14,2,Vendor_84,13136.6,Standard operational expense,3,1,Normal
2770,2022-08-28,5,Vendor_17,8411.37,Standard operational expense,8,1,Normal
2771,2023-01-14,4,Vendor_83,1681.27,Standard operational expense,1,1,Normal
2772,2020-01-21,4,Vendor_61,10926.41,Standard operational expense,1,1,Normal
2773,2019-07-24,5,Vendor_7,2969.47,Standard operational expense,7,1,Normal
2774,2018-12-31,3,Vendor_90,5193.8,Standard operational expense,12,1,Normal
2775,2020-01-09,1,Vendor_79,5457.19,Standard operational expense,1,1,Normal
2776,2018-03-27,3,Vendor_79,7924.6,Standard operational expense,3,1,Normal
2777,2018-05-29,7,Vendor_93,11974.52,Standard operational expense,5,1,Normal
2778,2024-12-08,6,Vendor_53,40183.2,Emergency Year-end Fund Utilization,12,1,Normal
2779,2023-10-08,6,Vendor_4,11911.28,Standard operational expense,10,1,Normal
2780,2021-01-14,2,Vendor_56,179.18,Standard operational expense,1,1,Normal
2781,2022-12-21,2,Vendor_54,6235.04,Standard operational expense,12,1,Normal
2782,2024-09-12,5,Vendor_37,5462.72,Standard operational expense,9,1,Normal
2783,2019-04-30,3,Vendor_52,13706.77,Standard operational expense,4,1,Normal
2784,2023-03-31,4,Vendor_18,14679.74,Standard operational expense,3,1,Normal
2785,2024-04-10,4,Vendor_26,6251.31,Standard operational expense,4,1,Normal
2786,2024-05-09,8,Vendor_8,2037.39,Standard operational expense,5,1,Normal
2787,2021-02-25,5,Vendor_31,1375.43,Standard operational expense,2,1,Normal
2788,2019-10-14,8,Vendor_83,617.63,Standard operational expense,10,1,Normal
2789,2024-10-30,2,Vendor_20,9891.07,Standard operational expense,10,1,Normal
2790,2021-06-10,7,Vendor_78,1034.56,Standard operational expense,6,1,Normal
2791,2022-10-05,7,Vendor_93,2093.03,Standard operational expense,10,1,Normal
2792,2019-11-19,2,Vendor_95,7695.06,Standard operational expense,11,1,Normal
2793,2020-02-24,1,Vendor_34,9171.09,Standard operational expense,2,1,Normal
2794,2020-07-29,8,Vendor_16,14642.7,Standard operational expense,7,1,Normal
2795,2019-09-18,3,Vendor_76,12724.72,Standard operational expense,9,1,Normal
2796,2020-02-01,2,Vendor_85,1210.21,Standard operational expense,2,1,Normal
2797,2022-04-05,2,Vendor_88,11789.59,Standard operational expense,4,1,Normal
2798,2020-12-28,5,Vendor_12,11592.71,Standard operational expense,12,1,Normal
2799,2021-04-16,1,Vendor_9,402.18,Standard operational expense,4,1,Normal
2800,2024-02-16,8,Vendor_5,3679.91,Standard operational expense,2,1,Normal
2801,2020-08-29,1,Vendor_38,3096.93,Standard operational expense,8,1,Normal
2802,2024-04-09,3,Vendor_67,11398.71,Standard operational expense,4,1,Normal
2803,2018-12-09,2,Vendor_26,14790.25,Standard operational expense,12,1,Normal
2804,2018-05-26,3,Vendor_87,5996.6,Standard operational expense,5,1,Normal
2805,2024-06-16,1,Vendor_63,11226.48,Standard operational expense,6,1,Normal
2806,2018-12-13,4,Vendor_24,2050.88,Standard operational expense,12,1,Normal
2807,2018-03-13,1,Vendor_94,6674.32,Standard operational expense,3,1,Normal
2808,2021-10-28,3,Vendor_24,10120.58,Standard operational expense,10,1,Normal
2809,2022-02-24,5,Vendor_62,12977.04,Standard operational expense,2,1,Normal
2810,2021-10-01,6,Vendor_42,38922.66,Emergency Year-end Fund Utilization,10,1,Normal
2811,2019-12-02,7,Vendor_88,4340.48,Standard operational expense,12,1,Normal
2812,2019-04-04,1,Vendor_57,6993.03,Standard operational expense,4,1,Normal
2813,2024-03-15,3,Vendor_45,2538.0,Standard operational expense,3,1,Normal
2814,2024-11-16,7,Vendor_33,285.14,Standard operational expense,11,1,Normal
2815,2020-11-20,8,Vendor_72,12186.32,Standard operational expense,11,1,Normal
2816,2020-04-18,2,Vendor_14,9734.65,Standard operational expense,4,1,Normal
2817,2019-11-14,4,Vendor_81,12801.34,Standard operational expense,11,1,Normal
2818,2020-04-17,3,Vendor_53,4300.75,Standard operational expense,4,1,Normal
2819,2018-12-18,6,Vendor_64,47785.98,Emergency Year-end Fund Utilization,12,1,Normal
2820,2020-11-13,1,Vendor_80,5490.37,Standard operational expense,11,1,Normal
2821,2023-12-22,5,Vendor_98,7805.1,Standard operational expense,12,1,Normal
2822,2018-12-14,6,Vendor_81,14521.15,Standard operational expense,12,1,Normal
2823,2019-02-02,7,Vendor_65,1785.19,Standard operational expense,2,1,Normal
2824,2018-11-04,7,Vendor_79,6013.65,Standard operational expense,11,1,Normal
2825,2024-11-18,3,Vendor_98,7085.4,Standard operational expense,11,1,Normal
2826,2019-07-08,3,Vendor_99,3479.87,Standard operational expense,7,1,Normal
2827,2024-10-06,8,Vendor_77,5176.21,Standard operational expense,10,1,Normal
2828,2020-12-04,8,Vendor_12,9977.3,Standard operational expense,12,1,Normal
2829,2020-01-04,7,Vendor_44,7423.56,Standard operational expense,1,1,Normal
2830,2022-06-16,8,Vendor_51,4443.11,Standard operational expense,6,1,Normal
2831,2024-04-04,7,Vendor_24,11523.91,Standard operational expense,4,1,Normal
2832,2020-11-08,3,Vendor_9,10763.37,Standard operational expense,11,1,Normal
2833,2022-08-31,3,Vendor_48,4204.32,Standard operational expense,8,1,Normal
2834,2021-09-10,5,Vendor_45,4823.31,Standard operational expense,9,1,Normal
2835,2024-08-25,2,Vendor_29,5409.86,Standard operational expense,8,1,Normal
2836,2019-12-27,6,Vendor_53,932.52,Emergency Year-end Fund Utilization,12,1,Normal
2837,2019-06-14,7,Vendor_59,123.61,Standard operational expense,6,1,Normal
2838,2021-05-04,3,Vendor_35,14957.27,Standard operational expense,5,1,Normal
2839,2019-12-28,3,Vendor_52,2089.38,Standard operational expense,12,1,Normal
2840,2023-08-09,4,Vendor_80,4840.99,Standard operational expense,8,1,Normal
2841,2023-12-19,8,Vendor_14,8620.25,Standard operational expense,12,1,Normal
2842,2019-08-31,2,Vendor_58,271.74,Standard operational expense,8,1,Normal
2843,2019-04-29,8,Vendor_5,1841.49,Standard operational expense,4,1,Normal
2844,2019-08-12,8,Vendor_77,13085.46,Standard operational expense,8,1,Normal
2845,2023-05-28,3,Vendor_25,789.25,Standard operational expense,5,1,Normal
2846,2023-09-11,8,Vendor_3,6357.09,Standard operational expense,9,1,Normal
2847,2021-06-05,8,Vendor_84,10942.82,Standard operational expense,6,1,Normal
2848,2018-12-16,6,Vendor_45,67410.06,Emergency Year-end Fund Utilization,12,1,Normal
2849,2024-07-23,1,Vendor_44,3974.93,Standard operational expense,7,1,Normal
2850,2020-10-02,1,Vendor_8,8519.58,Standard operational expense,10,1,Normal
2851,2024-11-27,6,Vendor_82,22231.26,Emergency Year-end Fund Utilization,11,1,Normal
2852,2023-12-23,7,Vendor_55,1813.66,Standard operational expense,12,1,Normal
2853,2022-01-20,8,Vendor_57,2210.01,Standard operational expense,1,1,Normal
2854,2019-02-23,8,Vendor_8,14356.54,Standard operational expense,2,1,Normal
2855,2018-08-03,5,Vendor_54,13532.14,Standard operational expense,8,1,Normal
2856,2024-12-25,6,Vendor_94,14934.5,Standard operational expense,12,1,Normal
2857,2018-11-05,7,Vendor_47,4701.82,Standard operational expense,11,1,Normal
2858,2018-11-25,6,Vendor_44,9144.36,Emergency Year-end Fund Utilization,11,1,Normal
2859,2020-11-07,8,Vendor_45,6709.64,Standard operational expense,11,1,Normal
2860,2024-03-29,3,Vendor_90,10603.18,Standard operational expense,3,1,Normal
2861,2021-07-25,1,Vendor_47,11751.09,Standard operational expense,7,1,Normal
2862,2019-11-04,6,Vendor_9,44406.36,Emergency Year-end Fund Utilization,11,1,Normal
2863,2018-01-24,7,Vendor_91,4815.88,Standard operational expense,1,1,Normal
2864,2018-06-21,5,Vendor_78,1463.1,Standard operational expense,6,1,Normal
2865,2024-08-22,4,Vendor_61,1387.73,Standard operational expense,8,1,Normal
2866,2020-01-27,5,Vendor_1,13025.41,Standard operational expense,1,1,Normal
2867,2022-11-15,2,Vendor_21,14914.89,Standard operational expense,11,1,Normal
2868,2019-11-04,7,Vendor_3,431.86,Standard operational expense,11,1,Normal
2869,2018-11-03,7,Vendor_80,9169.97,Standard operational expense,11,1,Normal
2870,2018-09-03,5,Vendor_6,10393.72,Standard operational expense,9,1,Normal
2871,2020-07-13,1,Vendor_22,8983.12,Standard operational expense,7,1,Normal
2872,2024-09-21,5,Vendor_51,13851.66,Standard operational expense,9,1,Normal
2873,2019-10-13,8,Vendor_39,12872.18,Standard operational expense,10,1,Normal
2874,2018-03-10,4,Vendor_57,3857.82,Standard operational expense,3,1,Normal
2875,2021-07-24,2,Vendor_15,4026.26,Standard operational expense,7,1,Normal
2876,2024-06-30,5,Vendor_62,6839.62,Standard operational expense,6,1,Normal
2877,2018-04-29,5,Vendor_71,9954.27,Standard operational expense,4,1,Normal
2878,2023-09-05,2,Vendor_73,435.31,Standard operational expense,9,1,Normal
2879,2023-07-04,4,Vendor_21,5935.97,Standard operational expense,7,1,Normal
2880,2022-02-20,1,Vendor_35,13652.38,Standard operational expense,2,1,Normal
2881,2019-07-09,1,Vendor_42,8696.81,Standard operational expense,7,1,Normal
2882,2019-03-07,4,Vendor_68,2130.13,Standard operational expense,3,1,Normal
2883,2022-05-08,4,Vendor_97,11038.22,Standard operational expense,5,1,Normal
2884,2023-04-28,4,Vendor_30,10145.46,Standard operational expense,4,1,Normal
2885,2021-06-09,7,Vendor_80,5096.4,Standard operational expense,6,1,Normal
2886,2020-12-11,7,Vendor_12,5667.39,Standard operational expense,12,1,Normal
2887,2021-05-29,4,Vendor_93,14543.48,Standard operational expense,5,1,Normal
2888,2023-07-22,3,Vendor_21,9758.32,Standard operational expense,7,1,Normal
2889,2024-10-21,6,Vendor_80,89359.08,Emergency Year-end Fund Utilization,10,-1,Anomaly
2890,2018-08-22,7,Vendor_87,4394.22,Standard operational expense,8,1,Normal
2891,2018-04-03,1,Vendor_63,2640.9,Standard operational expense,4,1,Normal
2892,2023-06-16,5,Vendor_52,10289.26,Standard operational expense,6,1,Normal
2893,2019-10-09,5,Vendor_69,13793.67,Standard operational expense,10,1,Normal
2894,2024-04-21,1,Vendor_41,14294.37,Standard operational expense,4,1,Normal
2895,2022-12-14,6,Vendor_2,26245.92,Emergency Year-end Fund Utilization,12,1,Normal
2896,2023-07-23,3,Vendor_70,14989.81,Standard operational expense,7,1,Normal
2897,2024-11-05,1,Vendor_26,1016.99,Standard operational expense,11,1,Normal
2898,2019-08-17,3,Vendor_95,4758.97,Standard operational expense,8,1,Normal
2899,2019-07-15,1,Vendor_23,7107.83,Standard operational expense,7,1,Normal
2900,2023-02-04,7,Vendor_83,10094.13,Standard operational expense,2,1,Normal
2901,2021-10-22,6,Vendor_31,36618.36,Emergency Year-end Fund Utilization,10,1,Normal
2902,2023-06-02,5,Vendor_37,8188.34,Standard operational expense,6,1,Normal
2903,2021-05-01,1,Vendor_65,5565.41,Standard operational expense,5,1,Normal
2904,2019-01-22,7,Vendor_31,6333.61,Standard operational expense,1,1,Normal
2905,2022-12-23,7,Vendor_72,12366.7,Standard operational expense,12,1,Normal
2906,2022-02-24,1,Vendor_15,6179.5,Standard operational expense,2,1,Normal
2907,2023-03-30,1,Vendor_74,7371.77,Standard operational expense,3,1,Normal
2908,2019-10-22,1,Vendor_53,6330.16,Standard operational expense,10,1,Normal
2909,2023-05-27,1,Vendor_19,8617.39,Standard operational expense,5,1,Normal
2910,2019-04-07,8,Vendor_26,14718.85,Standard operational expense,4,1,Normal
2911,2023-09-06,5,Vendor_1,323.48,Standard operational expense,9,1,Normal
2912,2018-03-01,3,Vendor_3,8777.13,Standard operational expense,3,1,Normal
2913,2023-03-22,2,Vendor_34,403.98,Standard operational expense,3,1,Normal
2914,2018-04-06,5,Vendor_26,5247.37,Standard operational expense,4,1,Normal
2915,2024-03-28,8,Vendor_22,10332.66,Standard operational expense,3,1,Normal
2916,2024-11-21,6,Vendor_35,37186.92,Emergency Year-end Fund Utilization,11,1,Normal
2917,2021-11-18,3,Vendor_90,9137.03,Standard operational expense,11,1,Normal
2918,2020-02-02,8,Vendor_4,6432.54,Standard operational expense,2,1,Normal
2919,2020-11-02,1,Vendor_98,8089.26,Standard operational expense,11,1,Normal
2920,2021-02-17,5,Vendor_1,13915.38,Standard operational expense,2,1,Normal
2921,2024-04-16,4,Vendor_44,9802.54,Standard operational expense,4,1,Normal
2922,2023-03-22,2,Vendor_78,3493.9,Standard operational expense,3,1,Normal
2923,2024-01-19,1,Vendor_64,6788.78,Standard operational expense,1,1,Normal
2924,2023-03-23,7,Vendor_10,5982.53,Standard operational expense,3,1,Normal
2925,2021-02-06,2,Vendor_6,6562.48,Standard operational expense,2,1,Normal
2926,2024-05-11,3,Vendor_8,13492.35,Standard operational expense,5,1,Normal
2927,2023-06-21,2,Vendor_29,294.84,Standard operational expense,6,1,Normal
2928,2020-02-22,7,Vendor_46,3858.12,Standard operational expense,2,1,Normal
2929,2022-04-13,2,Vendor_4,2125.4,Standard operational expense,4,1,Normal
2930,2021-08-27,2,Vendor_55,610.49,Standard operational expense,8,1,Normal
2931,2022-04-16,2,Vendor_81,8949.72,Standard operational expense,4,1,Normal
2932,2024-01-04,5,Vendor_13,13575.58,Standard operational expense,1,1,Normal
2933,2018-11-29,3,Vendor_15,2725.3,Standard operational expense,11,1,Normal
2934,2019-10-22,6,Vendor_83,61979.76,Emergency Year-end Fund Utilization,10,1,Normal
2935,2023-03-26,5,Vendor_97,9132.41,Standard operational expense,3,1,Normal
2936,2022-09-02,8,Vendor_2,11881.47,Standard operational expense,9,1,Normal
2937,2020-10-15,4,Vendor_81,7832.17,Standard operational expense,10,1,Normal
2938,2024-11-07,4,Vendor_76,13711.31,Standard operational expense,11,1,Normal
2939,2020-01-09,1,Vendor_10,13925.72,Standard operational expense,1,1,Normal
2940,2023-11-20,1,Vendor_37,9757.39,Standard operational expense,11,1,Normal
2941,2020-08-30,3,Vendor_86,12966.84,Standard operational expense,8,1,Normal
2942,2020-05-24,8,Vendor_60,9601.77,Standard operational expense,5,1,Normal
2943,2021-06-27,8,Vendor_19,6456.22,Standard operational expense,6,1,Normal
2944,2020-08-25,7,Vendor_92,7928.94,Standard operational expense,8,1,Normal
2945,2021-04-03,8,Vendor_81,7486.18,Standard operational expense,4,1,Normal
2946,2023-02-23,5,Vendor_97,10541.3,Standard operational expense,2,1,Normal
2947,2024-05-22,4,Vendor_51,12499.65,Standard operational expense,5,1,Normal
2948,2023-12-09,1,Vendor_24,3299.69,Standard operational expense,12,1,Normal
2949,2020-06-25,5,Vendor_74,2379.13,Standard operational expense,6,1,Normal
2950,2022-11-27,8,Vendor_72,6867.1,Standard operational expense,11,1,Normal
2951,2020-04-20,7,Vendor_2,7261.98,Standard operational expense,4,1,Normal
2952,2023-09-22,8,Vendor_92,6449.12,Standard operational expense,9,1,Normal
2953,2020-03-13,7,Vendor_15,4304.12,Standard operational expense,3,1,Normal
2954,2022-07-24,5,Vendor_64,7796.54,Standard operational expense,7,1,Normal
2955,2024-12-27,4,Vendor_69,11433.85,Standard operational expense,12,1,Normal
2956,2019-08-02,1,Vendor_2,1605.32,Standard operational expense,8,1,Normal
2957,2024-12-24,1,Vendor_91,2686.22,Standard operational expense,12,1,Normal
2958,2020-12-13,2,Vendor_63,3279.11,Standard operational expense,12,1,Normal
2959,2024-11-04,6,Vendor_47,44573.7,Emergency Year-end Fund Utilization,11,1,Normal
2960,2018-08-10,5,Vendor_31,12109.57,Standard operational expense,8,1,Normal
2961,2020-06-07,4,Vendor_22,2549.45,Standard operational expense,6,1,Normal
2962,2019-02-09,1,Vendor_85,491.84,Standard operational expense,2,1,Normal
2963,2024-12-01,7,Vendor_86,7407.65,Standard operational expense,12,1,Normal
2964,2019-12-05,7,Vendor_16,10601.45,Standard operational expense,12,1,Normal
2965,2020-05-07,5,Vendor_14,3536.52,Standard operational expense,5,1,Normal
2966,2021-05-30,4,Vendor_53,4860.87,Standard operational expense,5,1,Normal
2967,2019-06-25,3,Vendor_23,6838.89,Standard operational expense,6,1,Normal
2968,2022-07-11,2,Vendor_53,11010.34,Standard operational expense,7,1,Normal
2969,2020-05-13,2,Vendor_17,13447.6,Standard operational expense,5,1,Normal
2970,2024-10-27,6,Vendor_52,56703.48,Emergency Year-end Fund Utilization,10,1,Normal
2971,2023-08-30,8,Vendor_84,444.89,Standard operational expense,8,1,Normal
2972,2022-03-17,2,Vendor_83,7201.64,Standard operational expense,3,1,Normal
2973,2023-05-18,8,Vendor_50,5151.01,Standard operational expense,5,1,Normal
2974,2024-11-09,6,Vendor_20,67901.81999999999,Emergency Year-end Fund Utilization,11,1,Normal
2975,2020-10-10,6,Vendor_40,11541.13,Standard operational expense,10,1,Normal
2976,2020-11-23,4,Vendor_71,10032.54,Standard operational expense,11,1,Normal
2977,2019-08-15,7,Vendor_78,12701.6,Standard operational expense,8,1,Normal
2978,2018-10-16,1,Vendor_36,10668.78,Standard operational expense,10,1,Normal
2979,2018-01-07,8,Vendor_39,6948.03,Standard operational expense,1,1,Normal
2980,2022-10-16,6,Vendor_87,1995.02,Standard operational expense,10,1,Normal
2981,2020-12-13,6,Vendor_75,4597.34,Standard operational expense,12,1,Normal
2982,2021-08-04,5,Vendor_88,8060.28,Standard operational expense,8,1,Normal
2983,2022-02-13,5,Vendor_76,5211.36,Standard operational expense,2,1,Normal
2984,2019-11-27,3,Vendor_18,223.15,Standard operational expense,11,1,Normal
2985,2024-08-09,7,Vendor_77,4700.91,Standard operational expense,8,1,Normal
2986,2019-01-08,8,Vendor_49,13810.94,Standard operational expense,1,1,Normal
2987,2022-08-04,2,Vendor_25,8441.39,Standard operational expense,8,1,Normal
2988,2023-04-04,4,Vendor_19,11013.57,Standard operational expense,4,1,Normal
2989,2018-09-11,1,Vendor_10,9823.94,Standard operational expense,9,1,Normal
2990,2020-11-26,1,Vendor_55,7107.41,Standard operational expense,11,1,Normal
2991,2023-11-06,4,Vendor_8,6667.4,Standard operational expense,11,1,Normal
2992,2021-02-16,5,Vendor_92,1060.91,Standard operational expense,2,1,Normal
2993,2023-05-20,1,Vendor_26,6867.99,Standard operational expense,5,1,Normal
2994,2020-10-22,6,Vendor_46,55636.8,Emergency Year-end Fund Utilization,10,1,Normal
2995,2023-10-23,6,Vendor_72,75041.88,Emergency Year-end Fund Utilization,10,-1,Anomaly
2996,2018-01-03,4,Vendor_87,9771.3,Standard operational expense,1,1,Normal
2997,2023-04-22,3,Vendor_76,10773.68,Standard operational expense,4,1,Normal
2998,2019-11-18,2,Vendor_75,164.96,Standard operational expense,11,1,Normal
2999,2019-07-25,3,Vendor_47,1513.78,Standard operational expense,7,1,Normal
3000,2020-09-17,5,Vendor_89,12279.45,Standard operational expense,9,1,Normal
3001,2023-11-15,6,Vendor_44,8241.67,Standard operational expense,11,1,Normal
3002,2023-06-01,8,Vendor_89,10900.58,Standard operational expense,6,1,Normal
3003,2020-04-03,8,Vendor_34,4159.76,Standard operational expense,4,1,Normal
3004,2019-08-30,8,Vendor_9,7458.32,Standard operational expense,8,1,Normal
3005,2019-12-04,1,Vendor_33,873.04,Standard operational expense,12,1,Normal
3006,2022-06-11,5,Vendor_57,14156.02,Standard operational expense,6,1,Normal
3007,2022-11-22,4,Vendor_48,11356.02,Standard operational expense,11,1,Normal
3008,2023-11-16,6,Vendor_8,57637.5,Emergency Year-end Fund Utilization,11,1,Normal
3009,2023-12-28,1,Vendor_50,2301.42,Standard operational expense,12,1,Normal
3010,2021-07-05,7,Vendor_14,11676.5,Standard operational expense,7,1,Normal
3011,2021-03-03,2,Vendor_95,390.89,Standard operational expense,3,1,Normal
3012,2022-05-16,8,Vendor_13,9097.72,Standard operational expense,5,1,Normal
3013,2023-05-18,8,Vendor_59,12945.35,Standard operational expense,5,1,Normal
3014,2024-05-29,1,Vendor_38,12437.84,Standard operational expense,5,1,Normal
3015,2020-07-27,1,Vendor_14,188.33,Standard operational expense,7,1,Normal
3016,2022-07-28,1,Vendor_60,1939.61,Standard operational expense,7,1,Normal
3017,2024-12-13,4,Vendor_98,6371.07,Standard operational expense,12,1,Normal
3018,2023-04-10,7,Vendor_50,3170.12,Standard operational expense,4,1,Normal
3019,2021-07-01,4,Vendor_61,1411.29,Standard operational expense,7,1,Normal
3020,2019-06-04,8,Vendor_79,5560.21,Standard operational expense,6,1,Normal
3021,2021-06-05,4,Vendor_46,1806.72,Standard operational expense,6,1,Normal
3022,2018-12-09,8,Vendor_51,4065.76,Standard operational expense,12,1,Normal
3023,2022-06-10,5,Vendor_28,13969.03,Standard operational expense,6,1,Normal
3024,2024-12-28,4,Vendor_62,4242.93,Standard operational expense,12,1,Normal
3025,2024-07-18,8,Vendor_38,11452.12,Standard operational expense,7,1,Normal
3026,2024-05-29,5,Vendor_42,4907.99,Standard operational expense,5,1,Normal
3027,2019-08-21,5,Vendor_87,3292.41,Standard operational expense,8,1,Normal
3028,2024-12-24,4,Vendor_73,2961.3,Standard operational expense,12,1,Normal
3029,2022-07-01,2,Vendor_89,14316.0,Standard operational expense,7,1,Normal
3030,2023-12-13,1,Vendor_38,8919.52,Standard operational expense,12,1,Normal
3031,2024-01-07,3,Vendor_68,8287.39,Standard operational expense,1,1,Normal
3032,2020-02-22,1,Vendor_93,5970.27,Standard operational expense,2,1,Normal
3033,2019-06-16,1,Vendor_86,8359.41,Standard operational expense,6,1,Normal
3034,2021-01-05,7,Vendor_45,5650.66,Standard operational expense,1,1,Normal
3035,2020-05-24,1,Vendor_80,9765.56,Standard operational expense,5,1,Normal
3036,2022-05-29,3,Vendor_12,9217.37,Standard operational expense,5,1,Normal
3037,2022-06-02,3,Vendor_50,14144.88,Standard operational expense,6,1,Normal
3038,2021-07-20,3,Vendor_51,3857.51,Standard operational expense,7,1,Normal
3039,2022-05-19,5,Vendor_28,8425.07,Standard operational expense,5,1,Normal
3040,2020-02-23,7,Vendor_85,7772.45,Standard operational expense,2,1,Normal
3041,2020-02-24,8,Vendor_58,1708.08,Standard operational expense,2,1,Normal
3042,2022-02-12,5,Vendor_76,714.29,Standard operational expense,2,1,Normal
3043,2023-10-10,1,Vendor_34,6597.12,Standard operational expense,10,1,Normal
3044,2024-12-18,1,Vendor_73,6094.41,Standard operational expense,12,1,Normal
3045,2020-12-28,7,Vendor_78,11434.13,Standard operational expense,12,1,Normal
3046,2022-05-12,3,Vendor_13,878.92,Standard operational expense,5,1,Normal
3047,2023-12-27,6,Vendor_97,9877.44,Emergency Year-end Fund Utilization,12,1,Normal
3048,2024-10-09,6,Vendor_10,26753.1,Emergency Year-end Fund Utilization,10,1,Normal
3049,2023-09-30,3,Vendor_87,13086.03,Standard operational expense,9,1,Normal
3050,2019-08-19,3,Vendor_57,7812.82,Standard operational expense,8,1,Normal
3051,2024-02-22,8,Vendor_7,1806.54,Standard operational expense,2,1,Normal
3052,2018-04-22,5,Vendor_52,718.34,Standard operational expense,4,1,Normal
3053,2018-01-26,2,Vendor_9,5522.1,Standard operational expense,1,1,Normal
3054,2022-04-05,2,Vendor_80,10821.42,Standard operational expense,4,1,Normal
3055,2024-04-12,1,Vendor_12,10566.02,Standard operational expense,4,1,Normal
3056,2019-06-06,1,Vendor_8,2264.76,Standard operational expense,6,1,Normal
3057,2020-02-29,2,Vendor_44,3926.79,Standard operational expense,2,1,Normal
3058,2018-09-22,3,Vendor_85,7398.44,Standard operational expense,9,1,Normal
3059,2023-03-01,4,Vendor_34,14301.56,Standard operational expense,3,1,Normal
3060,2024-04-30,2,Vendor_54,4685.09,Standard operational expense,4,1,Normal
3061,2019-04-07,8,Vendor_81,8675.69,Standard operational expense,4,1,Normal
3062,2023-04-22,8,Vendor_62,3502.5,Standard operational expense,4,1,Normal
3063,2020-12-05,7,Vendor_15,8757.59,Standard operational expense,12,1,Normal
3064,2020-12-12,8,Vendor_92,11645.76,Standard operational expense,12,1,Normal
3065,2023-08-26,8,Vendor_66,7018.54,Standard operational expense,8,1,Normal
3066,2022-03-06,5,Vendor_9,13962.46,Standard operational expense,3,1,Normal
3067,2019-03-23,2,Vendor_29,4066.88,Standard operational expense,3,1,Normal
3068,2021-12-21,6,Vendor_24,9935.77,Standard operational expense,12,1,Normal
3069,2024-05-26,8,Vendor_79,7896.55,Standard operational expense,5,1,Normal
3070,2021-07-02,1,Vendor_87,3147.11,Standard operational expense,7,1,Normal
3071,2021-10-13,8,Vendor_99,11940.74,Standard operational expense,10,1,Normal
3072,2019-12-06,7,Vendor_5,5007.37,Standard operational expense,12,1,Normal
3073,2019-01-12,5,Vendor_60,12824.84,Standard operational expense,1,1,Normal
3074,2020-01-25,5,Vendor_18,5745.42,Standard operational expense,1,1,Normal
3075,2021-12-19,6,Vendor_85,54366.12,Emergency Year-end Fund Utilization,12,1,Normal
3076,2023-07-02,4,Vendor_23,4405.16,Standard operational expense,7,1,Normal
3077,2021-03-19,4,Vendor_70,11596.41,Standard operational expense,3,1,Normal
3078,2023-05-02,7,Vendor_42,4932.27,Standard operational expense,5,1,Normal
3079,2022-10-27,6,Vendor_24,31972.44,Emergency Year-end Fund Utilization,10,1,Normal
3080,2019-02-05,5,Vendor_69,12187.34,Standard operational expense,2,1,Normal
3081,2022-07-15,5,Vendor_50,4057.58,Standard operational expense,7,1,Normal
3082,2021-01-21,4,Vendor_67,8146.43,Standard operational expense,1,1,Normal
3083,2019-09-16,1,Vendor_88,9395.95,Standard operational expense,9,1,Normal
3084,2023-10-11,4,Vendor_8,14791.27,Standard operational expense,10,1,Normal
3085,2018-11-26,6,Vendor_39,38873.34,Emergency Year-end Fund Utilization,11,1,Normal
3086,2023-05-19,8,Vendor_77,5954.97,Standard operational expense,5,1,Normal
3087,2021-03-07,8,Vendor_55,9056.13,Standard operational expense,3,1,Normal
3088,2023-10-17,5,Vendor_46,10375.16,Standard operational expense,10,1,Normal
3089,2024-06-13,2,Vendor_97,11671.44,Standard operational expense,6,1,Normal
3090,2022-09-03,2,Vendor_48,7178.68,Standard operational expense,9,1,Normal
3091,2021-08-01,3,Vendor_60,9298.58,Standard operational expense,8,1,Normal
3092,2024-02-28,2,Vendor_74,8979.62,Standard operational expense,2,1,Normal
3093,2024-08-14,5,Vendor_3,11035.41,Standard operational expense,8,1,Normal
3094,2022-01-09,1,Vendor_2,1038.27,Standard operational expense,1,1,Normal
3095,2020-04-13,7,Vendor_34,8197.7,Standard operational expense,4,1,Normal
3096,2019-07-08,4,Vendor_45,7491.52,Standard operational expense,7,1,Normal
3097,2022-07-19,2,Vendor_89,3235.88,Standard operational expense,7,1,Normal
3098,2023-01-15,4,Vendor_73,6086.73,Standard operational expense,1,1,Normal
3099,2024-12-04,6,Vendor_40,69363.78,Emergency Year-end Fund Utilization,12,1,Normal
3100,2022-09-20,3,Vendor_81,12324.87,Standard operational expense,9,1,Normal
3101,2024-08-23,3,Vendor_53,5292.79,Standard operational expense,8,1,Normal
3102,2022-02-16,7,Vendor_24,6632.75,Standard operational expense,2,1,Normal
3103,2020-12-21,3,Vendor_20,9365.19,Standard operational expense,12,1,Normal
3104,2018-01-03,5,Vendor_51,3554.71,Standard operational expense,1,1,Normal
3105,2024-10-15,8,Vendor_3,227.68,Standard operational expense,10,1,Normal
3106,2024-02-19,1,Vendor_26,6177.49,Standard operational expense,2,1,Normal
3107,2018-07-28,8,Vendor_62,10561.25,Standard operational expense,7,1,Normal
3108,2023-12-08,3,Vendor_41,3480.6,Standard operational expense,12,1,Normal
3109,2023-02-12,1,Vendor_47,12231.71,Standard operational expense,2,1,Normal
3110,2020-02-11,4,Vendor_10,8363.49,Standard operational expense,2,1,Normal
3111,2021-11-01,6,Vendor_12,3169.75,Standard operational expense,11,1,Normal
3112,2021-09-03,4,Vendor_46,2380.33,Standard operational expense,9,1,Normal
3113,2019-08-09,7,Vendor_36,13164.95,Standard operational expense,8,1,Normal
3114,2019-12-19,3,Vendor_67,6125.03,Standard operational expense,12,1,Normal
3115,2021-01-14,3,Vendor_54,5693.12,Standard operational expense,1,1,Normal
3116,2021-09-10,2,Vendor_13,14135.67,Standard operational expense,9,1,Normal
3117,2018-12-21,3,Vendor_24,449.54,Standard operational expense,12,1,Normal
3118,2021-08-07,3,Vendor_54,3779.75,Standard operational expense,8,1,Normal
3119,2019-09-13,4,Vendor_99,1486.15,Standard operational expense,9,1,Normal
3120,2024-02-22,1,Vendor_36,4441.63,Standard operational expense,2,1,Normal
3121,2020-09-29,3,Vendor_11,7571.57,Standard operational expense,9,1,Normal
3122,2024-09-09,3,Vendor_3,11078.57,Standard operational expense,9,1,Normal
3123,2018-03-25,4,Vendor_67,3430.56,Standard operational expense,3,1,Normal
3124,2023-05-16,8,Vendor_6,5570.89,Standard operational expense,5,1,Normal
3125,2020-02-27,3,Vendor_27,5145.78,Standard operational expense,2,1,Normal
3126,2018-10-04,4,Vendor_13,5087.56,Standard operational expense,10,1,Normal
3127,2024-07-17,3,Vendor_28,7751.12,Standard operational expense,7,1,Normal
3128,2024-12-17,6,Vendor_60,82390.79999999999,Emergency Year-end Fund Utilization,12,-1,Anomaly
3129,2021-02-07,5,Vendor_89,3070.77,Standard operational expense,2,1,Normal
3130,2023-01-26,4,Vendor_29,10782.93,Standard operational expense,1,1,Normal
3131,2024-10-14,6,Vendor_84,4975.6,Standard operational expense,10,1,Normal
3132,2018-12-26,6,Vendor_93,3896.57,Standard operational expense,12,1,Normal
3133,2020-08-12,3,Vendor_80,5028.85,Standard operational expense,8,1,Normal
3134,2020-07-01,8,Vendor_48,11816.19,Standard operational expense,7,1,Normal
3135,2018-11-21,8,Vendor_50,4840.63,Standard operational expense,11,1,Normal
3136,2023-04-30,8,Vendor_16,7876.08,Standard operational expense,4,1,Normal
3137,2020-04-25,5,Vendor_4,12176.7,Standard operational expense,4,1,Normal
3138,2023-07-13,8,Vendor_36,8163.7,Standard operational expense,7,1,Normal
3139,2024-12-06,6,Vendor_62,12397.29,Standard operational expense,12,1,Normal
3140,2022-07-15,8,Vendor_36,12710.14,Standard operational expense,7,1,Normal
3141,2024-10-02,6,Vendor_56,55071.78,Emergency Year-end Fund Utilization,10,1,Normal
3142,2018-04-24,5,Vendor_82,14538.66,Standard operational expense,4,1,Normal
3143,2022-01-27,7,Vendor_69,10060.48,Standard operational expense,1,1,Normal
3144,2018-11-22,6,Vendor_76,8163.31,Standard operational expense,11,1,Normal
3145,2019-04-29,1,Vendor_31,4050.34,Standard operational expense,4,1,Normal
3146,2018-05-29,3,Vendor_62,5175.76,Standard operational expense,5,1,Normal
3147,2018-04-06,8,Vendor_12,3860.97,Standard operational expense,4,1,Normal
3148,2019-06-13,7,Vendor_37,5335.2,Standard operational expense,6,1,Normal
3149,2024-05-30,8,Vendor_25,10654.03,Standard operational expense,5,1,Normal
3150,2020-03-20,4,Vendor_56,9072.31,Standard operational expense,3,1,Normal
3151,2023-01-29,1,Vendor_45,14218.25,Standard operational expense,1,1,Normal
3152,2019-06-23,4,Vendor_86,3223.95,Standard operational expense,6,1,Normal
3153,2018-09-29,2,Vendor_3,14838.87,Standard operational expense,9,1,Normal
3154,2021-10-27,6,Vendor_70,84841.68000000001,Emergency Year-end Fund Utilization,10,-1,Anomaly
3155,2018-04-25,7,Vendor_38,2755.93,Standard operational expense,4,1,Normal
3156,2018-07-26,7,Vendor_33,5718.97,Standard operational expense,7,1,Normal
3157,2023-02-26,5,Vendor_5,2152.67,Standard operational expense,2,1,Normal
3158,2018-08-09,8,Vendor_70,2695.34,Standard operational expense,8,1,Normal
3159,2024-10-10,4,Vendor_59,10438.82,Standard operational expense,10,1,Normal
3160,2019-08-24,1,Vendor_90,11449.97,Standard operational expense,8,1,Normal
3161,2024-01-28,3,Vendor_1,11310.8,Standard operational expense,1,1,Normal
3162,2018-02-26,5,Vendor_51,6003.91,Standard operational expense,2,1,Normal
3163,2019-01-03,3,Vendor_55,5281.29,Standard operational expense,1,1,Normal
3164,2023-02-25,4,Vendor_73,10609.9,Standard operational expense,2,1,Normal
3165,2019-11-30,4,Vendor_49,2776.17,Standard operational expense,11,1,Normal
3166,2020-07-11,7,Vendor_38,12470.73,Standard operational expense,7,1,Normal
3167,2022-08-15,8,Vendor_83,4344.3,Standard operational expense,8,1,Normal
3168,2019-03-10,7,Vendor_53,12154.59,Standard operational expense,3,1,Normal
3169,2023-05-06,2,Vendor_48,8762.36,Standard operational expense,5,1,Normal
3170,2018-06-17,2,Vendor_77,845.96,Standard operational expense,6,1,Normal
3171,2023-06-22,2,Vendor_51,8505.49,Standard operational expense,6,1,Normal
3172,2021-02-07,3,Vendor_63,13157.08,Standard operational expense,2,1,Normal
3173,2018-02-18,3,Vendor_39,4579.77,Standard operational expense,2,1,Normal
3174,2018-03-12,4,Vendor_80,13198.74,Standard operational expense,3,1,Normal
3175,2018-03-08,5,Vendor_71,6985.89,Standard operational expense,3,1,Normal
3176,2024-11-26,6,Vendor_87,89876.4,Emergency Year-end Fund Utilization,11,-1,Anomaly
3177,2019-11-28,3,Vendor_27,9543.14,Standard operational expense,11,1,Normal
3178,2020-08-07,1,Vendor_23,2022.65,Standard operational expense,8,1,Normal
3179,2018-06-25,3,Vendor_91,10335.22,Standard operational expense,6,1,Normal
3180,2020-02-10,4,Vendor_31,264.32,Standard operational expense,2,1,Normal
3181,2018-05-18,1,Vendor_21,6166.89,Standard operational expense,5,1,Normal
3182,2023-03-07,5,Vendor_76,8989.79,Standard operational expense,3,1,Normal
3183,2021-11-02,6,Vendor_49,60585.12,Emergency Year-end Fund Utilization,11,1,Normal
3184,2022-07-29,5,Vendor_13,13458.92,Standard operational expense,7,1,Normal
3185,2020-02-09,8,Vendor_6,2209.13,Standard operational expense,2,1,Normal
3186,2020-03-23,7,Vendor_71,13872.88,Standard operational expense,3,1,Normal
3187,2024-12-04,7,Vendor_13,5691.17,Standard operational expense,12,1,Normal
3188,2019-02-18,1,Vendor_59,11680.07,Standard operational expense,2,1,Normal
3189,2019-12-26,4,Vendor_20,8424.73,Standard operational expense,12,1,Normal
3190,2023-05-08,5,Vendor_43,12361.03,Standard operational expense,5,1,Normal
3191,2020-10-25,6,Vendor_45,27195.840000000004,Emergency Year-end Fund Utilization,10,1,Normal
3192,2024-07-17,5,Vendor_54,10476.92,Standard operational expense,7,1,Normal
3193,2020-03-26,8,Vendor_34,2650.65,Standard operational expense,3,1,Normal
3194,2019-12-04,6,Vendor_84,1135.68,Standard operational expense,12,1,Normal
3195,2023-08-23,7,Vendor_32,9059.62,Standard operational expense,8,1,Normal
3196,2024-01-11,2,Vendor_52,4915.59,Standard operational expense,1,1,Normal
3197,2024-08-21,4,Vendor_86,13324.68,Standard operational expense,8,1,Normal
3198,2021-03-19,8,Vendor_60,2915.05,Standard operational expense,3,1,Normal
3199,2018-09-10,4,Vendor_31,10130.74,Standard operational expense,9,1,Normal
3200,2020-01-01,1,Vendor_90,14853.62,Standard operational expense,1,-1,Anomaly
3201,2021-11-29,4,Vendor_68,11061.08,Standard operational expense,11,1,Normal
3202,2020-05-07,4,Vendor_30,3954.36,Standard operational expense,5,1,Normal
3203,2023-08-14,5,Vendor_23,7731.33,Standard operational expense,8,1,Normal
3204,2018-10-23,6,Vendor_48,65423.34,Emergency Year-end Fund Utilization,10,1,Normal
3205,2023-07-10,7,Vendor_80,4805.36,Standard operational expense,7,1,Normal
3206,2024-04-29,3,Vendor_82,1259.8,Standard operational expense,4,1,Normal
3207,2019-01-13,7,Vendor_92,10097.83,Standard operational expense,1,1,Normal
3208,2021-07-13,1,Vendor_35,12084.37,Standard operational expense,7,1,Normal
3209,2019-03-14,7,Vendor_71,1327.0,Standard operational expense,3,1,Normal
3210,2022-03-04,8,Vendor_20,7598.63,Standard operational expense,3,1,Normal
3211,2020-09-10,7,Vendor_6,5292.32,Standard operational expense,9,1,Normal
3212,2020-10-15,6,Vendor_39,7017.66,Standard operational expense,10,1,Normal
3213,2023-03-09,2,Vendor_21,1204.22,Standard operational expense,3,1,Normal
3214,2022-11-22,2,Vendor_12,14262.96,Standard operational expense,11,1,Normal
3215,2024-11-22,6,Vendor_7,42052.62,Emergency Year-end Fund Utilization,11,1,Normal
3216,2023-10-27,2,Vendor_67,687.2,Standard operational expense,10,1,Normal
3217,2020-05-18,4,Vendor_77,8213.52,Standard operational expense,5,1,Normal
3218,2020-02-06,2,Vendor_81,10503.41,Standard operational expense,2,1,Normal
3219,2019-06-06,5,Vendor_81,10832.81,Standard operational expense,6,1,Normal
3220,2022-10-09,6,Vendor_13,23323.5,Emergency Year-end Fund Utilization,10,1,Normal
3221,2021-12-22,7,Vendor_91,14092.72,Standard operational expense,12,1,Normal
3222,2023-07-31,5,Vendor_77,5514.26,Standard operational expense,7,1,Normal
3223,2019-07-10,4,Vendor_57,2668.62,Standard operational expense,7,1,Normal
3224,2022-05-12,2,Vendor_52,1266.29,Standard operational expense,5,1,Normal
3225,2019-05-08,5,Vendor_48,12686.17,Standard operational expense,5,1,Normal
3226,2019-01-06,3,Vendor_9,9550.22,Standard operational expense,1,1,Normal
3227,2023-07-16,8,Vendor_83,8938.02,Standard operational expense,7,1,Normal
3228,2021-04-02,8,Vendor_92,4425.39,Standard operational expense,4,1,Normal
3229,2022-10-02,6,Vendor_63,30471.78,Emergency Year-end Fund Utilization,10,1,Normal
3230,2021-01-14,2,Vendor_40,7106.71,Standard operational expense,1,1,Normal
3231,2019-06-15,7,Vendor_91,10588.74,Standard operational expense,6,1,Normal
3232,2021-03-15,2,Vendor_66,9598.73,Standard operational expense,3,1,Normal
3233,2019-06-01,5,Vendor_84,9673.72,Standard operational expense,6,1,Normal
3234,2021-01-22,2,Vendor_85,10486.66,Standard operational expense,1,1,Normal
3235,2018-11-10,7,Vendor_31,12596.59,Standard operational expense,11,1,Normal
3236,2023-10-06,6,Vendor_90,64065.54,Emergency Year-end Fund Utilization,10,1,Normal
3237,2020-03-11,2,Vendor_40,13375.83,Standard operational expense,3,1,Normal
3238,2023-12-02,1,Vendor_2,1625.68,Standard operational expense,12,1,Normal
3239,2023-10-14,7,Vendor_22,10341.85,Standard operational expense,10,1,Normal
3240,2021-10-17,2,Vendor_30,2449.78,Standard operational expense,10,1,Normal
3241,2020-10-30,3,Vendor_85,3394.74,Standard operational expense,10,1,Normal
3242,2020-03-19,3,Vendor_18,2095.72,Standard operational expense,3,1,Normal
3243,2022-05-15,8,Vendor_68,7710.02,Standard operational expense,5,1,Normal
3244,2019-02-12,8,Vendor_66,9931.06,Standard operational expense,2,1,Normal
3245,2019-11-11,6,Vendor_81,11110.98,Standard operational expense,11,1,Normal
3246,2020-05-19,5,Vendor_30,2384.11,Standard operational expense,5,1,Normal
3247,2024-08-22,5,Vendor_13,5212.42,Standard operational expense,8,1,Normal
3248,2020-10-29,4,Vendor_34,11610.22,Standard operational expense,10,1,Normal
3249,2020-04-26,2,Vendor_52,436.81,Standard operational expense,4,1,Normal
3250,2019-09-26,7,Vendor_45,11084.69,Standard operational expense,9,1,Normal
3251,2024-07-19,5,Vendor_27,13560.78,Standard operational expense,7,1,Normal
3252,2021-05-01,2,Vendor_62,12917.69,Standard operational expense,5,1,Normal
3253,2020-12-21,6,Vendor_24,2561.08,Standard operational expense,12,1,Normal
3254,2021-12-27,6,Vendor_48,6992.400000000001,Emergency Year-end Fund Utilization,12,1,Normal
3255,2019-06-09,5,Vendor_35,5858.01,Standard operational expense,6,1,Normal
3256,2020-11-17,6,Vendor_81,38785.62,Emergency Year-end Fund Utilization,11,1,Normal
3257,2024-08-23,4,Vendor_19,5843.51,Standard operational expense,8,1,Normal
3258,2018-03-05,5,Vendor_66,10356.77,Standard operational expense,3,1,Normal
3259,2023-02-10,5,Vendor_67,4364.09,Standard operational expense,2,1,Normal
3260,2024-11-05,3,Vendor_42,13782.05,Standard operational expense,11,1,Normal
3261,2023-05-14,2,Vendor_88,11896.26,Standard operational expense,5,1,Normal
3262,2020-11-06,8,Vendor_44,4892.77,Standard operational expense,11,1,Normal
3263,2023-11-08,6,Vendor_35,15103.86,Emergency Year-end Fund Utilization,11,1,Normal
3264,2021-10-24,5,Vendor_53,8888.53,Standard operational expense,10,1,Normal
3265,2023-10-25,6,Vendor_79,7230.9,Standard operational expense,10,1,Normal
3266,2023-12-05,8,Vendor_53,8484.06,Standard operational expense,12,1,Normal
3267,2024-05-31,2,Vendor_6,13966.87,Standard operational expense,5,1,Normal
3268,2021-01-01,2,Vendor_3,13068.9,Standard operational expense,1,1,Normal
3269,2023-06-29,1,Vendor_45,11194.59,Standard operational expense,6,1,Normal
3270,2018-02-13,3,Vendor_86,8725.86,Standard operational expense,2,1,Normal
3271,2019-03-30,5,Vendor_26,10317.04,Standard operational expense,3,1,Normal
3272,2018-01-21,4,Vendor_47,8741.52,Standard operational expense,1,1,Normal
3273,2024-09-27,3,Vendor_50,7660.17,Standard operational expense,9,1,Normal
3274,2022-12-20,5,Vendor_14,457.23,Standard operational expense,12,1,Normal
3275,2018-10-03,4,Vendor_90,8353.73,Standard operational expense,10,1,Normal
3276,2020-08-31,7,Vendor_90,5808.21,Standard operational expense,8,1,Normal
3277,2023-04-28,1,Vendor_67,1730.06,Standard operational expense,4,1,Normal
3278,2021-11-21,7,Vendor_85,12713.61,Standard operational expense,11,1,Normal
3279,2021-12-04,3,Vendor_68,13513.5,Standard operational expense,12,1,Normal
3280,2023-01-17,3,Vendor_33,6072.59,Standard operational expense,1,1,Normal
3281,2021-11-15,5,Vendor_11,7644.91,Standard operational expense,11,1,Normal
3282,2018-11-10,6,Vendor_76,86946.0,Emergency Year-end Fund Utilization,11,-1,Anomaly
3283,2023-08-20,8,Vendor_18,8368.16,Standard operational expense,8,1,Normal
3284,2022-06-10,1,Vendor_58,9750.28,Standard operational expense,6,1,Normal
3285,2020-06-27,2,Vendor_85,7532.88,Standard operational expense,6,1,Normal
3286,2018-11-03,4,Vendor_25,1196.36,Standard operational expense,11,1,Normal
3287,2019-01-30,4,Vendor_29,11574.33,Standard operational expense,1,1,Normal
3288,2018-11-26,2,Vendor_72,11708.11,Standard operational expense,11,1,Normal
3289,2022-07-04,5,Vendor_88,14496.05,Standard operational expense,7,1,Normal
3290,2020-09-26,1,Vendor_16,8671.67,Standard operational expense,9,1,Normal
3291,2020-12-19,4,Vendor_3,2161.84,Standard operational expense,12,1,Normal
3292,2022-05-18,4,Vendor_6,4772.27,Standard operational expense,5,1,Normal
3293,2024-05-11,2,Vendor_43,10926.13,Standard operational expense,5,1,Normal
3294,2022-02-17,1,Vendor_72,4745.49,Standard operational expense,2,1,Normal
3295,2022-04-23,4,Vendor_95,6916.18,Standard operational expense,4,1,Normal
3296,2018-08-05,5,Vendor_42,4054.01,Standard operational expense,8,1,Normal
3297,2020-11-15,6,Vendor_77,60526.56,Emergency Year-end Fund Utilization,11,1,Normal
3298,2023-03-12,7,Vendor_4,12637.1,Standard operational expense,3,1,Normal
3299,2019-10-04,3,Vendor_67,11715.69,Standard operational expense,10,1,Normal
3300,2018-12-16,6,Vendor_74,24692.4,Emergency Year-end Fund Utilization,12,1,Normal
3301,2020-04-09,1,Vendor_9,1141.39,Standard operational expense,4,1,Normal
3302,2021-05-09,3,Vendor_12,2288.76,Standard operational expense,5,1,Normal
3303,2024-09-12,2,Vendor_8,5395.54,Standard operational expense,9,1,Normal
3304,2024-12-02,6,Vendor_39,11355.92,Standard operational expense,12,1,Normal
3305,2018-12-21,8,Vendor_34,11513.79,Standard operational expense,12,1,Normal
3306,2019-09-21,3,Vendor_71,10251.57,Standard operational expense,9,1,Normal
3307,2021-12-09,2,Vendor_81,8109.09,Standard operational expense,12,1,Normal
3308,2023-05-11,4,Vendor_20,714.63,Standard operational expense,5,1,Normal
3309,2023-03-28,4,Vendor_36,1523.6,Standard operational expense,3,1,Normal
3310,2021-10-28,3,Vendor_1,592.48,Standard operational expense,10,1,Normal
3311,2021-09-25,5,Vendor_32,8810.19,Standard operational expense,9,1,Normal
3312,2022-04-15,4,Vendor_1,8639.92,Standard operational expense,4,1,Normal
3313,2020-10-16,1,Vendor_99,4978.86,Standard operational expense,10,1,Normal
3314,2023-02-13,1,Vendor_4,3080.13,Standard operational expense,2,1,Normal
3315,2019-11-03,6,Vendor_25,27898.56,Emergency Year-end Fund Utilization,11,1,Normal
3316,2020-10-11,7,Vendor_68,9415.65,Standard operational expense,10,1,Normal
3317,2022-03-02,3,Vendor_14,3967.33,Standard operational expense,3,1,Normal
3318,2019-12-23,8,Vendor_37,1339.71,Standard operational expense,12,1,Normal
3319,2018-08-03,7,Vendor_67,8980.85,Standard operational expense,8,1,Normal
3320,2018-03-31,4,Vendor_79,4192.84,Standard operational expense,3,1,Normal
3321,2019-08-31,5,Vendor_16,11293.97,Standard operational expense,8,1,Normal
3322,2023-07-24,3,Vendor_51,14701.79,Standard operational expense,7,1,Normal
3323,2022-01-05,4,Vendor_65,6030.3,Standard operational expense,1,1,Normal
3324,2020-12-15,7,Vendor_65,13441.65,Standard operational expense,12,1,Normal
3325,2019-06-01,2,Vendor_13,13754.69,Standard operational expense,6,1,Normal
3326,2023-01-31,8,Vendor_86,3749.81,Standard operational expense,1,1,Normal
3327,2018-11-16,8,Vendor_79,14947.11,Standard operational expense,11,1,Normal
3328,2018-06-23,4,Vendor_63,12367.88,Standard operational expense,6,1,Normal
3329,2023-10-25,4,Vendor_81,6161.46,Standard operational expense,10,1,Normal
3330,2023-03-12,8,Vendor_57,9382.3,Standard operational expense,3,1,Normal
3331,2020-01-02,7,Vendor_26,13569.3,Standard operational expense,1,1,Normal
3332,2019-10-14,7,Vendor_79,12593.66,Standard operational expense,10,1,Normal
3333,2021-12-16,5,Vendor_72,1270.06,Standard operational expense,12,1,Normal
3334,2022-07-21,5,Vendor_33,2401.95,Standard operational expense,7,1,Normal
3335,2020-12-13,6,Vendor_37,72657.9,Emergency Year-end Fund Utilization,12,-1,Anomaly
3336,2022-08-05,5,Vendor_77,3042.55,Standard operational expense,8,1,Normal
3337,2019-02-01,8,Vendor_58,11549.87,Standard operational expense,2,1,Normal
3338,2023-01-23,3,Vendor_86,8738.72,Standard operational expense,1,1,Normal
3339,2019-12-07,4,Vendor_25,1425.05,Standard operational expense,12,1,Normal
3340,2023-06-01,3,Vendor_66,10837.9,Standard operational expense,6,1,Normal
3341,2018-06-07,1,Vendor_86,12351.89,Standard operational expense,6,1,Normal
3342,2024-06-30,8,Vendor_80,918.08,Standard operational expense,6,1,Normal
3343,2023-12-29,2,Vendor_39,4256.6,Standard operational expense,12,1,Normal
3344,2018-03-04,8,Vendor_61,4509.3,Standard operational expense,3,1,Normal
3345,2019-12-11,6,Vendor_27,89153.58,Emergency Year-end Fund Utilization,12,-1,Anomaly
3346,2024-05-20,2,Vendor_16,10971.14,Standard operational expense,5,1,Normal
3347,2021-01-05,2,Vendor_26,8641.82,Standard operational expense,1,1,Normal
3348,2022-04-13,1,Vendor_36,719.78,Standard operational expense,4,1,Normal
3349,2021-11-07,6,Vendor_57,13901.7,Emergency Year-end Fund Utilization,11,1,Normal
3350,2018-12-15,6,Vendor_57,86735.52,Emergency Year-end Fund Utilization,12,-1,Anomaly
3351,2024-06-15,4,Vendor_84,2610.87,Standard operational expense,6,1,Normal
3352,2020-12-15,7,Vendor_38,13632.02,Standard operational expense,12,1,Normal
3353,2020-11-20,6,Vendor_17,11553.24,Emergency Year-end Fund Utilization,11,1,Normal
3354,2023-08-25,2,Vendor_77,4639.07,Standard operational expense,8,1,Normal
3355,2023-06-28,1,Vendor_57,9113.62,Standard operational expense,6,1,Normal
3356,2018-08-15,8,Vendor_1,6730.78,Standard operational expense,8,1,Normal
3357,2022-04-26,8,Vendor_33,13412.54,Standard operational expense,4,1,Normal
3358,2018-06-10,7,Vendor_23,3488.98,Standard operational expense,6,1,Normal
3359,2019-03-20,7,Vendor_90,5853.43,Standard operational expense,3,1,Normal
3360,2019-04-18,5,Vendor_45,1332.75,Standard operational expense,4,1,Normal
3361,2019-08-13,1,Vendor_32,3063.87,Standard operational expense,8,1,Normal
3362,2023-05-30,8,Vendor_20,9953.94,Standard operational expense,5,1,Normal
3363,2018-12-01,8,Vendor_54,5030.22,Standard operational expense,12,1,Normal
3364,2018-02-03,4,Vendor_94,7107.23,Standard operational expense,2,1,Normal
3365,2021-12-04,3,Vendor_84,5868.24,Standard operational expense,12,1,Normal
3366,2019-01-11,4,Vendor_74,4845.19,Standard operational expense,1,1,Normal
3367,2024-10-28,7,Vendor_52,10036.89,Standard operational expense,10,1,Normal
3368,2019-05-08,2,Vendor_6,8603.28,Standard operational expense,5,1,Normal
3369,2023-02-09,2,Vendor_28,102.76,Standard operational expense,2,1,Normal
3370,2022-02-25,2,Vendor_61,1733.46,Standard operational expense,2,1,Normal
3371,2020-07-30,5,Vendor_74,5118.21,Standard operational expense,7,1,Normal
3372,2018-02-28,2,Vendor_37,13994.13,Standard operational expense,2,1,Normal
3373,2024-02-25,4,Vendor_34,7104.43,Standard operational expense,2,1,Normal
3374,2020-06-13,7,Vendor_24,1951.13,Standard operational expense,6,1,Normal
3375,2021-12-17,4,Vendor_17,6639.74,Standard operational expense,12,1,Normal
3376,2018-11-07,6,Vendor_32,50505.9,Emergency Year-end Fund Utilization,11,1,Normal
3377,2022-02-26,7,Vendor_46,597.93,Standard operational expense,2,1,Normal
3378,2021-01-31,1,Vendor_17,8793.19,Standard operational expense,1,1,Normal
3379,2018-02-11,7,Vendor_17,12299.2,Standard operational expense,2,1,Normal
3380,2023-11-22,6,Vendor_50,80837.28,Emergency Year-end Fund Utilization,11,-1,Anomaly
3381,2022-02-17,5,Vendor_55,3335.39,Standard operational expense,2,1,Normal
3382,2020-05-13,4,Vendor_14,2780.46,Standard operational expense,5,1,Normal
3383,2019-08-18,7,Vendor_81,4824.39,Standard operational expense,8,1,Normal
3384,2022-05-23,8,Vendor_22,11468.24,Standard operational expense,5,1,Normal
3385,2021-03-01,1,Vendor_59,13924.37,Standard operational expense,3,1,Normal
3386,2021-07-14,7,Vendor_56,309.79,Standard operational expense,7,1,Normal
3387,2018-02-07,5,Vendor_94,1602.03,Standard operational expense,2,1,Normal
3388,2019-01-29,2,Vendor_8,11263.62,Standard operational expense,1,1,Normal
3389,2024-07-03,7,Vendor_16,11067.62,Standard operational expense,7,1,Normal
3390,2018-12-27,5,Vendor_91,13402.66,Standard operational expense,12,1,Normal
3391,2024-09-19,8,Vendor_27,179.55,Standard operational expense,9,1,Normal
3392,2020-04-11,2,Vendor_97,13437.08,Standard operational expense,4,1,Normal
3393,2021-05-28,3,Vendor_97,13415.36,Standard operational expense,5,1,Normal
3394,2022-10-14,6,Vendor_38,13014.78,Standard operational expense,10,1,Normal
3395,2024-02-15,1,Vendor_67,2197.48,Standard operational expense,2,1,Normal
3396,2018-12-12,7,Vendor_59,11484.99,Standard operational expense,12,1,Normal
3397,2018-10-29,8,Vendor_39,5580.03,Standard operational expense,10,1,Normal
3398,2018-11-03,4,Vendor_77,13401.86,Standard operational expense,11,1,Normal
3399,2024-11-20,3,Vendor_20,13566.13,Standard operational expense,11,1,Normal
3400,2021-03-21,4,Vendor_54,7209.23,Standard operational expense,3,1,Normal
3401,2020-07-18,3,Vendor_89,4819.09,Standard operational expense,7,1,Normal
3402,2018-07-02,5,Vendor_91,9167.17,Standard operational expense,7,1,Normal
3403,2022-08-04,8,Vendor_13,10250.02,Standard operational expense,8,1,Normal
3404,2020-11-09,2,Vendor_19,13507.87,Standard operational expense,11,1,Normal
3405,2018-11-06,6,Vendor_86,4625.44,Standard operational expense,11,1,Normal
3406,2024-10-22,7,Vendor_27,3119.59,Standard operational expense,10,1,Normal
3407,2024-04-29,3,Vendor_2,3962.68,Standard operational expense,4,1,Normal
3408,2021-06-11,8,Vendor_79,8398.59,Standard operational expense,6,1,Normal
3409,2020-11-13,7,Vendor_54,11527.24,Standard operational expense,11,1,Normal
3410,2020-10-07,6,Vendor_20,55853.100000000006,Emergency Year-end Fund Utilization,10,1,Normal
3411,2019-04-10,8,Vendor_52,3397.02,Standard operational expense,4,1,Normal
3412,2018-10-15,4,Vendor_27,7353.43,Standard operational expense,10,1,Normal
3413,2024-02-06,1,Vendor_63,6302.29,Standard operational expense,2,1,Normal
3414,2024-12-06,1,Vendor_23,8030.46,Standard operational expense,12,1,Normal
3415,2021-09-13,5,Vendor_62,6179.12,Standard operational expense,9,1,Normal
3416,2019-11-25,4,Vendor_52,3416.79,Standard operational expense,11,1,Normal
3417,2018-01-23,1,Vendor_34,10160.32,Standard operational expense,1,1,Normal
3418,2019-07-12,1,Vendor_94,8385.18,Standard operational expense,7,1,Normal
3419,2022-10-15,6,Vendor_18,23179.62,Emergency Year-end Fund Utilization,10,1,Normal
3420,2020-12-05,6,Vendor_21,82483.92,Emergency Year-end Fund Utilization,12,-1,Anomaly
3421,2021-12-18,4,Vendor_97,405.61,Standard operational expense,12,1,Normal
3422,2024-11-16,7,Vendor_13,9688.51,Standard operational expense,11,1,Normal
3423,2021-10-27,6,Vendor_28,1991.28,Emergency Year-end Fund Utilization,10,1,Normal
3424,2023-01-30,7,Vendor_56,3091.42,Standard operational expense,1,1,Normal
3425,2021-12-19,7,Vendor_4,6958.79,Standard operational expense,12,1,Normal
3426,2024-10-24,6,Vendor_46,12428.02,Standard operational expense,10,1,Normal
3427,2024-10-23,7,Vendor_90,8346.1,Standard operational expense,10,1,Normal
3428,2023-10-01,6,Vendor_69,82403.88,Emergency Year-end Fund Utilization,10,-1,Anomaly
3429,2021-04-10,5,Vendor_78,9411.34,Standard operational expense,4,1,Normal
3430,2023-05-06,4,Vendor_25,13334.03,Standard operational expense,5,1,Normal
3431,2021-08-24,4,Vendor_39,7255.78,Standard operational expense,8,1,Normal
3432,2022-12-12,5,Vendor_52,4275.22,Standard operational expense,12,1,Normal
3433,2018-03-13,4,Vendor_16,6314.12,Standard operational expense,3,1,Normal
3434,2021-11-25,1,Vendor_52,12525.36,Standard operational expense,11,1,Normal
3435,2022-01-29,4,Vendor_22,6232.3,Standard operational expense,1,1,Normal
3436,2019-01-14,8,Vendor_52,1971.63,Standard operational expense,1,1,Normal
3437,2018-03-20,1,Vendor_8,6737.62,Standard operational expense,3,1,Normal
3438,2023-09-04,2,Vendor_73,415.76,Standard operational expense,9,1,Normal
3439,2022-11-16,6,Vendor_51,38541.0,Emergency Year-end Fund Utilization,11,1,Normal
3440,2024-10-20,7,Vendor_75,11463.52,Standard operational expense,10,1,Normal
3441,2023-11-22,6,Vendor_39,10941.14,Standard operational expense,11,1,Normal
3442,2024-11-10,4,Vendor_39,3831.61,Standard operational expense,11,1,Normal
3443,2023-06-11,3,Vendor_36,12752.07,Standard operational expense,6,1,Normal
3444,2023-11-13,1,Vendor_18,2129.88,Standard operational expense,11,1,Normal
3445,2023-04-25,8,Vendor_8,7848.29,Standard operational expense,4,1,Normal
3446,2023-07-29,8,Vendor_53,6967.72,Standard operational expense,7,1,Normal
3447,2022-03-05,5,Vendor_23,10041.14,Standard operational expense,3,1,Normal
3448,2023-01-09,3,Vendor_51,3255.81,Standard operational expense,1,1,Normal
3449,2018-04-22,5,Vendor_72,14433.47,Standard operational expense,4,1,Normal
3450,2023-12-27,8,Vendor_88,2591.22,Standard operational expense,12,1,Normal
3451,2018-09-10,5,Vendor_49,7627.87,Standard operational expense,9,1,Normal
3452,2021-08-19,8,Vendor_94,13468.93,Standard operational expense,8,1,Normal
3453,2021-12-14,6,Vendor_38,70695.12,Emergency Year-end Fund Utilization,12,1,Normal
3454,2023-12-13,5,Vendor_29,2578.04,Standard operational expense,12,1,Normal
3455,2019-09-18,7,Vendor_3,10216.29,Standard operational expense,9,1,Normal
3456,2022-09-05,8,Vendor_29,375.0,Standard operational expense,9,1,Normal
3457,2023-08-12,1,Vendor_50,10114.51,Standard operational expense,8,1,Normal
3458,2024-02-06,5,Vendor_27,5025.95,Standard operational expense,2,1,Normal
3459,2024-02-01,3,Vendor_60,6830.95,Standard operational expense,2,1,Normal
3460,2024-10-11,3,Vendor_65,5271.0,Standard operational expense,10,1,Normal
3461,2021-07-28,3,Vendor_29,5537.86,Standard operational expense,7,1,Normal
3462,2023-07-08,4,Vendor_19,5112.52,Standard operational expense,7,1,Normal
3463,2021-03-28,1,Vendor_37,2485.1,Standard operational expense,3,1,Normal
3464,2018-06-04,5,Vendor_66,12601.83,Standard operational expense,6,1,Normal
3465,2022-03-02,5,Vendor_44,3868.39,Standard operational expense,3,1,Normal
3466,2021-10-17,2,Vendor_2,14034.75,Standard operational expense,10,1,Normal
3467,2024-12-14,6,Vendor_81,17073.300000000003,Emergency Year-end Fund Utilization,12,1,Normal
3468,2022-03-29,7,Vendor_45,7765.75,Standard operational expense,3,1,Normal
3469,2021-09-06,3,Vendor_99,12364.0,Standard operational expense,9,1,Normal
3470,2019-12-04,5,Vendor_12,6029.5,Standard operational expense,12,1,Normal
3471,2023-07-04,2,Vendor_58,11708.5,Standard operational expense,7,1,Normal
3472,2022-07-27,1,Vendor_26,13841.24,Standard operational expense,7,1,Normal
3473,2024-11-27,4,Vendor_21,823.64,Standard operational expense,11,1,Normal
3474,2024-12-24,4,Vendor_58,8816.38,Standard operational expense,12,1,Normal
3475,2023-09-05,4,Vendor_33,10041.48,Standard operational expense,9,1,Normal
3476,2024-03-14,8,Vendor_23,6475.26,Standard operational expense,3,1,Normal
3477,2019-11-01,6,Vendor_11,2241.0,Standard operational expense,11,1,Normal
3478,2021-12-09,6,Vendor_12,13258.48,Standard operational expense,12,1,Normal
3479,2023-07-31,2,Vendor_36,12331.55,Standard operational expense,7,1,Normal
3480,2021-11-25,4,Vendor_7,2399.99,Standard operational expense,11,1,Normal
3481,2024-05-07,8,Vendor_67,12110.62,Standard operational expense,5,1,Normal
3482,2021-12-02,6,Vendor_61,7540.32,Emergency Year-end Fund Utilization,12,1,Normal
3483,2021-08-13,2,Vendor_95,793.47,Standard operational expense,8,1,Normal
3484,2019-05-26,5,Vendor_12,4711.28,Standard operational expense,5,1,Normal
3485,2022-06-06,1,Vendor_48,13699.25,Standard operational expense,6,1,Normal
3486,2024-10-23,8,Vendor_98,8028.46,Standard operational expense,10,1,Normal
3487,2023-06-15,4,Vendor_33,1297.02,Standard operational expense,6,1,Normal
3488,2020-11-12,5,Vendor_49,8337.34,Standard operational expense,11,1,Normal
3489,2019-12-10,6,Vendor_60,38369.58,Emergency Year-end Fund Utilization,12,1,Normal
3490,2018-12-25,2,Vendor_32,6269.61,Standard operational expense,12,1,Normal
3491,2021-11-01,7,Vendor_18,8306.07,Standard operational expense,11,1,Normal
3492,2024-11-30,4,Vendor_24,8741.43,Standard operational expense,11,1,Normal
3493,2024-05-22,2,Vendor_25,665.28,Standard operational expense,5,1,Normal
3494,2023-10-15,6,Vendor_84,37884.18,Emergency Year-end Fund Utilization,10,1,Normal
3495,2021-10-02,6,Vendor_41,66711.6,Emergency Year-end Fund Utilization,10,1,Normal
3496,2022-06-18,1,Vendor_64,10601.46,Standard operational expense,6,1,Normal
3497,2019-09-02,8,Vendor_90,7372.57,Standard operational expense,9,1,Normal
3498,2018-12-22,6,Vendor_68,44592.12,Emergency Year-end Fund Utilization,12,1,Normal
3499,2021-05-01,7,Vendor_78,4341.65,Standard operational expense,5,1,Normal
3500,2019-05-23,1,Vendor_26,1177.99,Standard operational expense,5,1,Normal
3501,2024-10-05,4,Vendor_30,11148.61,Standard operational expense,10,1,Normal
3502,2018-04-30,3,Vendor_33,14369.19,Standard operational expense,4,1,Normal
3503,2023-10-27,6,Vendor_28,6776.32,Standard operational expense,10,1,Normal
3504,2019-04-07,4,Vendor_21,9063.07,Standard operational expense,4,1,Normal
3505,2018-01-06,1,Vendor_3,2825.57,Standard operational expense,1,1,Normal
3506,2018-11-17,6,Vendor_4,5340.4800000000005,Emergency Year-end Fund Utilization,11,1,Normal
3507,2022-08-17,3,Vendor_17,11675.22,Standard operational expense,8,1,Normal
3508,2023-01-01,8,Vendor_86,9906.62,Standard operational expense,1,1,Normal
3509,2019-11-14,5,Vendor_85,386.81,Standard operational expense,11,1,Normal
3510,2021-05-21,4,Vendor_5,8579.69,Standard operational expense,5,1,Normal
3511,2024-03-28,1,Vendor_21,12159.21,Standard operational expense,3,1,Normal
3512,2022-05-27,4,Vendor_74,862.97,Standard operational expense,5,1,Normal
3513,2018-06-18,1,Vendor_24,9750.87,Standard operational expense,6,1,Normal
3514,2024-03-21,8,Vendor_44,2659.66,Standard operational expense,3,1,Normal
3515,2019-05-19,3,Vendor_34,3015.43,Standard operational expense,5,1,Normal
3516,2020-04-22,7,Vendor_86,12285.16,Standard operational expense,4,1,Normal
3517,2020-12-02,2,Vendor_41,2733.68,Standard operational expense,12,1,Normal
3518,2018-06-24,7,Vendor_65,11799.52,Standard operational expense,6,1,Normal
3519,2024-04-10,4,Vendor_36,14076.02,Standard operational expense,4,1,Normal
3520,2020-06-16,4,Vendor_79,1325.28,Standard operational expense,6,1,Normal
3521,2020-07-20,3,Vendor_38,8090.85,Standard operational expense,7,1,Normal
3522,2021-06-05,2,Vendor_38,4977.91,Standard operational expense,6,1,Normal
3523,2019-05-15,3,Vendor_4,12595.99,Standard operational expense,5,1,Normal
3524,2023-10-17,4,Vendor_80,13352.76,Standard operational expense,10,1,Normal
3525,2021-12-24,6,Vendor_34,42791.22,Emergency Year-end Fund Utilization,12,1,Normal
3526,2023-04-18,8,Vendor_39,4378.57,Standard operational expense,4,1,Normal
3527,2022-04-11,3,Vendor_61,2247.62,Standard operational expense,4,1,Normal
3528,2023-04-20,2,Vendor_96,11417.47,Standard operational expense,4,1,Normal
3529,2021-07-09,2,Vendor_94,2394.84,Standard operational expense,7,1,Normal
3530,2022-12-24,7,Vendor_46,5974.45,Standard operational expense,12,1,Normal
3531,2021-03-15,4,Vendor_39,14292.12,Standard operational expense,3,1,Normal
3532,2021-09-30,2,Vendor_98,12234.85,Standard operational expense,9,1,Normal
3533,2022-02-26,5,Vendor_41,2258.31,Standard operational expense,2,1,Normal
3534,2018-07-10,5,Vendor_73,6968.48,Standard operational expense,7,1,Normal
3535,2024-11-21,6,Vendor_33,62825.52,Emergency Year-end Fund Utilization,11,1,Normal
3536,2019-06-15,2,Vendor_47,6597.02,Standard operational expense,6,1,Normal
3537,2018-10-29,8,Vendor_51,10271.41,Standard operational expense,10,1,Normal
3538,2021-08-26,3,Vendor_28,13664.16,Standard operational expense,8,1,Normal
3539,2020-03-05,8,Vendor_19,5396.01,Standard operational expense,3,1,Normal
3540,2024-12-03,3,Vendor_43,3859.78,Standard operational expense,12,1,Normal
3541,2018-10-21,6,Vendor_58,54823.44,Emergency Year-end Fund Utilization,10,1,Normal
3542,2024-03-01,2,Vendor_18,8050.72,Standard operational expense,3,1,Normal
3543,2023-09-30,4,Vendor_16,11970.96,Standard operational expense,9,1,Normal
3544,2024-08-01,3,Vendor_79,9221.28,Standard operational expense,8,1,Normal
3545,2022-03-10,8,Vendor_22,11232.9,Standard operational expense,3,1,Normal
3546,2022-02-20,7,Vendor_68,622.47,Standard operational expense,2,1,Normal
3547,2020-10-14,6,Vendor_23,66677.76,Emergency Year-end Fund Utilization,10,1,Normal
3548,2024-08-11,4,Vendor_85,11521.7,Standard operational expense,8,1,Normal
3549,2022-05-10,5,Vendor_56,10724.17,Standard operational expense,5,1,Normal
3550,2020-10-19,7,Vendor_49,12138.18,Standard operational expense,10,1,Normal
3551,2020-04-26,7,Vendor_69,5018.67,Standard operational expense,4,1,Normal
3552,2023-05-30,1,Vendor_28,8208.58,Standard operational expense,5,1,Normal
3553,2020-03-04,4,Vendor_6,8059.43,Standard operational expense,3,1,Normal
3554,2018-11-22,6,Vendor_85,8611.44,Emergency Year-end Fund Utilization,11,1,Normal
3555,2023-12-08,6,Vendor_3,68923.56,Emergency Year-end Fund Utilization,12,1,Normal
3556,2021-04-28,4,Vendor_30,10739.66,Standard operational expense,4,1,Normal
3557,2022-10-15,6,Vendor_38,11251.11,Standard operational expense,10,1,Normal
3558,2021-10-15,7,Vendor_29,6032.51,Standard operational expense,10,1,Normal
3559,2022-01-07,5,Vendor_18,5026.43,Standard operational expense,1,1,Normal
3560,2024-10-24,7,Vendor_38,7237.71,Standard operational expense,10,1,Normal
3561,2022-08-03,3,Vendor_84,1089.52,Standard operational expense,8,1,Normal
3562,2024-08-29,2,Vendor_63,6201.11,Standard operational expense,8,1,Normal
3563,2020-07-05,7,Vendor_83,7469.39,Standard operational expense,7,1,Normal
3564,2022-02-25,7,Vendor_19,6587.3,Standard operational expense,2,1,Normal
3565,2023-01-28,7,Vendor_39,8792.45,Standard operational expense,1,1,Normal
3566,2021-10-11,4,Vendor_46,5735.1,Standard operational expense,10,1,Normal
3567,2020-03-11,4,Vendor_50,8592.74,Standard operational expense,3,1,Normal
3568,2021-03-17,8,Vendor_58,14377.94,Standard operational expense,3,1,Normal
3569,2024-12-13,6,Vendor_41,47190.72,Emergency Year-end Fund Utilization,12,1,Normal
3570,2020-10-08,1,Vendor_77,8204.65,Standard operational expense,10,1,Normal
3571,2022-12-13,8,Vendor_14,9487.11,Standard operational expense,12,1,Normal
3572,2024-05-30,2,Vendor_21,5378.56,Standard operational expense,5,1,Normal
3573,2021-11-05,6,Vendor_92,40763.82,Emergency Year-end Fund Utilization,11,1,Normal
3574,2018-02-15,4,Vendor_84,1997.84,Standard operational expense,2,1,Normal
3575,2019-06-27,1,Vendor_8,5744.83,Standard operational expense,6,1,Normal
3576,2023-06-16,2,Vendor_45,8352.16,Standard operational expense,6,1,Normal
3577,2024-05-29,2,Vendor_38,2499.59,Standard operational expense,5,1,Normal
3578,2020-05-16,4,Vendor_94,13179.7,Standard operational expense,5,1,Normal
3579,2024-04-28,4,Vendor_35,9425.12,Standard operational expense,4,1,Normal
3580,2019-11-29,1,Vendor_13,7483.78,Standard operational expense,11,1,Normal
3581,2024-10-26,6,Vendor_2,8261.32,Standard operational expense,10,1,Normal
3582,2019-07-24,4,Vendor_9,8500.67,Standard operational expense,7,1,Normal
3583,2023-04-02,1,Vendor_79,13677.72,Standard operational expense,4,1,Normal
3584,2018-02-01,2,Vendor_95,6318.48,Standard operational expense,2,1,Normal
3585,2023-01-20,7,Vendor_55,4664.53,Standard operational expense,1,1,Normal
3586,2021-12-07,7,Vendor_91,11302.96,Standard operational expense,12,1,Normal
3587,2023-04-13,5,Vendor_92,8952.41,Standard operational expense,4,1,Normal
3588,2023-01-18,1,Vendor_36,13943.24,Standard operational expense,1,1,Normal
3589,2024-08-16,8,Vendor_35,14003.72,Standard operational expense,8,1,Normal
3590,2021-11-07,6,Vendor_8,26592.48,Emergency Year-end Fund Utilization,11,1,Normal
3591,2022-02-04,8,Vendor_7,454.27,Standard operational expense,2,1,Normal
3592,2022-03-10,1,Vendor_86,12588.57,Standard operational expense,3,1,Normal
3593,2023-03-25,8,Vendor_56,7382.1,Standard operational expense,3,1,Normal
3594,2021-04-12,7,Vendor_16,11162.62,Standard operational expense,4,1,Normal
3595,2022-09-29,2,Vendor_92,5524.01,Standard operational expense,9,1,Normal
3596,2018-10-14,6,Vendor_41,68105.4,Emergency Year-end Fund Utilization,10,1,Normal
3597,2020-12-06,3,Vendor_93,8620.86,Standard operational expense,12,1,Normal
3598,2022-03-17,8,Vendor_28,3918.77,Standard operational expense,3,1,Normal
3599,2023-02-21,2,Vendor_76,10343.78,Standard operational expense,2,1,Normal
3600,2019-10-21,1,Vendor_69,14889.59,Standard operational expense,10,1,Normal
3601,2020-10-15,2,Vendor_74,5498.2,Standard operational expense,10,1,Normal
3602,2020-01-21,1,Vendor_52,8580.21,Standard operational expense,1,1,Normal
3603,2019-12-20,2,Vendor_90,4192.26,Standard operational expense,12,1,Normal
3604,2020-10-02,2,Vendor_17,10750.68,Standard operational expense,10,1,Normal
3605,2024-11-10,6,Vendor_77,40328.82,Emergency Year-end Fund Utilization,11,1,Normal
3606,2022-04-12,1,Vendor_74,9807.19,Standard operational expense,4,1,Normal
3607,2021-10-11,6,Vendor_23,63589.98,Emergency Year-end Fund Utilization,10,1,Normal
3608,2023-06-14,8,Vendor_88,3920.47,Standard operational expense,6,1,Normal
3609,2021-01-09,4,Vendor_7,3418.95,Standard operational expense,1,1,Normal
3610,2018-04-02,3,Vendor_44,10608.73,Standard operational expense,4,1,Normal
3611,2024-06-01,7,Vendor_59,9007.16,Standard operational expense,6,1,Normal
3612,2021-09-27,1,Vendor_86,6647.78,Standard operational expense,9,1,Normal
3613,2023-10-11,8,Vendor_18,1160.98,Standard operational expense,10,1,Normal
3614,2022-10-18,8,Vendor_60,14879.21,Standard operational expense,10,1,Normal
3615,2023-03-13,2,Vendor_14,14330.97,Standard operational expense,3,1,Normal
3616,2021-08-20,7,Vendor_56,13189.91,Standard operational expense,8,1,Normal
3617,2023-01-21,4,Vendor_4,2086.94,Standard operational expense,1,1,Normal
3618,2019-04-19,4,Vendor_1,6701.83,Standard operational expense,4,1,Normal
3619,2022-10-01,6,Vendor_69,1534.07,Standard operational expense,10,1,Normal
3620,2024-08-10,2,Vendor_80,10944.73,Standard operational expense,8,1,Normal
3621,2022-02-20,2,Vendor_91,8369.78,Standard operational expense,2,1,Normal
3622,2018-08-18,2,Vendor_26,11454.87,Standard operational expense,8,1,Normal
3623,2022-11-17,6,Vendor_4,26090.88,Emergency Year-end Fund Utilization,11,1,Normal
3624,2022-11-10,7,Vendor_78,3710.65,Standard operational expense,11,1,Normal
3625,2021-05-01,2,Vendor_74,7684.15,Standard operational expense,5,1,Normal
3626,2024-03-13,2,Vendor_27,2566.56,Standard operational expense,3,1,Normal
3627,2018-07-12,7,Vendor_71,14715.51,Standard operational expense,7,1,Normal
3628,2021-03-13,5,Vendor_23,9097.78,Standard operational expense,3,1,Normal
3629,2023-01-09,2,Vendor_51,5526.61,Standard operational expense,1,1,Normal
3630,2020-06-14,8,Vendor_17,7347.5,Standard operational expense,6,1,Normal
3631,2022-08-28,5,Vendor_84,2564.47,Standard operational expense,8,1,Normal
3632,2023-03-13,8,Vendor_93,7946.97,Standard operational expense,3,1,Normal
3633,2021-02-01,3,Vendor_60,375.01,Standard operational expense,2,1,Normal
3634,2018-12-25,8,Vendor_86,6821.03,Standard operational expense,12,1,Normal
3635,2023-09-21,8,Vendor_29,4888.13,Standard operational expense,9,1,Normal
3636,2019-04-09,1,Vendor_26,11311.85,Standard operational expense,4,1,Normal
3637,2019-03-13,5,Vendor_53,11282.81,Standard operational expense,3,1,Normal
3638,2022-06-09,1,Vendor_85,2871.91,Standard operational expense,6,1,Normal
3639,2020-08-06,1,Vendor_45,10605.01,Standard operational expense,8,1,Normal
3640,2021-11-04,7,Vendor_37,9722.28,Standard operational expense,11,1,Normal
3641,2023-02-05,2,Vendor_96,3449.71,Standard operational expense,2,1,Normal
3642,2022-11-20,8,Vendor_37,10504.87,Standard operational expense,11,1,Normal
3643,2020-03-09,4,Vendor_48,13342.32,Standard operational expense,3,1,Normal
3644,2022-12-12,7,Vendor_20,12114.69,Standard operational expense,12,1,Normal
3645,2024-10-09,6,Vendor_64,14389.76,Standard operational expense,10,1,Normal
3646,2024-09-26,3,Vendor_75,4831.43,Standard operational expense,9,1,Normal
3647,2021-12-03,6,Vendor_46,1367.15,Standard operational expense,12,1,Normal
3648,2021-01-01,4,Vendor_74,13472.49,Standard operational expense,1,1,Normal
3649,2024-01-14,7,Vendor_64,6555.44,Standard operational expense,1,1,Normal
3650,2019-11-11,3,Vendor_65,10107.82,Standard operational expense,11,1,Normal
3651,2018-11-14,6,Vendor_46,5295.67,Standard operational expense,11,1,Normal
3652,2022-12-02,1,Vendor_53,9707.42,Standard operational expense,12,1,Normal
3653,2024-12-17,7,Vendor_31,9902.47,Standard operational expense,12,1,Normal
3654,2022-03-28,3,Vendor_38,5648.77,Standard operational expense,3,1,Normal
3655,2020-04-14,2,Vendor_11,11671.2,Standard operational expense,4,1,Normal
3656,2024-12-28,1,Vendor_22,1857.89,Standard operational expense,12,1,Normal
3657,2020-11-15,6,Vendor_96,85428.42,Emergency Year-end Fund Utilization,11,-1,Anomaly
3658,2019-04-28,7,Vendor_72,10534.56,Standard operational expense,4,1,Normal
3659,2018-07-11,4,Vendor_4,10030.41,Standard operational expense,7,1,Normal
3660,2018-11-03,4,Vendor_9,1690.67,Standard operational expense,11,1,Normal
3661,2019-08-15,2,Vendor_68,7642.84,Standard operational expense,8,1,Normal
3662,2018-02-28,5,Vendor_19,12792.37,Standard operational expense,2,1,Normal
3663,2022-12-11,7,Vendor_3,1912.18,Standard operational expense,12,1,Normal
3664,2024-12-20,6,Vendor_9,11970.19,Standard operational expense,12,1,Normal
3665,2022-11-10,7,Vendor_85,13359.97,Standard operational expense,11,1,Normal
3666,2022-03-31,4,Vendor_1,672.54,Standard operational expense,3,1,Normal
3667,2020-05-13,2,Vendor_69,7888.19,Standard operational expense,5,1,Normal
3668,2021-11-17,6,Vendor_7,77065.14,Emergency Year-end Fund Utilization,11,-1,Anomaly
3669,2023-12-23,2,Vendor_47,10158.19,Standard operational expense,12,1,Normal
3670,2022-12-11,7,Vendor_41,7564.44,Standard operational expense,12,1,Normal
3671,2022-03-30,5,Vendor_5,1656.65,Standard operational expense,3,1,Normal
3672,2019-12-05,5,Vendor_96,8396.3,Standard operational expense,12,1,Normal
3673,2020-11-25,7,Vendor_22,8395.85,Standard operational expense,11,1,Normal
3674,2019-11-05,8,Vendor_89,5158.98,Standard operational expense,11,1,Normal
3675,2023-05-30,1,Vendor_82,6543.47,Standard operational expense,5,1,Normal
3676,2019-05-14,2,Vendor_78,11327.21,Standard operational expense,5,1,Normal
3677,2021-08-22,2,Vendor_81,10931.61,Standard operational expense,8,1,Normal
3678,2023-02-11,2,Vendor_85,13662.3,Standard operational expense,2,1,Normal
3679,2020-06-17,3,Vendor_99,12519.74,Standard operational expense,6,1,Normal
3680,2022-07-26,5,Vendor_93,5680.59,Standard operational expense,7,1,Normal
3681,2020-11-05,6,Vendor_88,54258.12,Emergency Year-end Fund Utilization,11,1,Normal
3682,2023-07-12,4,Vendor_68,11363.18,Standard operational expense,7,1,Normal
3683,2022-10-27,2,Vendor_61,11000.96,Standard operational expense,10,1,Normal
3684,2018-06-07,2,Vendor_88,12533.37,Standard operational expense,6,1,Normal
3685,2024-07-05,8,Vendor_71,2066.55,Standard operational expense,7,1,Normal
3686,2021-08-29,3,Vendor_41,7764.31,Standard operational expense,8,1,Normal
3687,2024-02-06,4,Vendor_4,7471.88,Standard operational expense,2,1,Normal
3688,2024-06-02,4,Vendor_61,9749.03,Standard operational expense,6,1,Normal
3689,2024-10-22,3,Vendor_60,6560.73,Standard operational expense,10,1,Normal
3690,2021-07-28,7,Vendor_44,3883.3,Standard operational expense,7,1,Normal
3691,2021-09-23,2,Vendor_50,7478.06,Standard operational expense,9,1,Normal
3692,2021-03-11,7,Vendor_30,10780.29,Standard operational expense,3,1,Normal
3693,2018-01-31,4,Vendor_20,7267.18,Standard operational expense,1,1,Normal
3694,2024-02-03,2,Vendor_97,12533.66,Standard operational expense,2,1,Normal
3695,2024-03-27,3,Vendor_61,13106.94,Standard operational expense,3,1,Normal
3696,2022-01-31,7,Vendor_40,4521.09,Standard operational expense,1,1,Normal
3697,2024-06-20,8,Vendor_7,6552.9,Standard operational expense,6,1,Normal
3698,2021-07-05,5,Vendor_36,8912.31,Standard operational expense,7,1,Normal
3699,2019-02-20,5,Vendor_9,9372.5,Standard operational expense,2,1,Normal
3700,2024-07-06,1,Vendor_11,14242.64,Standard operational expense,7,1,Normal
3701,2022-03-11,3,Vendor_75,13597.56,Standard operational expense,3,1,Normal
3702,2022-04-16,4,Vendor_96,3982.28,Standard operational expense,4,1,Normal
3703,2018-06-02,4,Vendor_75,1304.62,Standard operational expense,6,1,Normal
3704,2022-07-23,3,Vendor_42,2523.54,Standard operational expense,7,1,Normal
3705,2021-06-05,2,Vendor_5,4794.33,Standard operational expense,6,1,Normal
3706,2022-01-13,7,Vendor_94,13899.76,Standard operational expense,1,1,Normal
3707,2024-12-02,8,Vendor_38,2327.68,Standard operational expense,12,1,Normal
3708,2019-06-24,2,Vendor_81,2193.41,Standard operational expense,6,1,Normal
3709,2019-06-18,3,Vendor_88,3774.6,Standard operational expense,6,1,Normal
3710,2024-10-03,8,Vendor_52,139.76,Standard operational expense,10,1,Normal
3711,2023-05-10,4,Vendor_36,10593.84,Standard operational expense,5,1,Normal
3712,2022-07-31,5,Vendor_61,13192.59,Standard operational expense,7,1,Normal
3713,2024-12-07,6,Vendor_56,62276.04,Emergency Year-end Fund Utilization,12,1,Normal
3714,2021-07-07,7,Vendor_25,740.91,Standard operational expense,7,1,Normal
3715,2022-12-02,3,Vendor_9,9258.18,Standard operational expense,12,1,Normal
3716,2020-02-22,4,Vendor_7,8986.14,Standard operational expense,2,1,Normal
3717,2022-10-26,8,Vendor_15,13907.94,Standard operational expense,10,1,Normal
3718,2019-11-08,3,Vendor_83,13372.11,Standard operational expense,11,1,Normal
3719,2021-08-29,4,Vendor_19,8243.18,Standard operational expense,8,1,Normal
3720,2018-07-10,7,Vendor_10,8217.32,Standard operational expense,7,1,Normal
3721,2022-07-01,7,Vendor_3,13166.09,Standard operational expense,7,1,Normal
3722,2021-03-15,1,Vendor_58,1472.25,Standard operational expense,3,1,Normal
3723,2023-02-21,2,Vendor_10,5989.29,Standard operational expense,2,1,Normal
3724,2021-07-01,4,Vendor_10,2982.79,Standard operational expense,7,1,Normal
3725,2023-08-23,7,Vendor_87,13441.4,Standard operational expense,8,1,Normal
3726,2020-09-17,4,Vendor_67,13612.41,Standard operational expense,9,1,Normal
3727,2023-10-02,2,Vendor_79,12652.62,Standard operational expense,10,1,Normal
3728,2020-12-16,1,Vendor_19,12483.8,Standard operational expense,12,1,Normal
3729,2022-05-18,1,Vendor_26,136.57,Standard operational expense,5,1,Normal
3730,2019-11-15,4,Vendor_92,12001.7,Standard operational expense,11,1,Normal
3731,2021-11-22,6,Vendor_44,9493.83,Standard operational expense,11,1,Normal
3732,2022-01-31,4,Vendor_59,11652.2,Standard operational expense,1,1,Normal
3733,2021-04-27,8,Vendor_39,14141.8,Standard operational expense,4,1,Normal
3734,2020-11-30,1,Vendor_65,700.14,Standard operational expense,11,1,Normal
3735,2024-07-10,8,Vendor_18,2585.89,Standard operational expense,7,1,Normal
3736,2022-02-09,8,Vendor_82,9853.86,Standard operational expense,2,1,Normal
3737,2022-02-28,7,Vendor_36,8972.64,Standard operational expense,2,1,Normal
3738,2022-02-13,7,Vendor_34,3863.16,Standard operational expense,2,1,Normal
3739,2021-03-14,7,Vendor_92,3848.82,Standard operational expense,3,1,Normal
3740,2022-11-01,5,Vendor_15,12215.27,Standard operational expense,11,1,Normal
3741,2019-05-13,1,Vendor_66,1319.74,Standard operational expense,5,1,Normal
3742,2018-08-07,1,Vendor_68,4088.23,Standard operational expense,8,1,Normal
3743,2023-11-01,2,Vendor_14,778.7,Standard operational expense,11,1,Normal
3744,2024-09-17,2,Vendor_9,6182.51,Standard operational expense,9,1,Normal
3745,2022-08-21,5,Vendor_35,12305.55,Standard operational expense,8,1,Normal
3746,2021-10-24,6,Vendor_87,45869.58,Emergency Year-end Fund Utilization,10,1,Normal
3747,2019-01-08,8,Vendor_19,11564.61,Standard operational expense,1,1,Normal
3748,2020-07-12,7,Vendor_7,9735.42,Standard operational expense,7,1,Normal
3749,2023-03-12,4,Vendor_46,696.2,Standard operational expense,3,1,Normal
3750,2019-10-17,3,Vendor_88,8095.77,Standard operational expense,10,1,Normal
3751,2018-01-08,5,Vendor_63,10997.04,Standard operational expense,1,1,Normal
3752,2020-06-30,4,Vendor_57,786.07,Standard operational expense,6,1,Normal
3753,2022-03-22,3,Vendor_67,1650.73,Standard operational expense,3,1,Normal
3754,2019-01-22,4,Vendor_97,4455.12,Standard operational expense,1,1,Normal
3755,2023-05-22,8,Vendor_33,7055.48,Standard operational expense,5,1,Normal
3756,2020-08-20,5,Vendor_44,6409.04,Standard operational expense,8,1,Normal
3757,2020-11-02,8,Vendor_96,13930.43,Standard operational expense,11,1,Normal
3758,2024-09-13,8,Vendor_21,14253.49,Standard operational expense,9,1,Normal
3759,2022-10-06,3,Vendor_51,9729.16,Standard operational expense,10,1,Normal
3760,2018-01-21,3,Vendor_6,10864.67,Standard operational expense,1,1,Normal
3761,2022-01-12,4,Vendor_6,6774.34,Standard operational expense,1,1,Normal
3762,2021-09-16,3,Vendor_6,14239.74,Standard operational expense,9,1,Normal
3763,2018-01-06,7,Vendor_2,2517.22,Standard operational expense,1,1,Normal
3764,2023-11-08,8,Vendor_87,5531.68,Standard operational expense,11,1,Normal
3765,2020-04-17,7,Vendor_30,1834.4,Standard operational expense,4,1,Normal
3766,2023-12-16,6,Vendor_96,401.24,Standard operational expense,12,1,Normal
3767,2024-06-10,2,Vendor_22,2483.45,Standard operational expense,6,1,Normal
3768,2024-09-04,1,Vendor_20,432.3,Standard operational expense,9,1,Normal
3769,2024-06-04,4,Vendor_19,6559.82,Standard operational expense,6,1,Normal
3770,2024-03-04,5,Vendor_29,14151.43,Standard operational expense,3,1,Normal
3771,2020-01-24,5,Vendor_36,14391.05,Standard operational expense,1,1,Normal
3772,2021-02-07,4,Vendor_74,277.38,Standard operational expense,2,1,Normal
3773,2018-12-10,6,Vendor_63,48335.7,Emergency Year-end Fund Utilization,12,1,Normal
3774,2020-04-28,5,Vendor_79,1067.0,Standard operational expense,4,1,Normal
3775,2019-03-18,7,Vendor_55,9375.03,Standard operational expense,3,1,Normal
3776,2024-12-25,4,Vendor_42,10432.66,Standard operational expense,12,1,Normal
3777,2024-04-10,5,Vendor_16,9043.26,Standard operational expense,4,1,Normal
3778,2020-06-11,1,Vendor_19,558.72,Standard operational expense,6,1,Normal
3779,2021-12-09,1,Vendor_90,9543.85,Standard operational expense,12,1,Normal
3780,2024-01-09,8,Vendor_48,3640.45,Standard operational expense,1,1,Normal
3781,2022-12-11,6,Vendor_62,61901.88,Emergency Year-end Fund Utilization,12,1,Normal
3782,2019-09-12,7,Vendor_37,3180.53,Standard operational expense,9,1,Normal
3783,2020-06-22,1,Vendor_47,2911.22,Standard operational expense,6,1,Normal
3784,2022-10-30,5,Vendor_50,4973.66,Standard operational expense,10,1,Normal
3785,2020-11-13,7,Vendor_28,7735.26,Standard operational expense,11,1,Normal
3786,2023-06-20,5,Vendor_86,9136.22,Standard operational expense,6,1,Normal
3787,2020-12-11,6,Vendor_70,1322.76,Emergency Year-end Fund Utilization,12,1,Normal
3788,2019-08-26,8,Vendor_28,3502.13,Standard operational expense,8,1,Normal
3789,2019-11-06,6,Vendor_20,13254.48,Emergency Year-end Fund Utilization,11,1,Normal
3790,2021-09-23,2,Vendor_64,4198.31,Standard operational expense,9,1,Normal
3791,2019-10-25,5,Vendor_17,3806.27,Standard operational expense,10,1,Normal
3792,2018-06-25,5,Vendor_95,6468.6,Standard operational expense,6,1,Normal
3793,2021-07-06,1,Vendor_90,6464.65,Standard operational expense,7,1,Normal
3794,2024-12-03,6,Vendor_55,62871.3,Emergency Year-end Fund Utilization,12,1,Normal
3795,2022-01-05,5,Vendor_29,12645.43,Standard operational expense,1,1,Normal
3796,2022-12-07,3,Vendor_29,9184.43,Standard operational expense,12,1,Normal
3797,2023-06-02,5,Vendor_95,2882.52,Standard operational expense,6,1,Normal
3798,2018-08-02,2,Vendor_6,10097.29,Standard operational expense,8,1,Normal
3799,2022-05-17,5,Vendor_83,8865.79,Standard operational expense,5,1,Normal
3800,2020-09-13,5,Vendor_43,11622.23,Standard operational expense,9,1,Normal
3801,2019-09-21,5,Vendor_46,5286.25,Standard operational expense,9,1,Normal
3802,2022-11-25,6,Vendor_81,50107.38,Emergency Year-end Fund Utilization,11,1,Normal
3803,2024-01-15,5,Vendor_32,470.65,Standard operational expense,1,1,Normal
3804,2019-05-22,1,Vendor_30,6057.5,Standard operational expense,5,1,Normal
3805,2023-03-20,3,Vendor_55,9223.47,Standard operational expense,3,1,Normal
3806,2021-03-24,5,Vendor_54,3146.55,Standard operational expense,3,1,Normal
3807,2021-12-26,6,Vendor_13,8040.07,Standard operational expense,12,1,Normal
3808,2023-12-10,8,Vendor_27,8494.42,Standard operational expense,12,1,Normal
3809,2020-02-04,7,Vendor_28,758.74,Standard operational expense,2,1,Normal
3810,2023-07-12,7,Vendor_51,11444.11,Standard operational expense,7,1,Normal
3811,2024-06-07,4,Vendor_61,13399.75,Standard operational expense,6,1,Normal
3812,2018-10-15,2,Vendor_20,895.87,Standard operational expense,10,1,Normal
3813,2020-04-29,2,Vendor_86,6661.24,Standard operational expense,4,1,Normal
3814,2024-03-10,2,Vendor_43,8352.08,Standard operational expense,3,1,Normal
3815,2022-08-14,5,Vendor_9,266.87,Standard operational expense,8,1,Normal
3816,2023-12-08,6,Vendor_4,19736.28,Emergency Year-end Fund Utilization,12,1,Normal
3817,2024-07-09,8,Vendor_64,679.55,Standard operational expense,7,1,Normal
3818,2021-03-11,4,Vendor_49,4504.43,Standard operational expense,3,1,Normal
3819,2020-09-14,7,Vendor_87,7154.18,Standard operational expense,9,1,Normal
3820,2021-12-10,8,Vendor_16,7682.26,Standard operational expense,12,1,Normal
3821,2023-01-06,2,Vendor_18,2224.09,Standard operational expense,1,1,Normal
3822,2020-11-24,1,Vendor_63,9998.59,Standard operational expense,11,1,Normal
3823,2020-12-12,3,Vendor_66,14211.6,Standard operational expense,12,1,Normal
3824,2021-10-24,2,Vendor_64,297.15,Standard operational expense,10,1,Normal
3825,2020-05-18,1,Vendor_34,14183.31,Standard operational expense,5,1,Normal
3826,2021-06-20,7,Vendor_17,2310.38,Standard operational expense,6,1,Normal
3827,2018-10-29,6,Vendor_29,12526.46,Standard operational expense,10,1,Normal
3828,2023-04-08,5,Vendor_28,5163.42,Standard operational expense,4,1,Normal
3829,2019-11-21,2,Vendor_59,4758.58,Standard operational expense,11,1,Normal
3830,2018-01-18,7,Vendor_16,11170.73,Standard operational expense,1,1,Normal
3831,2022-03-10,2,Vendor_22,2631.31,Standard operational expense,3,1,Normal
3832,2019-06-12,4,Vendor_51,12031.67,Standard operational expense,6,1,Normal
3833,2024-05-19,3,Vendor_9,6625.17,Standard operational expense,5,1,Normal
3834,2021-08-25,5,Vendor_65,12953.84,Standard operational expense,8,1,Normal
3835,2024-10-09,1,Vendor_79,14468.63,Standard operational expense,10,1,Normal
3836,2022-09-11,3,Vendor_60,12009.06,Standard operational expense,9,1,Normal
3837,2018-03-20,3,Vendor_72,13839.18,Standard operational expense,3,1,Normal
3838,2018-08-22,2,Vendor_22,360.28,Standard operational expense,8,1,Normal
3839,2019-01-22,7,Vendor_38,14062.62,Standard operational expense,1,1,Normal
3840,2021-12-23,6,Vendor_26,88335.12,Emergency Year-end Fund Utilization,12,-1,Anomaly
3841,2022-07-30,2,Vendor_10,8708.67,Standard operational expense,7,1,Normal
3842,2024-06-03,5,Vendor_12,6552.81,Standard operational expense,6,1,Normal
3843,2024-11-20,1,Vendor_35,2942.24,Standard operational expense,11,1,Normal
3844,2022-07-10,2,Vendor_2,3070.32,Standard operational expense,7,1,Normal
3845,2024-05-09,2,Vendor_83,9115.57,Standard operational expense,5,1,Normal
3846,2023-10-07,5,Vendor_61,5311.61,Standard operational expense,10,1,Normal
3847,2022-02-05,4,Vendor_31,6600.12,Standard operational expense,2,1,Normal
3848,2022-05-21,3,Vendor_74,9247.05,Standard operational expense,5,1,Normal
3849,2018-04-05,5,Vendor_22,9219.98,Standard operational expense,4,1,Normal
3850,2020-11-12,4,Vendor_26,1988.15,Standard operational expense,11,1,Normal
3851,2023-12-19,7,Vendor_40,4909.94,Standard operational expense,12,1,Normal
3852,2018-10-22,8,Vendor_41,6426.12,Standard operational expense,10,1,Normal
3853,2019-12-11,3,Vendor_37,12609.54,Standard operational expense,12,1,Normal
3854,2022-09-18,5,Vendor_73,7381.72,Standard operational expense,9,1,Normal
3855,2021-08-13,4,Vendor_26,4524.48,Standard operational expense,8,1,Normal
3856,2023-10-27,1,Vendor_24,10164.29,Standard operational expense,10,1,Normal
3857,2023-05-01,7,Vendor_99,8749.74,Standard operational expense,5,1,Normal
3858,2024-04-25,7,Vendor_33,11461.77,Standard operational expense,4,1,Normal
3859,2018-11-04,6,Vendor_40,12486.73,Standard operational expense,11,1,Normal
3860,2020-05-14,5,Vendor_68,10138.3,Standard operational expense,5,1,Normal
3861,2022-09-22,4,Vendor_41,5016.54,Standard operational expense,9,1,Normal
3862,2019-12-28,5,Vendor_89,7019.6,Standard operational expense,12,1,Normal
3863,2021-06-23,8,Vendor_98,7488.02,Standard operational expense,6,1,Normal
3864,2023-03-25,5,Vendor_86,1573.21,Standard operational expense,3,1,Normal
3865,2020-11-23,7,Vendor_62,6714.36,Standard operational expense,11,1,Normal
3866,2020-05-05,8,Vendor_71,10609.81,Standard operational expense,5,1,Normal
3867,2023-02-02,7,Vendor_29,12940.43,Standard operational expense,2,1,Normal
3868,2020-04-21,8,Vendor_9,4235.45,Standard operational expense,4,1,Normal
3869,2021-12-08,6,Vendor_20,9601.98,Emergency Year-end Fund Utilization,12,1,Normal
3870,2018-09-27,4,Vendor_95,13585.81,Standard operational expense,9,1,Normal
3871,2020-06-02,7,Vendor_89,1309.7,Standard operational expense,6,1,Normal
3872,2019-10-11,4,Vendor_17,10114.06,Standard operational expense,10,1,Normal
3873,2018-04-27,7,Vendor_10,4010.66,Standard operational expense,4,1,Normal
3874,2023-12-04,3,Vendor_41,2400.78,Standard operational expense,12,1,Normal
3875,2020-04-26,4,Vendor_81,10574.19,Standard operational expense,4,1,Normal
3876,2022-05-26,4,Vendor_81,4785.7,Standard operational expense,5,1,Normal
3877,2020-02-22,4,Vendor_75,5897.93,Standard operational expense,2,1,Normal
3878,2023-10-05,7,Vendor_98,13348.87,Standard operational expense,10,1,Normal
3879,2018-11-04,3,Vendor_45,6073.45,Standard operational expense,11,1,Normal
3880,2020-03-07,2,Vendor_23,14110.71,Standard operational expense,3,1,Normal
3881,2022-09-17,2,Vendor_43,12003.21,Standard operational expense,9,1,Normal
3882,2021-03-07,1,Vendor_51,8250.72,Standard operational expense,3,1,Normal
3883,2018-06-10,2,Vendor_64,4133.93,Standard operational expense,6,1,Normal
3884,2022-04-06,1,Vendor_15,14963.47,Standard operational expense,4,1,Normal
3885,2018-10-30,6,Vendor_58,5393.48,Standard operational expense,10,1,Normal
3886,2022-05-09,1,Vendor_39,7377.77,Standard operational expense,5,1,Normal
3887,2024-05-15,3,Vendor_66,152.7,Standard operational expense,5,1,Normal
3888,2020-07-13,4,Vendor_67,2694.23,Standard operational expense,7,1,Normal
3889,2020-09-25,7,Vendor_37,2201.79,Standard operational expense,9,1,Normal
3890,2023-12-01,2,Vendor_45,10319.23,Standard operational expense,12,1,Normal
3891,2019-06-12,8,Vendor_50,12079.94,Standard operational expense,6,1,Normal
3892,2019-12-06,2,Vendor_43,11371.52,Standard operational expense,12,1,Normal
3893,2024-12-26,7,Vendor_81,14461.26,Standard operational expense,12,1,Normal
3894,2022-12-07,4,Vendor_45,1879.07,Standard operational expense,12,1,Normal
3895,2020-11-23,5,Vendor_4,5955.09,Standard operational expense,11,1,Normal
3896,2022-07-02,2,Vendor_24,8247.13,Standard operational expense,7,1,Normal
3897,2021-05-24,7,Vendor_36,12508.1,Standard operational expense,5,1,Normal
3898,2024-07-02,2,Vendor_12,1188.57,Standard operational expense,7,1,Normal
3899,2019-03-10,1,Vendor_83,7687.25,Standard operational expense,3,1,Normal
3900,2021-12-16,6,Vendor_55,77948.04000000001,Emergency Year-end Fund Utilization,12,-1,Anomaly
3901,2024-10-06,1,Vendor_14,12202.37,Standard operational expense,10,1,Normal
3902,2019-07-21,1,Vendor_50,8515.71,Standard operational expense,7,1,Normal
3903,2019-10-01,5,Vendor_96,7406.22,Standard operational expense,10,1,Normal
3904,2021-03-18,1,Vendor_93,5127.15,Standard operational expense,3,1,Normal
3905,2023-01-24,7,Vendor_4,6537.17,Standard operational expense,1,1,Normal
3906,2018-10-26,5,Vendor_1,5221.24,Standard operational expense,10,1,Normal
3907,2024-12-14,7,Vendor_85,1593.4,Standard operational expense,12,1,Normal
3908,2022-09-06,2,Vendor_81,7855.85,Standard operational expense,9,1,Normal
3909,2021-06-25,3,Vendor_3,4371.22,Standard operational expense,6,1,Normal
3910,2023-01-01,2,Vendor_50,9742.68,Standard operational expense,1,1,Normal
3911,2022-01-09,4,Vendor_35,4652.89,Standard operational expense,1,1,Normal
3912,2018-06-05,2,Vendor_7,3835.9,Standard operational expense,6,1,Normal
3913,2024-07-26,5,Vendor_52,9629.35,Standard operational expense,7,1,Normal
3914,2019-10-16,7,Vendor_91,12959.51,Standard operational expense,10,1,Normal
3915,2022-08-15,8,Vendor_22,7144.79,Standard operational expense,8,1,Normal
3916,2021-07-18,1,Vendor_64,12194.53,Standard operational expense,7,1,Normal
3917,2019-05-31,3,Vendor_30,7773.2,Standard operational expense,5,1,Normal
3918,2018-11-22,7,Vendor_73,13847.87,Standard operational expense,11,1,Normal
3919,2018-04-17,3,Vendor_13,12103.99,Standard operational expense,4,1,Normal
3920,2024-12-06,3,Vendor_86,9574.53,Standard operational expense,12,1,Normal
3921,2020-03-09,3,Vendor_99,1407.24,Standard operational expense,3,1,Normal
3922,2024-09-03,4,Vendor_62,3660.9,Standard operational expense,9,1,Normal
3923,2023-11-04,8,Vendor_30,13939.18,Standard operational expense,11,1,Normal
3924,2024-09-28,7,Vendor_63,8321.51,Standard operational expense,9,1,Normal
3925,2024-10-03,8,Vendor_39,843.85,Standard operational expense,10,1,Normal
3926,2022-05-01,5,Vendor_82,6929.82,Standard operational expense,5,1,Normal
3927,2018-10-15,1,Vendor_16,5209.09,Standard operational expense,10,1,Normal
3928,2020-11-07,8,Vendor_75,13670.2,Standard operational expense,11,1,Normal
3929,2020-10-21,6,Vendor_76,5778.53,Standard operational expense,10,1,Normal
3930,2022-12-08,6,Vendor_58,69266.94,Emergency Year-end Fund Utilization,12,1,Normal
3931,2020-04-28,1,Vendor_40,14794.09,Standard operational expense,4,1,Normal
3932,2018-07-10,3,Vendor_74,13310.14,Standard operational expense,7,1,Normal
3933,2019-09-15,7,Vendor_36,5351.22,Standard operational expense,9,1,Normal
3934,2019-04-18,4,Vendor_57,4364.18,Standard operational expense,4,1,Normal
3935,2024-07-05,3,Vendor_79,8748.23,Standard operational expense,7,1,Normal
3936,2019-04-09,2,Vendor_50,11455.42,Standard operational expense,4,1,Normal
3937,2018-10-12,7,Vendor_27,2610.96,Standard operational expense,10,1,Normal
3938,2024-08-17,1,Vendor_31,4552.17,Standard operational expense,8,1,Normal
3939,2020-04-07,3,Vendor_46,13715.56,Standard operational expense,4,1,Normal
3940,2024-08-24,2,Vendor_36,4650.62,Standard operational expense,8,1,Normal
3941,2023-10-01,1,Vendor_14,10352.9,Standard operational expense,10,1,Normal
3942,2023-05-23,5,Vendor_1,2252.69,Standard operational expense,5,1,Normal
3943,2018-07-04,1,Vendor_98,6012.21,Standard operational expense,7,1,Normal
3944,2018-09-03,7,Vendor_3,1826.12,Standard operational expense,9,1,Normal
3945,2020-05-15,8,Vendor_66,3352.22,Standard operational expense,5,1,Normal
3946,2021-12-12,2,Vendor_94,3055.51,Standard operational expense,12,1,Normal
3947,2023-11-02,5,Vendor_25,14219.28,Standard operational expense,11,1,Normal
3948,2018-12-24,2,Vendor_9,11365.47,Standard operational expense,12,1,Normal
3949,2021-10-01,6,Vendor_57,59021.94,Emergency Year-end Fund Utilization,10,1,Normal
3950,2020-02-23,5,Vendor_26,11605.07,Standard operational expense,2,1,Normal
3951,2020-09-09,7,Vendor_19,2604.55,Standard operational expense,9,1,Normal
3952,2021-03-17,7,Vendor_94,13530.66,Standard operational expense,3,1,Normal
3953,2023-02-20,4,Vendor_71,7074.87,Standard operational expense,2,1,Normal
3954,2022-08-13,2,Vendor_15,5249.16,Standard operational expense,8,1,Normal
3955,2020-05-11,2,Vendor_4,5793.51,Standard operational expense,5,1,Normal
3956,2019-04-11,8,Vendor_98,5691.09,Standard operational expense,4,1,Normal
3957,2018-10-17,4,Vendor_28,336.81,Standard operational expense,10,1,Normal
3958,2024-01-19,8,Vendor_77,5820.69,Standard operational expense,1,1,Normal
3959,2021-11-01,7,Vendor_93,2106.42,Standard operational expense,11,1,Normal
3960,2023-06-11,4,Vendor_61,1904.11,Standard operational expense,6,1,Normal
3961,2023-06-17,4,Vendor_63,8584.55,Standard operational expense,6,1,Normal
3962,2022-09-13,5,Vendor_91,12349.87,Standard operational expense,9,1,Normal
3963,2019-09-10,1,Vendor_34,1647.72,Standard operational expense,9,1,Normal
3964,2023-06-27,7,Vendor_85,4670.91,Standard operational expense,6,1,Normal
3965,2022-12-15,5,Vendor_77,12098.2,Standard operational expense,12,1,Normal
3966,2024-11-18,4,Vendor_56,9701.5,Standard operational expense,11,1,Normal
3967,2023-06-03,3,Vendor_38,8915.71,Standard operational expense,6,1,Normal
3968,2020-04-30,4,Vendor_81,12229.37,Standard operational expense,4,1,Normal
3969,2019-11-05,6,Vendor_48,80393.28,Emergency Year-end Fund Utilization,11,-1,Anomaly
3970,2019-02-20,1,Vendor_45,8046.74,Standard operational expense,2,1,Normal
3971,2024-09-01,5,Vendor_71,3312.58,Standard operational expense,9,1,Normal
3972,2019-12-14,1,Vendor_54,13027.9,Standard operational expense,12,1,Normal
3973,2018-11-05,6,Vendor_68,85016.58,Emergency Year-end Fund Utilization,11,-1,Anomaly
3974,2024-10-22,6,Vendor_43,73601.88,Emergency Year-end Fund Utilization,10,-1,Anomaly
3975,2020-12-10,8,Vendor_80,6532.58,Standard operational expense,12,1,Normal
3976,2021-03-14,2,Vendor_15,877.56,Standard operational expense,3,1,Normal
3977,2024-12-30,1,Vendor_80,7763.38,Standard operational expense,12,1,Normal
3978,2024-11-06,6,Vendor_83,14121.18,Emergency Year-end Fund Utilization,11,1,Normal
3979,2020-06-22,7,Vendor_5,4659.49,Standard operational expense,6,1,Normal
3980,2020-06-02,8,Vendor_86,2485.43,Standard operational expense,6,1,Normal
3981,2024-06-23,5,Vendor_20,8468.08,Standard operational expense,6,1,Normal
3982,2019-09-12,1,Vendor_33,1510.81,Standard operational expense,9,1,Normal
3983,2018-11-16,6,Vendor_17,9659.4,Standard operational expense,11,1,Normal
3984,2021-10-11,6,Vendor_59,11018.26,Standard operational expense,10,1,Normal
3985,2023-01-10,8,Vendor_2,3453.1,Standard operational expense,1,1,Normal
3986,2023-07-03,5,Vendor_81,5986.64,Standard operational expense,7,1,Normal
3987,2021-10-05,8,Vendor_88,5664.62,Standard operational expense,10,1,Normal
3988,2021-01-21,4,Vendor_29,8711.45,Standard operational expense,1,1,Normal
3989,2022-12-16,3,Vendor_35,871.01,Standard operational expense,12,1,Normal
3990,2024-11-12,6,Vendor_46,86914.44,Emergency Year-end Fund Utilization,11,-1,Anomaly
3991,2018-09-12,4,Vendor_8,2508.92,Standard operational expense,9,1,Normal
3992,2020-04-13,5,Vendor_85,8588.6,Standard operational expense,4,1,Normal
3993,2023-07-29,8,Vendor_52,4712.34,Standard operational expense,7,1,Normal
3994,2024-11-27,4,Vendor_55,13651.81,Standard operational expense,11,1,Normal
3995,2018-06-14,7,Vendor_71,5161.75,Standard operational expense,6,1,Normal
3996,2024-04-04,7,Vendor_87,13174.44,Standard operational expense,4,1,Normal
3997,2023-10-07,6,Vendor_18,12038.03,Standard operational expense,10,1,Normal
3998,2020-04-21,7,Vendor_71,11121.58,Standard operational expense,4,1,Normal
3999,2019-06-03,5,Vendor_18,11698.09,Standard operational expense,6,1,Normal
4000,2021-11-21,1,Vendor_74,1555.78,Standard operational expense,11,1,Normal
4001,2022-06-26,7,Vendor_48,10092.88,Standard operational expense,6,1,Normal
4002,2019-07-29,8,Vendor_15,9428.29,Standard operational expense,7,1,Normal
4003,2023-11-22,6,Vendor_63,28693.2,Emergency Year-end Fund Utilization,11,1,Normal
4004,2024-12-01,8,Vendor_32,13350.64,Standard operational expense,12,1,Normal
4005,2023-01-11,2,Vendor_82,13544.96,Standard operational expense,1,1,Normal
4006,2018-01-13,8,Vendor_92,8026.38,Standard operational expense,1,1,Normal
4007,2019-01-11,1,Vendor_89,13668.13,Standard operational expense,1,1,Normal
4008,2019-10-05,6,Vendor_33,43465.56,Emergency Year-end Fund Utilization,10,1,Normal
4009,2023-09-11,8,Vendor_4,2039.9,Standard operational expense,9,1,Normal
4010,2021-08-01,2,Vendor_90,10552.21,Standard operational expense,8,1,Normal
4011,2018-05-28,8,Vendor_58,6030.84,Standard operational expense,5,1,Normal
4012,2022-12-22,7,Vendor_1,14057.93,Standard operational expense,12,1,Normal
4013,2019-02-03,8,Vendor_81,9560.22,Standard operational expense,2,1,Normal
4014,2024-02-12,1,Vendor_77,3328.63,Standard operational expense,2,1,Normal
4015,2023-06-11,7,Vendor_9,1871.18,Standard operational expense,6,1,Normal
4016,2018-06-10,1,Vendor_65,14385.44,Standard operational expense,6,1,Normal
4017,2022-12-31,3,Vendor_79,10152.64,Standard operational expense,12,1,Normal
4018,2022-02-15,8,Vendor_9,1058.42,Standard operational expense,2,1,Normal
4019,2020-02-24,5,Vendor_3,4507.62,Standard operational expense,2,1,Normal
4020,2022-01-15,4,Vendor_7,8454.6,Standard operational expense,1,1,Normal
4021,2020-02-20,5,Vendor_39,6320.1,Standard operational expense,2,1,Normal
4022,2023-04-23,3,Vendor_52,14933.67,Standard operational expense,4,1,Normal
4023,2019-11-14,6,Vendor_93,37679.94,Emergency Year-end Fund Utilization,11,1,Normal
4024,2019-10-23,3,Vendor_48,3126.99,Standard operational expense,10,1,Normal
4025,2020-12-21,2,Vendor_59,2041.89,Standard operational expense,12,1,Normal
4026,2018-08-17,8,Vendor_87,8549.49,Standard operational expense,8,1,Normal
4027,2018-09-11,5,Vendor_53,10325.12,Standard operational expense,9,1,Normal
4028,2020-11-14,6,Vendor_94,14693.37,Standard operational expense,11,1,Normal
4029,2019-02-01,2,Vendor_78,6811.57,Standard operational expense,2,1,Normal
4030,2019-03-16,7,Vendor_88,7041.48,Standard operational expense,3,1,Normal
4031,2018-02-04,1,Vendor_24,8526.91,Standard operational expense,2,1,Normal
4032,2019-06-03,5,Vendor_69,5881.93,Standard operational expense,6,1,Normal
4033,2021-10-11,2,Vendor_31,6299.45,Standard operational expense,10,1,Normal
4034,2021-10-21,2,Vendor_32,1453.49,Standard operational expense,10,1,Normal
4035,2019-04-26,5,Vendor_52,12906.96,Standard operational expense,4,1,Normal
4036,2018-04-13,1,Vendor_77,5077.75,Standard operational expense,4,1,Normal
4037,2023-05-18,8,Vendor_82,10855.61,Standard operational expense,5,1,Normal
4038,2021-08-20,5,Vendor_35,394.01,Standard operational expense,8,1,Normal
4039,2022-05-08,2,Vendor_5,12689.22,Standard operational expense,5,1,Normal
4040,2022-08-01,4,Vendor_31,10604.06,Standard operational expense,8,1,Normal
4041,2020-12-25,4,Vendor_37,14520.4,Standard operational expense,12,1,Normal
4042,2019-10-29,7,Vendor_59,8877.83,Standard operational expense,10,1,Normal
4043,2024-02-18,5,Vendor_95,6849.92,Standard operational expense,2,1,Normal
4044,2024-03-13,1,Vendor_49,6712.81,Standard operational expense,3,1,Normal
4045,2019-09-18,2,Vendor_25,13111.33,Standard operational expense,9,1,Normal
4046,2018-06-28,3,Vendor_66,6523.12,Standard operational expense,6,1,Normal
4047,2018-07-17,1,Vendor_29,13763.62,Standard operational expense,7,1,Normal
4048,2024-11-09,4,Vendor_72,2213.25,Standard operational expense,11,1,Normal
4049,2018-08-11,4,Vendor_85,8635.6,Standard operational expense,8,1,Normal
4050,2020-07-12,7,Vendor_69,4207.72,Standard operational expense,7,1,Normal
4051,2023-08-17,4,Vendor_5,14207.19,Standard operational expense,8,1,Normal
4052,2021-02-22,7,Vendor_13,14404.19,Standard operational expense,2,1,Normal
4053,2019-09-22,8,Vendor_6,563.92,Standard operational expense,9,1,Normal
4054,2021-09-05,7,Vendor_22,8285.53,Standard operational expense,9,1,Normal
4055,2020-07-09,4,Vendor_39,9849.16,Standard operational expense,7,1,Normal
4056,2023-06-10,5,Vendor_90,10827.84,Standard operational expense,6,1,Normal
4057,2021-05-03,8,Vendor_98,13926.74,Standard operational expense,5,1,Normal
4058,2021-06-21,5,Vendor_77,11894.47,Standard operational expense,6,1,Normal
4059,2021-04-09,1,Vendor_79,5004.14,Standard operational expense,4,1,Normal
4060,2021-03-23,2,Vendor_1,13125.32,Standard operational expense,3,1,Normal
4061,2023-04-13,8,Vendor_45,4037.23,Standard operational expense,4,1,Normal
4062,2024-12-28,2,Vendor_40,1155.14,Standard operational expense,12,1,Normal
4063,2022-01-10,2,Vendor_93,10168.6,Standard operational expense,1,1,Normal
4064,2021-12-25,6,Vendor_66,6003.96,Emergency Year-end Fund Utilization,12,1,Normal
4065,2019-04-25,7,Vendor_67,6773.58,Standard operational expense,4,1,Normal
4066,2019-09-18,7,Vendor_88,14369.79,Standard operational expense,9,1,Normal
4067,2023-04-05,4,Vendor_27,8204.02,Standard operational expense,4,1,Normal
4068,2024-12-08,8,Vendor_12,4457.86,Standard operational expense,12,1,Normal
4069,2023-10-16,6,Vendor_66,8402.56,Standard operational expense,10,1,Normal
4070,2022-07-29,2,Vendor_39,9674.44,Standard operational expense,7,1,Normal
4071,2023-03-03,3,Vendor_3,6854.17,Standard operational expense,3,1,Normal
4072,2020-07-30,8,Vendor_81,10987.01,Standard operational expense,7,1,Normal
4073,2022-02-28,3,Vendor_63,12146.06,Standard operational expense,2,1,Normal
4074,2020-04-14,7,Vendor_52,13497.26,Standard operational expense,4,1,Normal
4075,2024-11-09,6,Vendor_75,7697.12,Standard operational expense,11,1,Normal
4076,2024-10-27,1,Vendor_27,3471.93,Standard operational expense,10,1,Normal
4077,2019-11-09,6,Vendor_69,14289.29,Standard operational expense,11,1,Normal
4078,2024-10-02,2,Vendor_51,1968.18,Standard operational expense,10,1,Normal
4079,2021-10-24,2,Vendor_3,10146.05,Standard operational expense,10,1,Normal
4080,2018-07-29,8,Vendor_97,12965.3,Standard operational expense,7,1,Normal
4081,2020-04-29,5,Vendor_39,6284.66,Standard operational expense,4,1,Normal
4082,2021-12-29,1,Vendor_12,6124.26,Standard operational expense,12,1,Normal
4083,2023-12-04,8,Vendor_73,9963.05,Standard operational expense,12,1,Normal
4084,2023-02-12,8,Vendor_81,582.39,Standard operational expense,2,1,Normal
4085,2020-06-21,1,Vendor_50,870.64,Standard operational expense,6,1,Normal
4086,2024-04-24,3,Vendor_83,4404.82,Standard operational expense,4,1,Normal
4087,2021-03-30,5,Vendor_53,6663.77,Standard operational expense,3,1,Normal
4088,2023-09-24,1,Vendor_51,9549.43,Standard operational expense,9,1,Normal
4089,2023-07-30,2,Vendor_82,12751.16,Standard operational expense,7,1,Normal
4090,2023-05-27,3,Vendor_11,5244.59,Standard operational expense,5,1,Normal
4091,2019-12-15,1,Vendor_95,11166.69,Standard operational expense,12,1,Normal
4092,2020-05-13,5,Vendor_18,1868.22,Standard operational expense,5,1,Normal
4093,2024-12-09,6,Vendor_51,71873.22,Emergency Year-end Fund Utilization,12,-1,Anomaly
4094,2019-03-20,2,Vendor_1,11408.09,Standard operational expense,3,1,Normal
4095,2020-10-07,5,Vendor_96,14526.6,Standard operational expense,10,1,Normal
4096,2018-04-10,7,Vendor_22,10635.73,Standard operational expense,4,1,Normal
4097,2022-07-15,2,Vendor_72,1241.64,Standard operational expense,7,1,Normal
4098,2024-03-16,2,Vendor_75,11855.37,Standard operational expense,3,1,Normal
4099,2024-02-16,1,Vendor_88,14611.71,Standard operational expense,2,1,Normal
4100,2024-11-18,3,Vendor_83,3474.01,Standard operational expense,11,1,Normal
4101,2022-09-13,8,Vendor_34,7006.32,Standard operational expense,9,1,Normal
4102,2020-11-11,4,Vendor_66,4834.63,Standard operational expense,11,1,Normal
4103,2024-04-30,1,Vendor_62,1799.35,Standard operational expense,4,1,Normal
4104,2024-06-06,1,Vendor_9,9271.08,Standard operational expense,6,1,Normal
4105,2019-01-29,4,Vendor_21,10085.76,Standard operational expense,1,1,Normal
4106,2021-11-29,1,Vendor_89,6852.04,Standard operational expense,11,1,Normal
4107,2018-11-16,1,Vendor_73,11703.2,Standard operational expense,11,1,Normal
4108,2021-11-15,6,Vendor_21,39001.68,Emergency Year-end Fund Utilization,11,1,Normal
4109,2022-12-04,7,Vendor_27,10133.53,Standard operational expense,12,1,Normal
4110,2022-10-09,2,Vendor_82,1256.95,Standard operational expense,10,1,Normal
4111,2024-07-17,2,Vendor_33,8797.61,Standard operational expense,7,1,Normal
4112,2018-12-16,6,Vendor_61,21267.12,Emergency Year-end Fund Utilization,12,1,Normal
4113,2024-01-21,5,Vendor_5,5715.74,Standard operational expense,1,1,Normal
4114,2021-06-21,1,Vendor_50,4223.13,Standard operational expense,6,1,Normal
4115,2018-02-07,7,Vendor_48,13203.32,Standard operational expense,2,1,Normal
4116,2019-04-19,3,Vendor_90,10248.95,Standard operational expense,4,1,Normal
4117,2023-04-03,7,Vendor_8,7323.19,Standard operational expense,4,1,Normal
4118,2019-01-18,4,Vendor_86,12715.16,Standard operational expense,1,1,Normal
4119,2024-05-29,1,Vendor_1,12364.12,Standard operational expense,5,1,Normal
4120,2023-09-08,7,Vendor_52,9249.25,Standard operational expense,9,1,Normal
4121,2023-05-15,7,Vendor_57,13601.07,Standard operational expense,5,1,Normal
4122,2019-10-08,1,Vendor_77,894.62,Standard operational expense,10,1,Normal
4123,2019-10-27,6,Vendor_37,82238.70000000001,Emergency Year-end Fund Utilization,10,-1,Anomaly
4124,2020-07-21,8,Vendor_8,13868.82,Standard operational expense,7,1,Normal
4125,2020-09-19,5,Vendor_28,2043.76,Standard operational expense,9,1,Normal
4126,2020-01-27,8,Vendor_87,13094.99,Standard operational expense,1,1,Normal
4127,2024-12-15,1,Vendor_96,8761.95,Standard operational expense,12,1,Normal
4128,2021-08-23,4,Vendor_7,10802.27,Standard operational expense,8,1,Normal
4129,2023-05-04,2,Vendor_56,14874.81,Standard operational expense,5,1,Normal
4130,2023-10-22,2,Vendor_50,6698.77,Standard operational expense,10,1,Normal
4131,2018-05-02,7,Vendor_94,10200.31,Standard operational expense,5,1,Normal
4132,2019-12-07,6,Vendor_89,7329.36,Emergency Year-end Fund Utilization,12,1,Normal
4133,2023-06-13,2,Vendor_56,1594.27,Standard operational expense,6,1,Normal
4134,2023-10-16,1,Vendor_8,7333.89,Standard operational expense,10,1,Normal
4135,2021-09-01,1,Vendor_89,3929.38,Standard operational expense,9,1,Normal
4136,2022-04-26,4,Vendor_54,3520.85,Standard operational expense,4,1,Normal
4137,2021-09-30,5,Vendor_68,590.32,Standard operational expense,9,1,Normal
4138,2020-10-11,6,Vendor_17,80901.66,Emergency Year-end Fund Utilization,10,-1,Anomaly
4139,2021-08-08,2,Vendor_16,14046.0,Standard operational expense,8,1,Normal
4140,2022-03-30,8,Vendor_4,13916.25,Standard operational expense,3,1,Normal
4141,2021-02-24,8,Vendor_39,594.29,Standard operational expense,2,1,Normal
4142,2024-08-29,3,Vendor_57,14554.14,Standard operational expense,8,1,Normal
4143,2018-03-06,1,Vendor_30,11664.48,Standard operational expense,3,1,Normal
4144,2020-03-11,8,Vendor_54,4907.76,Standard operational expense,3,1,Normal
4145,2024-08-10,4,Vendor_44,8049.28,Standard operational expense,8,1,Normal
4146,2024-09-09,1,Vendor_74,6224.53,Standard operational expense,9,1,Normal
4147,2019-01-10,4,Vendor_76,11674.79,Standard operational expense,1,1,Normal
4148,2022-05-20,1,Vendor_47,2612.19,Standard operational expense,5,1,Normal
4149,2021-09-07,1,Vendor_86,1876.83,Standard operational expense,9,1,Normal
4150,2022-04-11,2,Vendor_95,12582.59,Standard operational expense,4,1,Normal
4151,2022-11-15,7,Vendor_14,5012.71,Standard operational expense,11,1,Normal
4152,2023-10-20,8,Vendor_87,9307.22,Standard operational expense,10,1,Normal
4153,2024-08-12,3,Vendor_35,3318.18,Standard operational expense,8,1,Normal
4154,2022-04-21,4,Vendor_39,6326.06,Standard operational expense,4,1,Normal
4155,2024-04-26,8,Vendor_57,11483.79,Standard operational expense,4,1,Normal
4156,2024-12-06,6,Vendor_74,34543.38,Emergency Year-end Fund Utilization,12,1,Normal
4157,2019-09-26,5,Vendor_67,14827.01,Standard operational expense,9,1,Normal
4158,2018-09-30,3,Vendor_19,9027.72,Standard operational expense,9,1,Normal
4159,2019-03-29,8,Vendor_30,4744.08,Standard operational expense,3,1,Normal
4160,2022-03-31,7,Vendor_44,9422.44,Standard operational expense,3,1,Normal
4161,2023-05-01,4,Vendor_96,4986.45,Standard operational expense,5,1,Normal
4162,2023-02-03,5,Vendor_8,10822.99,Standard operational expense,2,1,Normal
4163,2022-12-19,2,Vendor_46,13208.99,Standard operational expense,12,1,Normal
4164,2022-11-15,6,Vendor_79,61768.31999999999,Emergency Year-end Fund Utilization,11,1,Normal
4165,2019-01-24,3,Vendor_74,6050.99,Standard operational expense,1,1,Normal
4166,2020-10-25,7,Vendor_25,14553.85,Standard operational expense,10,1,Normal
4167,2020-02-15,7,Vendor_22,13288.06,Standard operational expense,2,1,Normal
4168,2023-02-22,8,Vendor_64,1116.74,Standard operational expense,2,1,Normal
4169,2019-08-29,3,Vendor_82,1777.85,Standard operational expense,8,1,Normal
4170,2022-11-25,5,Vendor_97,830.97,Standard operational expense,11,1,Normal
4171,2018-06-24,2,Vendor_97,1462.07,Standard operational expense,6,1,Normal
4172,2018-12-14,1,Vendor_98,2906.37,Standard operational expense,12,1,Normal
4173,2024-10-06,3,Vendor_24,2337.29,Standard operational expense,10,1,Normal
4174,2021-05-19,1,Vendor_59,9962.57,Standard operational expense,5,1,Normal
4175,2023-12-02,8,Vendor_59,9789.58,Standard operational expense,12,1,Normal
4176,2018-12-23,1,Vendor_11,871.57,Standard operational expense,12,1,Normal
4177,2023-11-15,3,Vendor_42,3864.93,Standard operational expense,11,1,Normal
4178,2019-06-27,4,Vendor_38,5964.31,Standard operational expense,6,1,Normal
4179,2021-03-07,1,Vendor_90,7211.44,Standard operational expense,3,1,Normal
4180,2024-07-06,1,Vendor_20,3854.88,Standard operational expense,7,1,Normal
4181,2021-02-24,1,Vendor_15,9169.46,Standard operational expense,2,1,Normal
4182,2024-03-23,8,Vendor_63,12192.05,Standard operational expense,3,1,Normal
4183,2021-05-27,5,Vendor_35,12757.22,Standard operational expense,5,1,Normal
4184,2024-11-04,1,Vendor_95,2563.33,Standard operational expense,11,1,Normal
4185,2021-04-28,4,Vendor_97,10748.84,Standard operational expense,4,1,Normal
4186,2020-02-28,8,Vendor_34,319.39,Standard operational expense,2,1,Normal
4187,2023-07-19,1,Vendor_6,7561.25,Standard operational expense,7,1,Normal
4188,2023-06-09,8,Vendor_92,6830.82,Standard operational expense,6,1,Normal
4189,2021-02-26,1,Vendor_20,6824.91,Standard operational expense,2,1,Normal
4190,2024-10-15,8,Vendor_51,8161.91,Standard operational expense,10,1,Normal
4191,2021-12-21,1,Vendor_76,9985.53,Standard operational expense,12,1,Normal
4192,2021-04-30,5,Vendor_81,8823.72,Standard operational expense,4,1,Normal
4193,2024-11-05,7,Vendor_48,3982.91,Standard operational expense,11,1,Normal
4194,2024-06-22,1,Vendor_65,7968.07,Standard operational expense,6,1,Normal
4195,2024-06-20,2,Vendor_79,8153.89,Standard operational expense,6,1,Normal
4196,2019-07-08,5,Vendor_39,10313.54,Standard operational expense,7,1,Normal
4197,2024-02-06,4,Vendor_76,8523.01,Standard operational expense,2,1,Normal
4198,2019-10-08,6,Vendor_82,87500.58,Emergency Year-end Fund Utilization,10,-1,Anomaly
4199,2020-10-05,3,Vendor_34,119.59,Standard operational expense,10,1,Normal
4200,2020-01-22,1,Vendor_61,11736.52,Standard operational expense,1,1,Normal
4201,2020-12-16,5,Vendor_89,6572.86,Standard operational expense,12,1,Normal
4202,2023-09-03,5,Vendor_38,4049.86,Standard operational expense,9,1,Normal
4203,2022-08-28,4,Vendor_11,8944.74,Standard operational expense,8,1,Normal
4204,2023-11-06,7,Vendor_20,830.9,Standard operational expense,11,1,Normal
4205,2024-10-14,4,Vendor_15,14327.86,Standard operational expense,10,1,Normal
4206,2023-05-18,8,Vendor_62,14692.32,Standard operational expense,5,1,Normal
4207,2020-01-11,2,Vendor_4,2027.78,Standard operational expense,1,1,Normal
4208,2022-12-20,5,Vendor_16,3556.33,Standard operational expense,12,1,Normal
4209,2020-09-12,4,Vendor_12,7667.14,Standard operational expense,9,1,Normal
4210,2021-06-06,7,Vendor_20,6354.23,Standard operational expense,6,1,Normal
4211,2020-11-25,7,Vendor_61,7071.94,Standard operational expense,11,1,Normal
4212,2019-08-31,3,Vendor_97,2330.13,Standard operational expense,8,1,Normal
4213,2023-12-31,6,Vendor_3,6430.53,Standard operational expense,12,1,Normal
4214,2022-06-17,7,Vendor_56,13906.34,Standard operational expense,6,1,Normal
4215,2020-12-04,6,Vendor_71,70462.56,Emergency Year-end Fund Utilization,12,1,Normal
4216,2018-10-09,6,Vendor_7,5295.63,Standard operational expense,10,1,Normal
4217,2021-05-20,7,Vendor_59,10611.99,Standard operational expense,5,1,Normal
4218,2023-10-10,5,Vendor_41,12901.67,Standard operational expense,10,1,Normal
4219,2022-07-26,1,Vendor_15,3268.09,Standard operational expense,7,1,Normal
4220,2019-11-25,8,Vendor_79,6878.16,Standard operational expense,11,1,Normal
4221,2021-10-06,6,Vendor_2,34892.16,Emergency Year-end Fund Utilization,10,1,Normal
4222,2024-05-28,4,Vendor_30,11108.53,Standard operational expense,5,1,Normal
4223,2018-02-24,2,Vendor_57,1055.62,Standard operational expense,2,1,Normal
4224,2020-02-04,5,Vendor_56,4919.07,Standard operational expense,2,1,Normal
4225,2019-12-25,6,Vendor_56,5105.12,Standard operational expense,12,1,Normal
4226,2021-07-23,2,Vendor_25,4557.04,Standard operational expense,7,1,Normal
4227,2022-11-01,6,Vendor_43,69035.58,Emergency Year-end Fund Utilization,11,1,Normal
4228,2024-03-01,8,Vendor_2,10047.0,Standard operational expense,3,1,Normal
4229,2020-08-07,8,Vendor_43,14738.99,Standard operational expense,8,1,Normal
4230,2020-10-05,6,Vendor_51,18609.300000000003,Emergency Year-end Fund Utilization,10,1,Normal
4231,2021-07-27,3,Vendor_53,14844.52,Standard operational expense,7,1,Normal
4232,2019-12-04,7,Vendor_23,14833.68,Standard operational expense,12,1,Normal
4233,2024-07-11,2,Vendor_55,13098.96,Standard operational expense,7,1,Normal
4234,2023-08-14,1,Vendor_78,912.64,Standard operational expense,8,1,Normal
4235,2023-02-18,3,Vendor_95,6119.9,Standard operational expense,2,1,Normal
4236,2020-10-01,2,Vendor_94,12444.65,Standard operational expense,10,1,Normal
4237,2019-11-18,6,Vendor_68,2916.35,Standard operational expense,11,1,Normal
4238,2024-07-05,3,Vendor_77,4769.74,Standard operational expense,7,1,Normal
4239,2018-03-26,5,Vendor_45,9960.3,Standard operational expense,3,1,Normal
4240,2021-09-20,4,Vendor_55,1429.82,Standard operational expense,9,1,Normal
4241,2021-12-05,6,Vendor_32,85158.48,Emergency Year-end Fund Utilization,12,-1,Anomaly
4242,2022-12-03,6,Vendor_13,6285.65,Standard operational expense,12,1,Normal
4243,2023-02-28,5,Vendor_88,10230.11,Standard operational expense,2,1,Normal
4244,2023-08-30,7,Vendor_73,7347.74,Standard operational expense,8,1,Normal
4245,2024-09-18,3,Vendor_84,1808.87,Standard operational expense,9,1,Normal
4246,2023-11-05,6,Vendor_37,57368.100000000006,Emergency Year-end Fund Utilization,11,1,Normal
4247,2019-06-07,3,Vendor_34,8831.64,Standard operational expense,6,1,Normal
4248,2019-07-04,5,Vendor_65,6226.3,Standard operational expense,7,1,Normal
4249,2019-01-22,3,Vendor_52,5847.41,Standard operational expense,1,1,Normal
4250,2018-10-13,2,Vendor_15,4348.87,Standard operational expense,10,1,Normal
4251,2021-12-16,6,Vendor_59,9927.0,Standard operational expense,12,1,Normal
4252,2022-11-12,8,Vendor_19,1734.88,Standard operational expense,11,1,Normal
4253,2018-10-15,7,Vendor_75,2510.42,Standard operational expense,10,1,Normal
4254,2023-01-11,5,Vendor_19,8170.46,Standard operational expense,1,1,Normal
4255,2022-05-08,3,Vendor_9,12048.61,Standard operational expense,5,1,Normal
4256,2020-02-06,4,Vendor_54,12645.18,Standard operational expense,2,1,Normal
4257,2024-04-09,8,Vendor_14,9554.8,Standard operational expense,4,1,Normal
4258,2019-09-24,3,Vendor_43,14223.96,Standard operational expense,9,1,Normal
4259,2023-05-03,8,Vendor_31,7395.7,Standard operational expense,5,1,Normal
4260,2024-10-30,2,Vendor_82,9420.79,Standard operational expense,10,1,Normal
4261,2020-12-16,7,Vendor_48,10462.59,Standard operational expense,12,1,Normal
4262,2023-03-26,8,Vendor_3,8409.15,Standard operational expense,3,1,Normal
4263,2023-03-07,4,Vendor_51,12328.06,Standard operational expense,3,1,Normal
4264,2019-10-19,1,Vendor_14,13443.25,Standard operational expense,10,1,Normal
4265,2020-02-29,4,Vendor_3,2364.69,Standard operational expense,2,1,Normal
4266,2022-06-18,8,Vendor_10,11098.91,Standard operational expense,6,1,Normal
4267,2023-03-20,5,Vendor_65,7878.15,Standard operational expense,3,1,Normal
4268,2018-01-21,7,Vendor_60,13123.89,Standard operational expense,1,1,Normal
4269,2023-10-12,6,Vendor_20,77452.14,Emergency Year-end Fund Utilization,10,-1,Anomaly
4270,2024-02-10,3,Vendor_36,6352.84,Standard operational expense,2,1,Normal
4271,2023-08-09,1,Vendor_69,7237.45,Standard operational expense,8,1,Normal
4272,2020-08-26,5,Vendor_72,11099.06,Standard operational expense,8,1,Normal
4273,2020-09-28,3,Vendor_84,8485.65,Standard operational expense,9,1,Normal
4274,2020-01-10,3,Vendor_94,10809.96,Standard operational expense,1,1,Normal
4275,2023-06-17,7,Vendor_88,12656.15,Standard operational expense,6,1,Normal
4276,2024-09-18,1,Vendor_42,8560.8,Standard operational expense,9,1,Normal
4277,2020-02-09,4,Vendor_61,11483.56,Standard operational expense,2,1,Normal
4278,2023-10-26,7,Vendor_50,10292.66,Standard operational expense,10,1,Normal
4279,2019-04-11,5,Vendor_26,10431.59,Standard operational expense,4,1,Normal
4280,2021-03-29,4,Vendor_53,2779.68,Standard operational expense,3,1,Normal
4281,2021-03-30,4,Vendor_35,4430.69,Standard operational expense,3,1,Normal
4282,2023-11-07,5,Vendor_52,7628.31,Standard operational expense,11,1,Normal
4283,2024-08-15,3,Vendor_8,9089.04,Standard operational expense,8,1,Normal
4284,2020-01-06,3,Vendor_84,6743.16,Standard operational expense,1,1,Normal
4285,2023-06-13,5,Vendor_29,12948.26,Standard operational expense,6,1,Normal
4286,2023-03-13,8,Vendor_53,1634.99,Standard operational expense,3,1,Normal
4287,2022-08-25,8,Vendor_57,8422.74,Standard operational expense,8,1,Normal
4288,2021-11-12,6,Vendor_35,9931.22,Standard operational expense,11,1,Normal
4289,2022-09-30,8,Vendor_21,11473.29,Standard operational expense,9,1,Normal
4290,2021-06-22,2,Vendor_35,3419.5,Standard operational expense,6,1,Normal
4291,2019-02-03,7,Vendor_6,13326.87,Standard operational expense,2,1,Normal
4292,2018-08-27,1,Vendor_32,13828.82,Standard operational expense,8,1,Normal
4293,2021-12-15,6,Vendor_15,67794.48,Emergency Year-end Fund Utilization,12,1,Normal
4294,2018-10-27,3,Vendor_9,3491.4,Standard operational expense,10,1,Normal
4295,2018-02-03,4,Vendor_62,9264.59,Standard operational expense,2,1,Normal
4296,2019-12-25,8,Vendor_19,14044.99,Standard operational expense,12,1,Normal
4297,2023-10-24,2,Vendor_74,11342.4,Standard operational expense,10,1,Normal
4298,2018-09-11,2,Vendor_43,11900.28,Standard operational expense,9,1,Normal
4299,2018-02-19,3,Vendor_59,11979.16,Standard operational expense,2,1,Normal
4300,2023-01-12,8,Vendor_14,2457.77,Standard operational expense,1,1,Normal
4301,2020-06-21,2,Vendor_93,6605.56,Standard operational expense,6,1,Normal
4302,2021-01-09,3,Vendor_15,1177.43,Standard operational expense,1,1,Normal
4303,2021-10-01,4,Vendor_41,8448.02,Standard operational expense,10,1,Normal
4304,2018-03-10,4,Vendor_57,409.05,Standard operational expense,3,1,Normal
4305,2020-11-20,3,Vendor_90,11042.16,Standard operational expense,11,1,Normal
4306,2019-10-19,4,Vendor_88,4976.17,Standard operational expense,10,1,Normal
4307,2019-06-20,3,Vendor_87,8438.26,Standard operational expense,6,1,Normal
4308,2023-07-11,1,Vendor_60,3953.74,Standard operational expense,7,1,Normal
4309,2023-03-22,2,Vendor_85,11038.84,Standard operational expense,3,1,Normal
4310,2020-07-19,5,Vendor_88,11246.53,Standard operational expense,7,1,Normal
4311,2021-12-23,6,Vendor_33,50963.46,Emergency Year-end Fund Utilization,12,1,Normal
4312,2022-05-13,1,Vendor_42,13431.19,Standard operational expense,5,1,Normal
4313,2021-10-05,8,Vendor_71,1512.09,Standard operational expense,10,1,Normal
4314,2020-08-23,4,Vendor_95,5641.25,Standard operational expense,8,1,Normal
4315,2018-08-05,7,Vendor_35,12458.26,Standard operational expense,8,1,Normal
4316,2019-09-23,5,Vendor_17,9884.19,Standard operational expense,9,1,Normal
4317,2024-10-13,6,Vendor_8,78787.14,Emergency Year-end Fund Utilization,10,-1,Anomaly
4318,2024-08-04,1,Vendor_51,2345.98,Standard operational expense,8,1,Normal
4319,2018-06-14,5,Vendor_96,8189.24,Standard operational expense,6,1,Normal
4320,2018-05-04,4,Vendor_12,8230.97,Standard operational expense,5,1,Normal
4321,2018-05-09,7,Vendor_98,4556.06,Standard operational expense,5,1,Normal
4322,2023-10-20,1,Vendor_29,9208.45,Standard operational expense,10,1,Normal
4323,2018-12-19,6,Vendor_93,31257.0,Emergency Year-end Fund Utilization,12,1,Normal
4324,2019-05-13,2,Vendor_69,2756.29,Standard operational expense,5,1,Normal
4325,2022-08-21,7,Vendor_90,3174.45,Standard operational expense,8,1,Normal
4326,2018-10-30,5,Vendor_68,2128.99,Standard operational expense,10,1,Normal
4327,2020-07-05,5,Vendor_17,5904.34,Standard operational expense,7,1,Normal
4328,2018-02-20,7,Vendor_83,14761.87,Standard operational expense,2,1,Normal
4329,2020-03-28,4,Vendor_49,7864.33,Standard operational expense,3,1,Normal
4330,2022-10-27,6,Vendor_97,86014.02,Emergency Year-end Fund Utilization,10,-1,Anomaly
4331,2023-11-01,6,Vendor_43,74247.48,Emergency Year-end Fund Utilization,11,1,Normal
4332,2021-10-27,3,Vendor_97,3738.65,Standard operational expense,10,1,Normal
4333,2019-06-13,5,Vendor_58,11188.9,Standard operational expense,6,1,Normal
4334,2024-03-12,3,Vendor_54,3632.45,Standard operational expense,3,1,Normal
4335,2021-11-13,6,Vendor_45,67681.56,Emergency Year-end Fund Utilization,11,1,Normal
4336,2018-04-24,7,Vendor_81,4537.03,Standard operational expense,4,1,Normal
4337,2019-12-02,5,Vendor_5,14938.1,Standard operational expense,12,1,Normal
4338,2023-10-13,6,Vendor_96,46433.94,Emergency Year-end Fund Utilization,10,1,Normal
4339,2020-11-12,8,Vendor_84,2255.36,Standard operational expense,11,1,Normal
4340,2021-11-23,4,Vendor_86,4840.77,Standard operational expense,11,1,Normal
4341,2018-11-02,4,Vendor_63,5694.91,Standard operational expense,11,1,Normal
4342,2020-08-11,7,Vendor_83,14206.9,Standard operational expense,8,1,Normal
4343,2022-06-19,8,Vendor_67,4578.81,Standard operational expense,6,1,Normal
4344,2021-03-25,3,Vendor_27,10352.84,Standard operational expense,3,1,Normal
4345,2022-09-11,5,Vendor_74,4133.77,Standard operational expense,9,1,Normal
4346,2022-01-30,1,Vendor_51,14570.5,Standard operational expense,1,1,Normal
4347,2020-12-07,8,Vendor_1,4249.53,Standard operational expense,12,1,Normal
4348,2023-04-11,5,Vendor_12,7229.51,Standard operational expense,4,1,Normal
4349,2023-10-13,6,Vendor_7,20720.22,Emergency Year-end Fund Utilization,10,1,Normal
4350,2018-04-23,3,Vendor_6,5262.12,Standard operational expense,4,1,Normal
4351,2021-10-13,7,Vendor_94,4442.73,Standard operational expense,10,1,Normal
4352,2020-05-08,1,Vendor_22,3340.52,Standard operational expense,5,1,Normal
4353,2022-05-16,5,Vendor_91,11738.64,Standard operational expense,5,1,Normal
4354,2024-07-19,4,Vendor_93,6059.41,Standard operational expense,7,1,Normal
4355,2023-09-10,7,Vendor_27,6440.04,Standard operational expense,9,1,Normal
4356,2018-03-14,1,Vendor_90,5630.49,Standard operational expense,3,1,Normal
4357,2024-11-28,4,Vendor_65,7951.75,Standard operational expense,11,1,Normal
4358,2018-07-31,4,Vendor_34,9406.32,Standard operational expense,7,1,Normal
4359,2019-05-13,8,Vendor_98,11351.63,Standard operational expense,5,1,Normal
4360,2024-08-10,1,Vendor_73,11941.47,Standard operational expense,8,1,Normal
4361,2018-09-30,2,Vendor_9,4098.06,Standard operational expense,9,1,Normal
4362,2024-11-02,8,Vendor_81,2198.42,Standard operational expense,11,1,Normal
4363,2022-01-21,2,Vendor_92,2593.78,Standard operational expense,1,1,Normal
4364,2024-12-20,4,Vendor_3,7457.6,Standard operational expense,12,1,Normal
4365,2018-07-26,4,Vendor_37,263.39,Standard operational expense,7,1,Normal
4366,2023-06-22,2,Vendor_44,12732.08,Standard operational expense,6,1,Normal
4367,2023-01-05,5,Vendor_90,13501.46,Standard operational expense,1,1,Normal
4368,2021-09-05,8,Vendor_89,13362.57,Standard operational expense,9,1,Normal
4369,2021-10-23,4,Vendor_10,4456.8,Standard operational expense,10,1,Normal
4370,2020-04-09,2,Vendor_60,7547.35,Standard operational expense,4,1,Normal
4371,2019-10-17,6,Vendor_47,45877.62,Emergency Year-end Fund Utilization,10,1,Normal
4372,2024-12-24,5,Vendor_66,6453.21,Standard operational expense,12,1,Normal
4373,2023-10-11,7,Vendor_46,9237.29,Standard operational expense,10,1,Normal
4374,2019-10-21,8,Vendor_91,7839.85,Standard operational expense,10,1,Normal
4375,2020-11-13,1,Vendor_64,6836.32,Standard operational expense,11,1,Normal
4376,2021-02-16,7,Vendor_64,8344.67,Standard operational expense,2,1,Normal
4377,2023-12-27,6,Vendor_5,33383.76,Emergency Year-end Fund Utilization,12,1,Normal
4378,2019-03-14,4,Vendor_92,2631.25,Standard operational expense,3,1,Normal
4379,2024-11-12,1,Vendor_44,10256.97,Standard operational expense,11,1,Normal
4380,2023-03-12,3,Vendor_77,7965.86,Standard operational expense,3,1,Normal
4381,2023-04-12,3,Vendor_70,9089.84,Standard operational expense,4,1,Normal
4382,2019-06-17,4,Vendor_7,4455.71,Standard operational expense,6,1,Normal
4383,2022-06-03,8,Vendor_23,10915.82,Standard operational expense,6,1,Normal
4384,2018-04-12,1,Vendor_53,6841.27,Standard operational expense,4,1,Normal
4385,2022-04-01,8,Vendor_20,2791.34,Standard operational expense,4,1,Normal
4386,2020-03-24,2,Vendor_94,3633.51,Standard operational expense,3,1,Normal
4387,2020-10-23,6,Vendor_49,9402.6,Standard operational expense,10,1,Normal
4388,2021-07-04,1,Vendor_14,13900.59,Standard operational expense,7,1,Normal
4389,2022-02-28,4,Vendor_96,9530.69,Standard operational expense,2,1,Normal
4390,2021-11-14,6,Vendor_4,1030.5,Standard operational expense,11,1,Normal
4391,2023-12-19,1,Vendor_34,10945.05,Standard operational expense,12,1,Normal
4392,2019-12-24,4,Vendor_25,1072.52,Standard operational expense,12,1,Normal
4393,2023-05-12,7,Vendor_57,14178.65,Standard operational expense,5,1,Normal
4394,2018-11-09,7,Vendor_35,4728.96,Standard operational expense,11,1,Normal
4395,2022-10-04,6,Vendor_14,7824.27,Standard operational expense,10,1,Normal
4396,2023-11-17,1,Vendor_34,5814.28,Standard operational expense,11,1,Normal
4397,2023-08-29,8,Vendor_36,604.74,Standard operational expense,8,1,Normal
4398,2023-01-24,8,Vendor_80,8623.92,Standard operational expense,1,1,Normal
4399,2020-01-24,3,Vendor_74,14220.01,Standard operational expense,1,1,Normal
4400,2021-10-31,2,Vendor_22,3625.89,Standard operational expense,10,1,Normal
4401,2018-04-22,3,Vendor_48,14487.82,Standard operational expense,4,1,Normal
4402,2019-01-27,1,Vendor_53,8526.53,Standard operational expense,1,1,Normal
4403,2018-09-26,4,Vendor_19,14389.21,Standard operational expense,9,1,Normal
4404,2020-01-13,8,Vendor_20,4214.43,Standard operational expense,1,1,Normal
4405,2024-02-18,5,Vendor_74,8773.61,Standard operational expense,2,1,Normal
4406,2023-11-25,7,Vendor_82,10162.78,Standard operational expense,11,1,Normal
4407,2019-10-13,6,Vendor_82,6545.36,Standard operational expense,10,1,Normal
4408,2023-03-29,2,Vendor_55,1777.06,Standard operational expense,3,1,Normal
4409,2019-08-09,5,Vendor_38,5464.98,Standard operational expense,8,1,Normal
4410,2018-08-19,1,Vendor_71,4916.36,Standard operational expense,8,1,Normal
4411,2024-07-30,8,Vendor_18,5549.17,Standard operational expense,7,1,Normal
4412,2023-08-10,7,Vendor_87,12432.42,Standard operational expense,8,1,Normal
4413,2020-04-22,4,Vendor_30,14640.2,Standard operational expense,4,1,Normal
4414,2019-01-27,8,Vendor_63,6447.41,Standard operational expense,1,1,Normal
4415,2021-02-26,7,Vendor_38,12532.9,Standard operational expense,2,1,Normal
4416,2021-04-08,8,Vendor_26,7822.9,Standard operational expense,4,1,Normal
4417,2019-05-03,3,Vendor_22,5006.18,Standard operational expense,5,1,Normal
4418,2020-11-15,3,Vendor_60,8842.65,Standard operational expense,11,1,Normal
4419,2019-07-05,3,Vendor_41,12330.71,Standard operational expense,7,1,Normal
4420,2022-12-23,7,Vendor_24,2394.42,Standard operational expense,12,1,Normal
4421,2023-04-04,1,Vendor_18,5488.52,Standard operational expense,4,1,Normal
4422,2018-09-28,7,Vendor_31,1405.34,Standard operational expense,9,1,Normal
4423,2018-01-28,8,Vendor_81,10149.17,Standard operational expense,1,1,Normal
4424,2020-06-06,1,Vendor_58,13250.95,Standard operational expense,6,1,Normal
4425,2024-10-27,2,Vendor_31,14263.2,Standard operational expense,10,1,Normal
4426,2021-08-19,2,Vendor_67,4129.23,Standard operational expense,8,1,Normal
4427,2019-08-29,8,Vendor_76,14172.87,Standard operational expense,8,1,Normal
4428,2024-04-16,3,Vendor_15,12858.87,Standard operational expense,4,1,Normal
4429,2021-09-19,8,Vendor_14,12371.49,Standard operational expense,9,1,Normal
4430,2023-12-19,2,Vendor_54,14536.0,Standard operational expense,12,1,Normal
4431,2020-06-20,1,Vendor_78,4188.3,Standard operational expense,6,1,Normal
4432,2018-11-30,4,Vendor_60,2630.61,Standard operational expense,11,1,Normal
4433,2018-12-21,5,Vendor_2,2007.46,Standard operational expense,12,1,Normal
4434,2023-03-12,5,Vendor_24,912.39,Standard operational expense,3,1,Normal
4435,2023-05-03,3,Vendor_66,5346.86,Standard operational expense,5,1,Normal
4436,2022-11-25,6,Vendor_49,69100.31999999999,Emergency Year-end Fund Utilization,11,1,Normal
4437,2019-06-28,5,Vendor_63,9560.78,Standard operational expense,6,1,Normal
4438,2023-09-14,3,Vendor_77,14546.03,Standard operational expense,9,1,Normal
4439,2019-01-04,1,Vendor_3,779.16,Standard operational expense,1,1,Normal
4440,2018-08-26,8,Vendor_10,7241.21,Standard operational expense,8,1,Normal
4441,2022-08-01,8,Vendor_55,10304.33,Standard operational expense,8,1,Normal
4442,2023-01-29,7,Vendor_66,746.61,Standard operational expense,1,1,Normal
4443,2019-07-13,1,Vendor_52,5490.82,Standard operational expense,7,1,Normal
4444,2022-08-09,7,Vendor_23,8516.25,Standard operational expense,8,1,Normal
4445,2023-12-28,7,Vendor_64,12731.6,Standard operational expense,12,1,Normal
4446,2021-05-26,8,Vendor_2,9240.52,Standard operational expense,5,1,Normal
4447,2023-05-05,1,Vendor_70,14926.29,Standard operational expense,5,1,Normal
4448,2018-04-17,5,Vendor_13,6972.93,Standard operational expense,4,1,Normal
4449,2021-03-03,7,Vendor_27,14324.52,Standard operational expense,3,1,Normal
4450,2023-10-28,4,Vendor_87,10928.43,Standard operational expense,10,1,Normal
4451,2020-01-23,8,Vendor_68,4015.93,Standard operational expense,1,1,Normal
4452,2024-01-29,5,Vendor_38,6565.95,Standard operational expense,1,1,Normal
4453,2024-12-15,6,Vendor_6,6171.18,Emergency Year-end Fund Utilization,12,1,Normal
4454,2024-12-01,6,Vendor_68,82390.14,Emergency Year-end Fund Utilization,12,-1,Anomaly
4455,2019-03-17,8,Vendor_7,4556.83,Standard operational expense,3,1,Normal
4456,2022-05-06,2,Vendor_64,8209.35,Standard operational expense,5,1,Normal
4457,2021-08-03,2,Vendor_13,8468.32,Standard operational expense,8,1,Normal
4458,2021-10-06,6,Vendor_13,59635.56,Emergency Year-end Fund Utilization,10,1,Normal
4459,2023-12-03,5,Vendor_29,12641.21,Standard operational expense,12,1,Normal
4460,2023-01-20,5,Vendor_55,9438.98,Standard operational expense,1,1,Normal
4461,2021-01-05,5,Vendor_38,7111.07,Standard operational expense,1,1,Normal
4462,2018-11-14,6,Vendor_40,8634.05,Standard operational expense,11,1,Normal
4463,2024-04-03,5,Vendor_54,5106.94,Standard operational expense,4,1,Normal
4464,2021-04-15,3,Vendor_14,5975.73,Standard operational expense,4,1,Normal
4465,2021-12-25,6,Vendor_73,12579.68,Standard operational expense,12,1,Normal
4466,2024-10-31,7,Vendor_70,8575.4,Standard operational expense,10,1,Normal
4467,2020-12-24,1,Vendor_15,4815.96,Standard operational expense,12,1,Normal
4468,2024-03-23,1,Vendor_37,5243.54,Standard operational expense,3,1,Normal
4469,2021-11-05,1,Vendor_63,1583.27,Standard operational expense,11,1,Normal
4470,2021-05-26,7,Vendor_52,13755.38,Standard operational expense,5,1,Normal
4471,2021-10-29,6,Vendor_14,9786.5,Standard operational expense,10,1,Normal
4472,2021-09-25,2,Vendor_9,3327.58,Standard operational expense,9,1,Normal
4473,2023-09-20,8,Vendor_6,13904.86,Standard operational expense,9,1,Normal
4474,2018-08-30,2,Vendor_41,3225.4,Standard operational expense,8,1,Normal
4475,2020-11-01,6,Vendor_17,75662.88,Emergency Year-end Fund Utilization,11,-1,Anomaly
4476,2021-03-25,5,Vendor_10,14730.57,Standard operational expense,3,1,Normal
4477,2020-01-24,2,Vendor_24,187.61,Standard operational expense,1,1,Normal
4478,2019-08-03,8,Vendor_12,10769.77,Standard operational expense,8,1,Normal
4479,2023-04-22,7,Vendor_53,12765.59,Standard operational expense,4,1,Normal
4480,2023-03-05,2,Vendor_9,12428.94,Standard operational expense,3,1,Normal
4481,2018-06-19,2,Vendor_17,13994.19,Standard operational expense,6,1,Normal
4482,2020-01-10,2,Vendor_49,11038.83,Standard operational expense,1,1,Normal
4483,2019-04-02,5,Vendor_46,1594.93,Standard operational expense,4,1,Normal
4484,2022-05-21,8,Vendor_54,5153.69,Standard operational expense,5,1,Normal
4485,2018-04-22,8,Vendor_91,8753.34,Standard operational expense,4,1,Normal
4486,2024-09-04,4,Vendor_87,4802.04,Standard operational expense,9,1,Normal
4487,2023-03-03,3,Vendor_38,4472.83,Standard operational expense,3,1,Normal
4488,2021-01-04,7,Vendor_50,1512.97,Standard operational expense,1,1,Normal
4489,2020-08-09,7,Vendor_8,2877.57,Standard operational expense,8,1,Normal
4490,2018-04-20,3,Vendor_98,3000.05,Standard operational expense,4,1,Normal
4491,2024-02-11,4,Vendor_3,8759.66,Standard operational expense,2,1,Normal
4492,2018-04-09,3,Vendor_10,2882.98,Standard operational expense,4,1,Normal
4493,2020-11-07,6,Vendor_82,39255.0,Emergency Year-end Fund Utilization,11,1,Normal
4494,2023-11-06,7,Vendor_23,10711.6,Standard operational expense,11,1,Normal
4495,2022-01-22,2,Vendor_13,9058.42,Standard operational expense,1,1,Normal
4496,2023-04-02,5,Vendor_77,2699.25,Standard operational expense,4,1,Normal
4497,2018-12-12,4,Vendor_78,3606.35,Standard operational expense,12,1,Normal
4498,2021-10-20,6,Vendor_13,10822.86,Standard operational expense,10,1,Normal
4499,2020-03-02,7,Vendor_86,4443.56,Standard operational expense,3,1,Normal
4500,2021-12-12,2,Vendor_3,14179.55,Standard operational expense,12,1,Normal
4501,2024-08-28,7,Vendor_58,119.87,Standard operational expense,8,1,Normal
4502,2024-12-11,5,Vendor_55,13682.54,Standard operational expense,12,1,Normal
4503,2019-08-15,2,Vendor_57,1483.39,Standard operational expense,8,1,Normal
4504,2021-03-22,8,Vendor_61,10202.13,Standard operational expense,3,1,Normal
4505,2021-02-09,7,Vendor_68,4009.31,Standard operational expense,2,1,Normal
4506,2022-11-06,6,Vendor_43,83497.56,Emergency Year-end Fund Utilization,11,-1,Anomaly
4507,2024-06-23,4,Vendor_85,2200.59,Standard operational expense,6,1,Normal
4508,2019-09-16,5,Vendor_62,9581.53,Standard operational expense,9,1,Normal
4509,2022-07-14,3,Vendor_57,3044.95,Standard operational expense,7,1,Normal
4510,2023-09-24,2,Vendor_42,8539.22,Standard operational expense,9,1,Normal
4511,2020-03-19,3,Vendor_58,8614.03,Standard operational expense,3,1,Normal
4512,2023-01-08,3,Vendor_41,8614.44,Standard operational expense,1,1,Normal
4513,2018-04-09,2,Vendor_72,12500.7,Standard operational expense,4,1,Normal
4514,2022-06-03,5,Vendor_17,4737.55,Standard operational expense,6,1,Normal
4515,2020-10-01,5,Vendor_56,11183.59,Standard operational expense,10,1,Normal
4516,2021-02-09,5,Vendor_6,13826.6,Standard operational expense,2,1,Normal
4517,2021-05-05,2,Vendor_40,12509.55,Standard operational expense,5,1,Normal
4518,2023-08-18,4,Vendor_67,8525.11,Standard operational expense,8,1,Normal
4519,2024-07-29,8,Vendor_82,3045.7,Standard operational expense,7,1,Normal
4520,2020-12-06,6,Vendor_91,40567.32,Emergency Year-end Fund Utilization,12,1,Normal
4521,2019-07-25,5,Vendor_31,9699.2,Standard operational expense,7,1,Normal
4522,2020-02-22,1,Vendor_5,10175.96,Standard operational expense,2,1,Normal
4523,2023-11-14,2,Vendor_45,3935.43,Standard operational expense,11,1,Normal
4524,2019-06-24,2,Vendor_68,5647.83,Standard operational expense,6,1,Normal
4525,2022-07-22,5,Vendor_48,9816.03,Standard operational expense,7,1,Normal
4526,2023-03-26,5,Vendor_2,8104.36,Standard operational expense,3,1,Normal
4527,2018-12-27,2,Vendor_58,12870.75,Standard operational expense,12,1,Normal
4528,2019-06-11,1,Vendor_66,13500.16,Standard operational expense,6,1,Normal
4529,2021-10-04,3,Vendor_64,11484.43,Standard operational expense,10,1,Normal
4530,2018-10-17,2,Vendor_74,9909.1,Standard operational expense,10,1,Normal
4531,2023-03-09,3,Vendor_59,6744.88,Standard operational expense,3,1,Normal
4532,2018-05-21,4,Vendor_42,13162.52,Standard operational expense,5,1,Normal
4533,2022-02-07,8,Vendor_34,2689.6,Standard operational expense,2,1,Normal
4534,2018-12-17,7,Vendor_64,6127.34,Standard operational expense,12,1,Normal
4535,2021-03-30,4,Vendor_19,918.81,Standard operational expense,3,1,Normal
4536,2019-01-28,2,Vendor_39,11579.15,Standard operational expense,1,1,Normal
4537,2020-11-01,7,Vendor_28,4266.95,Standard operational expense,11,1,Normal
4538,2019-01-23,4,Vendor_98,7109.44,Standard operational expense,1,1,Normal
4539,2023-01-13,1,Vendor_44,13253.9,Standard operational expense,1,1,Normal
4540,2024-02-05,1,Vendor_26,14277.01,Standard operational expense,2,1,Normal
4541,2021-04-02,5,Vendor_53,10526.56,Standard operational expense,4,1,Normal
4542,2018-09-19,5,Vendor_69,6945.64,Standard operational expense,9,1,Normal
4543,2020-09-12,1,Vendor_47,11344.77,Standard operational expense,9,1,Normal
4544,2022-10-06,5,Vendor_68,12561.9,Standard operational expense,10,1,Normal
4545,2018-02-28,3,Vendor_10,5821.01,Standard operational expense,2,1,Normal
4546,2022-08-04,4,Vendor_15,11638.54,Standard operational expense,8,1,Normal
4547,2023-01-12,1,Vendor_89,8447.44,Standard operational expense,1,1,Normal
4548,2019-08-12,8,Vendor_22,7857.27,Standard operational expense,8,1,Normal
4549,2021-02-07,1,Vendor_40,5881.61,Standard operational expense,2,1,Normal
4550,2023-11-09,6,Vendor_73,77074.20000000001,Emergency Year-end Fund Utilization,11,-1,Anomaly
4551,2021-08-14,5,Vendor_70,13702.15,Standard operational expense,8,1,Normal
4552,2020-11-21,8,Vendor_85,13335.79,Standard operational expense,11,1,Normal
4553,2021-09-19,7,Vendor_53,12488.39,Standard operational expense,9,1,Normal
4554,2023-09-23,8,Vendor_39,153.83,Standard operational expense,9,1,Normal
4555,2024-12-13,8,Vendor_18,9318.44,Standard operational expense,12,1,Normal
4556,2021-10-27,6,Vendor_32,2319.3,Emergency Year-end Fund Utilization,10,1,Normal
4557,2024-03-29,4,Vendor_8,4451.48,Standard operational expense,3,1,Normal
4558,2020-01-25,3,Vendor_99,2819.72,Standard operational expense,1,1,Normal
4559,2024-10-07,6,Vendor_24,29377.08,Emergency Year-end Fund Utilization,10,1,Normal
4560,2018-01-17,2,Vendor_16,7995.5,Standard operational expense,1,1,Normal
4561,2018-09-17,1,Vendor_46,4575.41,Standard operational expense,9,1,Normal
4562,2023-02-10,5,Vendor_25,14995.08,Standard operational expense,2,1,Normal
4563,2020-03-02,1,Vendor_25,498.88,Standard operational expense,3,1,Normal
4564,2021-10-17,6,Vendor_72,17774.4,Emergency Year-end Fund Utilization,10,1,Normal
4565,2023-01-14,3,Vendor_78,9289.01,Standard operational expense,1,1,Normal
4566,2018-03-08,8,Vendor_94,1758.31,Standard operational expense,3,1,Normal
4567,2021-07-02,7,Vendor_64,10273.41,Standard operational expense,7,1,Normal
4568,2023-06-26,1,Vendor_50,12855.82,Standard operational expense,6,1,Normal
4569,2020-12-22,1,Vendor_9,6736.96,Standard operational expense,12,1,Normal
4570,2020-02-11,1,Vendor_6,6124.52,Standard operational expense,2,1,Normal
4571,2022-06-06,8,Vendor_67,5624.98,Standard operational expense,6,1,Normal
4572,2021-05-02,8,Vendor_68,9880.56,Standard operational expense,5,1,Normal
4573,2024-01-17,2,Vendor_66,8359.0,Standard operational expense,1,1,Normal
4574,2018-09-11,3,Vendor_39,10340.42,Standard operational expense,9,1,Normal
4575,2023-07-15,2,Vendor_91,12834.08,Standard operational expense,7,1,Normal
4576,2023-04-25,7,Vendor_95,790.66,Standard operational expense,4,1,Normal
4577,2018-04-08,8,Vendor_26,13924.85,Standard operational expense,4,1,Normal
4578,2020-11-17,8,Vendor_80,682.96,Standard operational expense,11,1,Normal
4579,2022-12-16,6,Vendor_73,84853.14,Emergency Year-end Fund Utilization,12,-1,Anomaly
4580,2019-02-27,4,Vendor_19,1921.57,Standard operational expense,2,1,Normal
4581,2021-11-04,3,Vendor_13,1339.94,Standard operational expense,11,1,Normal
4582,2020-01-10,1,Vendor_42,5965.78,Standard operational expense,1,1,Normal
4583,2020-06-03,7,Vendor_81,2886.94,Standard operational expense,6,1,Normal
4584,2019-02-06,3,Vendor_86,12019.21,Standard operational expense,2,1,Normal
4585,2022-11-02,2,Vendor_6,766.18,Standard operational expense,11,1,Normal
4586,2023-01-16,8,Vendor_1,884.83,Standard operational expense,1,1,Normal
4587,2022-11-11,6,Vendor_52,79864.08,Emergency Year-end Fund Utilization,11,-1,Anomaly
4588,2020-12-07,7,Vendor_46,14114.66,Standard operational expense,12,1,Normal
4589,2019-03-27,2,Vendor_17,5270.72,Standard operational expense,3,1,Normal
4590,2018-03-23,1,Vendor_27,3325.0,Standard operational expense,3,1,Normal
4591,2021-08-27,5,Vendor_83,2914.82,Standard operational expense,8,1,Normal
4592,2022-08-19,4,Vendor_84,7770.03,Standard operational expense,8,1,Normal
4593,2020-12-16,6,Vendor_26,54336.240000000005,Emergency Year-end Fund Utilization,12,1,Normal
4594,2024-08-08,3,Vendor_17,12229.42,Standard operational expense,8,1,Normal
4595,2019-04-11,7,Vendor_20,6892.65,Standard operational expense,4,1,Normal
4596,2023-10-24,4,Vendor_51,2263.97,Standard operational expense,10,1,Normal
4597,2024-12-25,3,Vendor_16,4355.26,Standard operational expense,12,1,Normal
4598,2019-09-27,4,Vendor_67,4788.87,Standard operational expense,9,1,Normal
4599,2021-02-27,4,Vendor_52,6066.21,Standard operational expense,2,1,Normal
4600,2021-12-02,5,Vendor_98,2085.08,Standard operational expense,12,1,Normal
4601,2020-09-06,2,Vendor_2,14580.18,Standard operational expense,9,1,Normal
4602,2024-05-26,1,Vendor_75,2628.73,Standard operational expense,5,1,Normal
4603,2023-12-01,6,Vendor_62,21611.58,Emergency Year-end Fund Utilization,12,1,Normal
4604,2020-10-17,6,Vendor_65,5806.4400000000005,Emergency Year-end Fund Utilization,10,1,Normal
4605,2020-12-22,6,Vendor_99,61697.4,Emergency Year-end Fund Utilization,12,1,Normal
4606,2018-05-12,5,Vendor_51,877.56,Standard operational expense,5,1,Normal
4607,2020-11-19,6,Vendor_8,51568.8,Emergency Year-end Fund Utilization,11,1,Normal
4608,2024-12-22,6,Vendor_63,44550.24,Emergency Year-end Fund Utilization,12,1,Normal
4609,2021-06-14,7,Vendor_66,8734.18,Standard operational expense,6,1,Normal
4610,2024-05-27,1,Vendor_56,13297.64,Standard operational expense,5,1,Normal
4611,2022-11-14,3,Vendor_12,14853.46,Standard operational expense,11,1,Normal
4612,2019-04-21,5,Vendor_84,11226.15,Standard operational expense,4,1,Normal
4613,2020-09-26,1,Vendor_52,5682.63,Standard operational expense,9,1,Normal
4614,2022-01-01,7,Vendor_64,7296.01,Standard operational expense,1,1,Normal
4615,2024-03-11,2,Vendor_72,6863.6,Standard operational expense,3,1,Normal
4616,2023-01-28,2,Vendor_40,9178.75,Standard operational expense,1,1,Normal
4617,2019-10-10,6,Vendor_54,8440.82,Standard operational expense,10,1,Normal
4618,2020-05-12,8,Vendor_68,13550.83,Standard operational expense,5,1,Normal
4619,2019-05-24,7,Vendor_90,10604.76,Standard operational expense,5,1,Normal
4620,2022-06-17,5,Vendor_79,10142.94,Standard operational expense,6,1,Normal
4621,2023-10-19,8,Vendor_84,7442.13,Standard operational expense,10,1,Normal
4622,2022-12-31,4,Vendor_2,9231.54,Standard operational expense,12,1,Normal
4623,2022-11-07,8,Vendor_49,7539.06,Standard operational expense,11,1,Normal
4624,2019-04-17,4,Vendor_37,2248.03,Standard operational expense,4,1,Normal
4625,2019-04-03,1,Vendor_73,8443.47,Standard operational expense,4,1,Normal
4626,2020-09-10,4,Vendor_60,8398.53,Standard operational expense,9,1,Normal
4627,2020-04-05,8,Vendor_95,4854.59,Standard operational expense,4,1,Normal
4628,2020-09-29,7,Vendor_68,3820.25,Standard operational expense,9,1,Normal
4629,2021-05-14,2,Vendor_59,7121.43,Standard operational expense,5,1,Normal
4630,2023-05-18,2,Vendor_73,3890.87,Standard operational expense,5,1,Normal
4631,2022-03-13,5,Vendor_14,12937.31,Standard operational expense,3,1,Normal
4632,2021-05-07,7,Vendor_78,13510.44,Standard operational expense,5,1,Normal
4633,2022-03-02,4,Vendor_90,9270.99,Standard operational expense,3,1,Normal
4634,2021-04-24,4,Vendor_9,13341.87,Standard operational expense,4,1,Normal
4635,2022-07-09,2,Vendor_81,7279.14,Standard operational expense,7,1,Normal
4636,2022-12-31,3,Vendor_13,8060.3,Standard operational expense,12,1,Normal
4637,2019-10-07,2,Vendor_88,2772.37,Standard operational expense,10,1,Normal
4638,2020-07-13,8,Vendor_26,4435.28,Standard operational expense,7,1,Normal
4639,2022-01-26,1,Vendor_62,6783.03,Standard operational expense,1,1,Normal
4640,2024-10-11,6,Vendor_59,57053.76,Emergency Year-end Fund Utilization,10,1,Normal
4641,2022-11-18,6,Vendor_5,72940.79999999999,Emergency Year-end Fund Utilization,11,1,Normal
4642,2022-12-28,5,Vendor_52,2024.13,Standard operational expense,12,1,Normal
4643,2019-12-10,4,Vendor_43,11150.75,Standard operational expense,12,1,Normal
4644,2019-10-25,8,Vendor_79,1739.32,Standard operational expense,10,1,Normal
4645,2019-08-08,7,Vendor_16,11969.06,Standard operational expense,8,1,Normal
4646,2023-10-14,6,Vendor_30,80544.84,Emergency Year-end Fund Utilization,10,-1,Anomaly
4647,2023-10-08,6,Vendor_52,4823.51,Standard operational expense,10,1,Normal
4648,2018-05-26,3,Vendor_58,1361.58,Standard operational expense,5,1,Normal
4649,2022-12-29,5,Vendor_54,3402.79,Standard operational expense,12,1,Normal
4650,2020-05-17,4,Vendor_96,7708.97,Standard operational expense,5,1,Normal
4651,2024-09-28,5,Vendor_46,12134.13,Standard operational expense,9,1,Normal
4652,2018-03-29,1,Vendor_51,4840.17,Standard operational expense,3,1,Normal
4653,2022-09-22,3,Vendor_42,3173.75,Standard operational expense,9,1,Normal
4654,2024-11-02,6,Vendor_47,81911.58,Emergency Year-end Fund Utilization,11,-1,Anomaly
4655,2019-12-11,6,Vendor_43,13900.079999999998,Emergency Year-end Fund Utilization,12,1,Normal
4656,2020-07-18,7,Vendor_37,1304.96,Standard operational expense,7,1,Normal
4657,2021-07-16,1,Vendor_7,14081.84,Standard operational expense,7,1,Normal
4658,2021-12-20,6,Vendor_64,14892.94,Standard operational expense,12,1,Normal
4659,2019-02-01,8,Vendor_82,2047.73,Standard operational expense,2,1,Normal
4660,2018-04-08,8,Vendor_1,10178.2,Standard operational expense,4,1,Normal
4661,2018-02-12,2,Vendor_50,2273.3,Standard operational expense,2,1,Normal
4662,2022-11-25,4,Vendor_16,12323.14,Standard operational expense,11,1,Normal
4663,2021-02-22,1,Vendor_98,7277.07,Standard operational expense,2,1,Normal
4664,2022-08-08,1,Vendor_6,11879.82,Standard operational expense,8,1,Normal
4665,2022-09-29,8,Vendor_69,8927.44,Standard operational expense,9,1,Normal
4666,2023-06-19,7,Vendor_4,5891.6,Standard operational expense,6,1,Normal
4667,2018-06-27,2,Vendor_65,3925.39,Standard operational expense,6,1,Normal
4668,2022-12-24,3,Vendor_17,14071.46,Standard operational expense,12,1,Normal
4669,2024-10-18,1,Vendor_99,10487.38,Standard operational expense,10,1,Normal
4670,2023-07-15,2,Vendor_18,3909.07,Standard operational expense,7,1,Normal
4671,2019-12-26,6,Vendor_33,24051.06,Emergency Year-end Fund Utilization,12,1,Normal
4672,2024-12-19,7,Vendor_27,11794.32,Standard operational expense,12,1,Normal
4673,2020-06-15,5,Vendor_10,10432.05,Standard operational expense,6,1,Normal
4674,2018-08-11,4,Vendor_57,14077.28,Standard operational expense,8,1,Normal
4675,2021-09-07,7,Vendor_28,13159.64,Standard operational expense,9,1,Normal
4676,2024-05-05,2,Vendor_14,4011.39,Standard operational expense,5,1,Normal
4677,2024-11-02,2,Vendor_25,13430.55,Standard operational expense,11,1,Normal
4678,2021-10-23,6,Vendor_12,645.81,Standard operational expense,10,1,Normal
4679,2023-12-14,1,Vendor_78,1995.34,Standard operational expense,12,1,Normal
4680,2019-07-19,8,Vendor_42,4445.72,Standard operational expense,7,1,Normal
4681,2024-11-08,8,Vendor_16,237.71,Standard operational expense,11,1,Normal
4682,2022-11-04,6,Vendor_31,76567.92,Emergency Year-end Fund Utilization,11,-1,Anomaly
4683,2024-02-12,4,Vendor_51,1921.87,Standard operational expense,2,1,Normal
4684,2018-08-25,2,Vendor_30,1907.44,Standard operational expense,8,1,Normal
4685,2023-05-10,1,Vendor_16,9613.0,Standard operational expense,5,1,Normal
4686,2024-07-23,5,Vendor_66,9024.95,Standard operational expense,7,1,Normal
4687,2019-01-15,3,Vendor_28,1204.38,Standard operational expense,1,1,Normal
4688,2018-12-22,6,Vendor_87,12270.62,Standard operational expense,12,1,Normal
4689,2022-01-07,1,Vendor_49,14894.26,Standard operational expense,1,-1,Anomaly
4690,2020-03-20,7,Vendor_89,14448.34,Standard operational expense,3,1,Normal
4691,2019-02-20,3,Vendor_3,3393.42,Standard operational expense,2,1,Normal
4692,2021-09-01,4,Vendor_17,7730.35,Standard operational expense,9,1,Normal
4693,2022-04-17,7,Vendor_69,6451.59,Standard operational expense,4,1,Normal
4694,2018-02-27,8,Vendor_48,6897.98,Standard operational expense,2,1,Normal
4695,2021-12-29,1,Vendor_37,13836.42,Standard operational expense,12,1,Normal
4696,2022-10-17,3,Vendor_85,14776.65,Standard operational expense,10,1,Normal
4697,2019-05-22,1,Vendor_33,13054.94,Standard operational expense,5,1,Normal
4698,2024-01-25,3,Vendor_91,7691.75,Standard operational expense,1,1,Normal
4699,2024-10-10,5,Vendor_10,4527.05,Standard operational expense,10,1,Normal
4700,2021-02-17,3,Vendor_13,10884.55,Standard operational expense,2,1,Normal
4701,2020-02-12,2,Vendor_76,3931.01,Standard operational expense,2,1,Normal
4702,2021-02-25,3,Vendor_15,4904.37,Standard operational expense,2,1,Normal
4703,2018-07-24,1,Vendor_53,9851.45,Standard operational expense,7,1,Normal
4704,2023-08-11,3,Vendor_40,5254.99,Standard operational expense,8,1,Normal
4705,2021-05-22,3,Vendor_44,7335.56,Standard operational expense,5,1,Normal
4706,2019-06-02,4,Vendor_8,10008.97,Standard operational expense,6,1,Normal
4707,2023-08-15,2,Vendor_17,13792.79,Standard operational expense,8,1,Normal
4708,2019-02-26,1,Vendor_78,3148.92,Standard operational expense,2,1,Normal
4709,2020-02-21,2,Vendor_62,3869.11,Standard operational expense,2,1,Normal
4710,2024-07-22,1,Vendor_98,13972.33,Standard operational expense,7,1,Normal
4711,2022-10-10,1,Vendor_11,818.84,Standard operational expense,10,1,Normal
4712,2021-02-09,2,Vendor_47,14450.41,Standard operational expense,2,1,Normal
4713,2023-07-18,4,Vendor_50,1555.79,Standard operational expense,7,1,Normal
4714,2024-03-13,5,Vendor_90,10558.47,Standard operational expense,3,1,Normal
4715,2018-08-20,3,Vendor_19,13835.5,Standard operational expense,8,1,Normal
4716,2024-10-07,2,Vendor_62,3539.18,Standard operational expense,10,1,Normal
4717,2020-08-07,5,Vendor_49,8745.26,Standard operational expense,8,1,Normal
4718,2021-06-04,1,Vendor_4,11223.84,Standard operational expense,6,1,Normal
4719,2024-10-10,6,Vendor_53,34493.7,Emergency Year-end Fund Utilization,10,1,Normal
4720,2022-08-22,8,Vendor_34,1645.87,Standard operational expense,8,1,Normal
4721,2018-05-23,2,Vendor_96,9428.55,Standard operational expense,5,1,Normal
4722,2021-12-31,8,Vendor_28,11051.45,Standard operational expense,12,1,Normal
4723,2020-10-13,6,Vendor_16,32612.82,Emergency Year-end Fund Utilization,10,1,Normal
4724,2020-11-14,7,Vendor_41,10476.99,Standard operational expense,11,1,Normal
4725,2023-03-05,3,Vendor_64,5120.02,Standard operational expense,3,1,Normal
4726,2021-01-17,4,Vendor_82,6497.21,Standard operational expense,1,1,Normal
4727,2022-05-14,5,Vendor_11,4254.68,Standard operational expense,5,1,Normal
4728,2022-12-10,6,Vendor_78,3657.06,Standard operational expense,12,1,Normal
4729,2019-08-06,8,Vendor_80,5232.18,Standard operational expense,8,1,Normal
4730,2021-06-12,7,Vendor_60,11325.48,Standard operational expense,6,1,Normal
4731,2019-06-29,5,Vendor_72,10756.36,Standard operational expense,6,1,Normal
4732,2019-12-10,6,Vendor_85,7730.88,Emergency Year-end Fund Utilization,12,1,Normal
4733,2018-10-24,5,Vendor_23,5507.79,Standard operational expense,10,1,Normal
4734,2018-02-02,4,Vendor_52,14009.18,Standard operational expense,2,1,Normal
4735,2022-03-28,8,Vendor_68,10868.64,Standard operational expense,3,1,Normal
4736,2024-09-12,3,Vendor_69,10315.1,Standard operational expense,9,1,Normal
4737,2019-08-04,2,Vendor_86,3143.59,Standard operational expense,8,1,Normal
4738,2022-01-10,4,Vendor_26,11421.12,Standard operational expense,1,1,Normal
4739,2024-10-03,6,Vendor_61,54989.52,Emergency Year-end Fund Utilization,10,1,Normal
4740,2021-01-23,2,Vendor_85,6011.59,Standard operational expense,1,1,Normal
4741,2023-01-14,8,Vendor_34,4342.0,Standard operational expense,1,1,Normal
4742,2020-09-11,7,Vendor_47,242.83,Standard operational expense,9,1,Normal
4743,2019-12-10,6,Vendor_77,59579.7,Emergency Year-end Fund Utilization,12,1,Normal
4744,2021-07-06,5,Vendor_51,8939.57,Standard operational expense,7,1,Normal
4745,2019-02-03,4,Vendor_67,1181.09,Standard operational expense,2,1,Normal
4746,2023-08-20,8,Vendor_59,11280.8,Standard operational expense,8,1,Normal
4747,2024-02-21,3,Vendor_40,9017.08,Standard operational expense,2,1,Normal
4748,2023-03-29,1,Vendor_87,13752.44,Standard operational expense,3,1,Normal
4749,2020-09-17,5,Vendor_99,7560.38,Standard operational expense,9,1,Normal
4750,2019-10-23,5,Vendor_1,13684.89,Standard operational expense,10,1,Normal
4751,2020-10-05,6,Vendor_9,30714.36,Emergency Year-end Fund Utilization,10,1,Normal
4752,2022-03-27,7,Vendor_26,14288.34,Standard operational expense,3,1,Normal
4753,2022-12-27,2,Vendor_69,12309.63,Standard operational expense,12,1,Normal
4754,2023-12-21,5,Vendor_38,8921.76,Standard operational expense,12,1,Normal
4755,2024-10-27,6,Vendor_67,1998.9,Emergency Year-end Fund Utilization,10,1,Normal
4756,2023-07-05,1,Vendor_69,7392.79,Standard operational expense,7,1,Normal
4757,2020-04-30,2,Vendor_57,2942.53,Standard operational expense,4,1,Normal
4758,2021-06-17,1,Vendor_60,11548.64,Standard operational expense,6,1,Normal
4759,2021-08-18,2,Vendor_97,324.81,Standard operational expense,8,1,Normal
4760,2022-08-16,2,Vendor_25,2376.81,Standard operational expense,8,1,Normal
4761,2022-01-01,3,Vendor_67,12055.17,Standard operational expense,1,1,Normal
4762,2023-04-19,4,Vendor_20,1260.26,Standard operational expense,4,1,Normal
4763,2022-07-07,7,Vendor_8,10118.85,Standard operational expense,7,1,Normal
4764,2021-08-17,1,Vendor_22,8871.51,Standard operational expense,8,1,Normal
4765,2023-12-21,6,Vendor_89,7429.91,Standard operational expense,12,1,Normal
4766,2018-01-17,8,Vendor_50,14771.81,Standard operational expense,1,1,Normal
4767,2023-10-09,5,Vendor_7,6797.87,Standard operational expense,10,1,Normal
4768,2021-04-25,2,Vendor_55,14465.77,Standard operational expense,4,1,Normal
4769,2023-01-30,1,Vendor_40,3238.62,Standard operational expense,1,1,Normal
4770,2023-01-10,7,Vendor_21,5276.22,Standard operational expense,1,1,Normal
4771,2022-02-04,2,Vendor_52,12101.56,Standard operational expense,2,1,Normal
4772,2024-12-22,1,Vendor_83,1899.0,Standard operational expense,12,1,Normal
4773,2019-10-20,4,Vendor_65,6686.7,Standard operational expense,10,1,Normal
4774,2019-12-24,6,Vendor_44,10971.13,Standard operational expense,12,1,Normal
4775,2020-01-12,5,Vendor_17,8667.88,Standard operational expense,1,1,Normal
4776,2023-08-08,1,Vendor_88,715.49,Standard operational expense,8,1,Normal
4777,2022-01-28,2,Vendor_40,4819.55,Standard operational expense,1,1,Normal
4778,2022-09-11,3,Vendor_64,8484.26,Standard operational expense,9,1,Normal
4779,2022-12-06,4,Vendor_13,6149.91,Standard operational expense,12,1,Normal
4780,2024-04-24,4,Vendor_74,2429.13,Standard operational expense,4,1,Normal
4781,2019-01-25,7,Vendor_3,8485.27,Standard operational expense,1,1,Normal
4782,2019-01-29,3,Vendor_21,2870.69,Standard operational expense,1,1,Normal
4783,2020-03-21,4,Vendor_24,6388.15,Standard operational expense,3,1,Normal
4784,2021-10-25,6,Vendor_83,25855.38,Emergency Year-end Fund Utilization,10,1,Normal
4785,2020-12-04,6,Vendor_11,1164.2,Standard operational expense,12,1,Normal
4786,2018-10-21,2,Vendor_31,2202.36,Standard operational expense,10,1,Normal
4787,2022-07-06,3,Vendor_23,9725.55,Standard operational expense,7,1,Normal
4788,2019-05-02,2,Vendor_15,6936.74,Standard operational expense,5,1,Normal
4789,2023-05-11,5,Vendor_81,4271.81,Standard operational expense,5,1,Normal
4790,2018-10-05,1,Vendor_17,4356.17,Standard operational expense,10,1,Normal
4791,2024-07-03,2,Vendor_94,10601.88,Standard operational expense,7,1,Normal
4792,2024-12-26,6,Vendor_24,6013.38,Emergency Year-end Fund Utilization,12,1,Normal
4793,2022-12-17,6,Vendor_6,66032.22,Emergency Year-end Fund Utilization,12,1,Normal
4794,2022-12-23,5,Vendor_75,7091.75,Standard operational expense,12,1,Normal
4795,2020-12-13,6,Vendor_43,53382.12,Emergency Year-end Fund Utilization,12,1,Normal
4796,2020-08-06,7,Vendor_56,2197.08,Standard operational expense,8,1,Normal
4797,2024-03-08,1,Vendor_58,3788.62,Standard operational expense,3,1,Normal
4798,2018-08-03,4,Vendor_73,4869.86,Standard operational expense,8,1,Normal
4799,2024-11-19,7,Vendor_63,9141.79,Standard operational expense,11,1,Normal
4800,2024-08-16,8,Vendor_17,5864.93,Standard operational expense,8,1,Normal
4801,2022-08-09,1,Vendor_65,5055.35,Standard operational expense,8,1,Normal
4802,2020-12-02,1,Vendor_48,13069.04,Standard operational expense,12,1,Normal
4803,2020-06-06,5,Vendor_76,1986.64,Standard operational expense,6,1,Normal
4804,2019-02-24,7,Vendor_73,10126.96,Standard operational expense,2,1,Normal
4805,2022-02-06,7,Vendor_89,2197.92,Standard operational expense,2,1,Normal
4806,2022-02-10,5,Vendor_57,1251.67,Standard operational expense,2,1,Normal
4807,2020-12-14,4,Vendor_40,9073.46,Standard operational expense,12,1,Normal
4808,2021-06-07,1,Vendor_94,5272.79,Standard operational expense,6,1,Normal
4809,2019-09-07,7,Vendor_88,11911.24,Standard operational expense,9,1,Normal
4810,2019-02-24,5,Vendor_96,13024.6,Standard operational expense,2,1,Normal
4811,2022-11-02,1,Vendor_36,7491.85,Standard operational expense,11,1,Normal
4812,2021-11-23,6,Vendor_99,9428.52,Emergency Year-end Fund Utilization,11,1,Normal
4813,2021-08-05,4,Vendor_45,11489.56,Standard operational expense,8,1,Normal
4814,2018-10-28,8,Vendor_17,7076.57,Standard operational expense,10,1,Normal
4815,2023-12-28,6,Vendor_90,14664.37,Standard operational expense,12,1,Normal
4816,2023-12-02,4,Vendor_51,4070.25,Standard operational expense,12,1,Normal
4817,2019-09-29,5,Vendor_55,454.71,Standard operational expense,9,1,Normal
4818,2023-02-17,3,Vendor_44,789.57,Standard operational expense,2,1,Normal
4819,2022-11-20,6,Vendor_3,47489.34,Emergency Year-end Fund Utilization,11,1,Normal
4820,2022-10-13,4,Vendor_56,3823.41,Standard operational expense,10,1,Normal
4821,2018-03-02,4,Vendor_55,12590.54,Standard operational expense,3,1,Normal
4822,2021-12-19,6,Vendor_57,47250.3,Emergency Year-end Fund Utilization,12,1,Normal
4823,2021-01-11,3,Vendor_41,10377.84,Standard operational expense,1,1,Normal
4824,2024-03-27,8,Vendor_41,1613.19,Standard operational expense,3,1,Normal
4825,2021-08-03,3,Vendor_54,4794.57,Standard operational expense,8,1,Normal
4826,2021-06-16,1,Vendor_36,14640.81,Standard operational expense,6,1,Normal
4827,2024-05-02,3,Vendor_39,7695.67,Standard operational expense,5,1,Normal
4828,2019-01-26,4,Vendor_48,13337.63,Standard operational expense,1,1,Normal
4829,2020-02-03,1,Vendor_71,11404.24,Standard operational expense,2,1,Normal
4830,2020-12-21,7,Vendor_44,7746.87,Standard operational expense,12,1,Normal
4831,2022-11-21,3,Vendor_25,12848.85,Standard operational expense,11,1,Normal
4832,2019-04-22,8,Vendor_40,14333.76,Standard operational expense,4,1,Normal
4833,2022-11-06,6,Vendor_66,85512.06,Emergency Year-end Fund Utilization,11,-1,Anomaly
4834,2024-08-20,5,Vendor_87,1523.48,Standard operational expense,8,1,Normal
4835,2018-08-28,3,Vendor_49,8158.1,Standard operational expense,8,1,Normal
4836,2018-10-31,3,Vendor_7,3220.48,Standard operational expense,10,1,Normal
4837,2024-02-05,1,Vendor_22,4636.21,Standard operational expense,2,1,Normal
4838,2024-09-10,5,Vendor_1,12337.0,Standard operational expense,9,1,Normal
4839,2022-08-24,4,Vendor_64,3137.91,Standard operational expense,8,1,Normal
4840,2021-08-13,1,Vendor_39,13408.78,Standard operational expense,8,1,Normal
4841,2023-08-11,1,Vendor_98,10047.35,Standard operational expense,8,1,Normal
4842,2019-08-23,3,Vendor_81,1138.65,Standard operational expense,8,1,Normal
4843,2021-03-10,7,Vendor_63,10587.41,Standard operational expense,3,1,Normal
4844,2022-06-23,7,Vendor_39,288.37,Standard operational expense,6,1,Normal
4845,2021-12-04,1,Vendor_74,11725.38,Standard operational expense,12,1,Normal
4846,2023-10-14,5,Vendor_50,10466.6,Standard operational expense,10,1,Normal
4847,2021-08-30,5,Vendor_57,2415.48,Standard operational expense,8,1,Normal
4848,2022-04-03,8,Vendor_13,6566.24,Standard operational expense,4,1,Normal
4849,2020-04-01,2,Vendor_31,13292.57,Standard operational expense,4,1,Normal
4850,2022-05-28,8,Vendor_96,7925.75,Standard operational expense,5,1,Normal
4851,2024-12-10,7,Vendor_84,10817.1,Standard operational expense,12,1,Normal
4852,2022-04-04,4,Vendor_74,10737.74,Standard operational expense,4,1,Normal
4853,2023-12-04,6,Vendor_29,14383.27,Standard operational expense,12,1,Normal
4854,2023-12-07,6,Vendor_48,79891.74,Emergency Year-end Fund Utilization,12,-1,Anomaly
4855,2023-06-20,8,Vendor_95,4931.32,Standard operational expense,6,1,Normal
4856,2020-05-08,2,Vendor_1,2071.03,Standard operational expense,5,1,Normal
4857,2022-01-26,3,Vendor_55,14427.53,Standard operational expense,1,1,Normal
4858,2020-07-17,4,Vendor_90,5649.76,Standard operational expense,7,1,Normal
4859,2022-10-09,6,Vendor_55,2937.71,Standard operational expense,10,1,Normal
4860,2018-10-31,3,Vendor_97,14181.68,Standard operational expense,10,1,Normal
4861,2018-03-29,2,Vendor_34,2340.15,Standard operational expense,3,1,Normal
4862,2018-06-13,7,Vendor_16,12694.79,Standard operational expense,6,1,Normal
4863,2021-09-20,2,Vendor_86,6902.03,Standard operational expense,9,1,Normal
4864,2022-12-29,3,Vendor_65,929.05,Standard operational expense,12,1,Normal
4865,2021-09-10,2,Vendor_85,4999.61,Standard operational expense,9,1,Normal
4866,2022-05-13,3,Vendor_49,14285.67,Standard operational expense,5,1,Normal
4867,2022-07-06,8,Vendor_54,12863.11,Standard operational expense,7,1,Normal
4868,2020-12-06,1,Vendor_99,3943.77,Standard operational expense,12,1,Normal
4869,2018-08-11,4,Vendor_32,6132.97,Standard operational expense,8,1,Normal
4870,2020-08-15,5,Vendor_38,10627.29,Standard operational expense,8,1,Normal
4871,2023-05-04,2,Vendor_66,12393.08,Standard operational expense,5,1,Normal
4872,2021-04-17,3,Vendor_37,6873.29,Standard operational expense,4,1,Normal
4873,2024-12-05,6,Vendor_55,84247.56,Emergency Year-end Fund Utilization,12,-1,Anomaly
4874,2022-08-31,7,Vendor_42,3179.43,Standard operational expense,8,1,Normal
4875,2018-12-10,8,Vendor_11,12564.15,Standard operational expense,12,1,Normal
4876,2024-02-27,1,Vendor_3,4389.8,Standard operational expense,2,1,Normal
4877,2021-08-23,4,Vendor_71,12520.75,Standard operational expense,8,1,Normal
4878,2022-11-23,7,Vendor_35,11448.98,Standard operational expense,11,1,Normal
4879,2023-11-26,8,Vendor_52,9123.81,Standard operational expense,11,1,Normal
4880,2023-11-30,7,Vendor_76,875.58,Standard operational expense,11,1,Normal
4881,2023-10-14,6,Vendor_6,1039.82,Standard operational expense,10,1,Normal
4882,2019-09-26,3,Vendor_82,532.68,Standard operational expense,9,1,Normal
4883,2023-11-07,7,Vendor_80,12111.07,Standard operational expense,11,1,Normal
4884,2023-10-12,8,Vendor_41,10920.76,Standard operational expense,10,1,Normal
4885,2019-05-15,5,Vendor_80,3448.93,Standard operational expense,5,1,Normal
4886,2021-02-09,1,Vendor_22,1333.78,Standard operational expense,2,1,Normal
4887,2022-11-14,2,Vendor_89,8398.82,Standard operational expense,11,1,Normal
4888,2018-11-29,2,Vendor_85,1581.98,Standard operational expense,11,1,Normal
4889,2021-09-28,5,Vendor_61,232.11,Standard operational expense,9,1,Normal
4890,2020-11-03,6,Vendor_77,49465.5,Emergency Year-end Fund Utilization,11,1,Normal
4891,2019-09-16,2,Vendor_76,13469.72,Standard operational expense,9,1,Normal
4892,2021-10-26,6,Vendor_48,13799.5,Standard operational expense,10,1,Normal
4893,2019-12-24,7,Vendor_25,5408.82,Standard operational expense,12,1,Normal
4894,2019-12-09,2,Vendor_63,13306.34,Standard operational expense,12,1,Normal
4895,2024-12-22,6,Vendor_54,41615.82,Emergency Year-end Fund Utilization,12,1,Normal
4896,2020-05-18,3,Vendor_56,13421.41,Standard operational expense,5,1,Normal
4897,2024-08-03,3,Vendor_32,14351.82,Standard operational expense,8,1,Normal
4898,2018-06-26,5,Vendor_27,9615.79,Standard operational expense,6,1,Normal
4899,2022-02-11,4,Vendor_66,5636.44,Standard operational expense,2,1,Normal
4900,2018-05-13,1,Vendor_82,9560.81,Standard operational expense,5,1,Normal
4901,2023-04-01,7,Vendor_98,14538.29,Standard operational expense,4,1,Normal
4902,2019-08-08,7,Vendor_82,12799.62,Standard operational expense,8,1,Normal
4903,2022-10-15,5,Vendor_47,4748.38,Standard operational expense,10,1,Normal
4904,2023-03-08,3,Vendor_78,632.5,Standard operational expense,3,1,Normal
4905,2021-12-13,8,Vendor_70,1391.51,Standard operational expense,12,1,Normal
4906,2022-05-13,3,Vendor_50,7908.68,Standard operational expense,5,1,Normal
4907,2018-01-02,7,Vendor_60,2177.11,Standard operational expense,1,1,Normal
4908,2020-05-13,5,Vendor_98,1299.7,Standard operational expense,5,1,Normal
4909,2020-10-06,7,Vendor_99,6237.28,Standard operational expense,10,1,Normal
4910,2020-11-26,3,Vendor_57,13685.77,Standard operational expense,11,1,Normal
4911,2024-12-16,6,Vendor_85,22005.96,Emergency Year-end Fund Utilization,12,1,Normal
4912,2023-01-12,4,Vendor_98,11219.36,Standard operational expense,1,1,Normal
4913,2018-01-19,3,Vendor_5,10763.54,Standard operational expense,1,1,Normal
4914,2019-02-14,3,Vendor_48,6734.89,Standard operational expense,2,1,Normal
4915,2019-09-16,8,Vendor_18,11298.55,Standard operational expense,9,1,Normal
4916,2024-02-10,5,Vendor_3,841.53,Standard operational expense,2,1,Normal
4917,2024-12-01,1,Vendor_65,10374.19,Standard operational expense,12,1,Normal
4918,2021-09-03,7,Vendor_19,5487.69,Standard operational expense,9,1,Normal
4919,2023-07-15,1,Vendor_52,1037.18,Standard operational expense,7,1,Normal
4920,2024-02-22,2,Vendor_75,3390.29,Standard operational expense,2,1,Normal
4921,2021-09-08,8,Vendor_85,14348.26,Standard operational expense,9,1,Normal
4922,2022-12-19,6,Vendor_11,84806.81999999999,Emergency Year-end Fund Utilization,12,-1,Anomaly
4923,2018-12-09,6,Vendor_77,42537.78,Emergency Year-end Fund Utilization,12,1,Normal
4924,2024-08-18,4,Vendor_13,6057.89,Standard operational expense,8,1,Normal
4925,2021-11-06,6,Vendor_85,63319.8,Emergency Year-end Fund Utilization,11,1,Normal
4926,2021-06-21,5,Vendor_48,14738.47,Standard operational expense,6,1,Normal
4927,2024-09-11,7,Vendor_75,11617.06,Standard operational expense,9,1,Normal
4928,2019-03-25,2,Vendor_37,3518.24,Standard operational expense,3,1,Normal
4929,2020-03-08,1,Vendor_47,13801.43,Standard operational expense,3,1,Normal
4930,2023-12-23,6,Vendor_6,7146.61,Standard operational expense,12,1,Normal
4931,2022-12-31,8,Vendor_46,7929.06,Standard operational expense,12,1,Normal
4932,2022-11-09,6,Vendor_67,16145.94,Emergency Year-end Fund Utilization,11,1,Normal
4933,2023-08-11,2,Vendor_63,11436.03,Standard operational expense,8,1,Normal
4934,2019-04-05,2,Vendor_44,8603.96,Standard operational expense,4,1,Normal
4935,2022-03-14,8,Vendor_88,1824.11,Standard operational expense,3,1,Normal
4936,2019-09-25,8,Vendor_95,10850.01,Standard operational expense,9,1,Normal
4937,2019-09-15,2,Vendor_94,12432.3,Standard operational expense,9,1,Normal
4938,2018-07-29,4,Vendor_89,10229.08,Standard operational expense,7,1,Normal
4939,2020-02-13,1,Vendor_60,2839.3,Standard operational expense,2,1,Normal
4940,2024-11-04,5,Vendor_92,12800.1,Standard operational expense,11,1,Normal
4941,2018-10-10,6,Vendor_63,13415.52,Emergency Year-end Fund Utilization,10,1,Normal
4942,2024-12-02,1,Vendor_18,2196.36,Standard operational expense,12,1,Normal
4943,2024-05-10,5,Vendor_14,3120.05,Standard operational expense,5,1,Normal
4944,2018-05-19,7,Vendor_86,6342.22,Standard operational expense,5,1,Normal
4945,2019-04-29,1,Vendor_14,779.48,Standard operational expense,4,1,Normal
4946,2023-01-23,5,Vendor_57,2106.65,Standard operational expense,1,1,Normal
4947,2019-10-06,3,Vendor_74,14921.83,Standard operational expense,10,1,Normal
4948,2024-08-19,4,Vendor_79,10187.81,Standard operational expense,8,1,Normal
4949,2022-03-24,4,Vendor_21,14046.01,Standard operational expense,3,1,Normal
4950,2024-06-26,5,Vendor_99,2880.04,Standard operational expense,6,1,Normal
4951,2024-03-22,4,Vendor_73,12921.3,Standard operational expense,3,1,Normal
4952,2023-07-08,1,Vendor_64,11542.27,Standard operational expense,7,1,Normal
4953,2020-02-07,8,Vendor_30,2805.5,Standard operational expense,2,1,Normal
4954,2022-03-23,8,Vendor_75,7879.45,Standard operational expense,3,1,Normal
4955,2021-01-26,4,Vendor_52,10497.29,Standard operational expense,1,1,Normal
4956,2024-09-24,2,Vendor_72,5779.1,Standard operational expense,9,1,Normal
4957,2019-11-18,6,Vendor_35,28581.120000000003,Emergency Year-end Fund Utilization,11,1,Normal
4958,2018-03-01,5,Vendor_76,5603.02,Standard operational expense,3,1,Normal
4959,2022-11-14,5,Vendor_72,4949.44,Standard operational expense,11,1,Normal
4960,2018-07-09,1,Vendor_40,4222.38,Standard operational expense,7,1,Normal
4961,2024-12-23,1,Vendor_38,4779.75,Standard operational expense,12,1,Normal
4962,2022-10-09,7,Vendor_85,8660.61,Standard operational expense,10,1,Normal
4963,2022-09-14,4,Vendor_39,2849.57,Standard operational expense,9,1,Normal
4964,2022-04-08,2,Vendor_92,4775.9,Standard operational expense,4,1,Normal
4965,2018-05-22,1,Vendor_58,8030.3,Standard operational expense,5,1,Normal
4966,2021-08-06,3,Vendor_10,9306.1,Standard operational expense,8,1,Normal
4967,2023-03-25,8,Vendor_7,10775.52,Standard operational expense,3,1,Normal
4968,2022-03-29,8,Vendor_5,6268.62,Standard operational expense,3,1,Normal
4969,2019-02-20,8,Vendor_22,8181.91,Standard operational expense,2,1,Normal
4970,2019-03-04,8,Vendor_78,10874.81,Standard operational expense,3,1,Normal
4971,2024-05-08,3,Vendor_15,10299.71,Standard operational expense,5,1,Normal
4972,2021-04-10,2,Vendor_99,4604.92,Standard operational expense,4,1,Normal
4973,2022-04-05,5,Vendor_74,7401.6,Standard operational expense,4,1,Normal
4974,2023-03-19,3,Vendor_6,3119.02,Standard operational expense,3,1,Normal
4975,2023-11-01,7,Vendor_28,3065.76,Standard operational expense,11,1,Normal
4976,2024-04-18,4,Vendor_80,9435.54,Standard operational expense,4,1,Normal
4977,2018-11-10,7,Vendor_36,11499.14,Standard operational expense,11,1,Normal
4978,2019-01-20,7,Vendor_75,6126.76,Standard operational expense,1,1,Normal
4979,2020-02-01,2,Vendor_88,10779.03,Standard operational expense,2,1,Normal
4980,2022-10-04,6,Vendor_23,13997.71,Standard operational expense,10,1,Normal
4981,2024-09-19,4,Vendor_56,10166.85,Standard operational expense,9,1,Normal
4982,2019-11-22,6,Vendor_71,2942.8,Standard operational expense,11,1,Normal
4983,2022-10-06,3,Vendor_5,12122.38,Standard operational expense,10,1,Normal
4984,2022-12-04,6,Vendor_71,12380.34,Emergency Year-end Fund Utilization,12,1,Normal
4985,2024-04-29,2,Vendor_72,13835.62,Standard operational expense,4,1,Normal
4986,2020-02-01,4,Vendor_14,278.94,Standard operational expense,2,1,Normal
4987,2022-10-25,6,Vendor_65,32115.18,Emergency Year-end Fund Utilization,10,1,Normal
4988,2018-07-12,1,Vendor_75,8201.15,Standard operational expense,7,1,Normal
4989,2024-09-23,4,Vendor_62,934.83,Standard operational expense,9,1,Normal
4990,2019-09-11,5,Vendor_72,11753.31,Standard operational expense,9,1,Normal
4991,2024-02-28,2,Vendor_81,14822.49,Standard operational expense,2,1,Normal
4992,2023-09-11,3,Vendor_5,2930.95,Standard operational expense,9,1,Normal
4993,2020-12-07,8,Vendor_16,5383.06,Standard operational expense,12,1,Normal
4994,2018-11-24,5,Vendor_25,10508.72,Standard operational expense,11,1,Normal
4995,2020-12-21,6,Vendor_34,50261.16,Emergency Year-end Fund Utilization,12,1,Normal
4996,2021-03-29,5,Vendor_66,2492.31,Standard operational expense,3,1,Normal
4997,2020-03-17,7,Vendor_8,375.14,Standard operational expense,3,1,Normal
4998,2018-04-06,7,Vendor_82,2903.41,Standard operational expense,4,1,Normal
4999,2021-04-15,1,Vendor_21,8945.76,Standard operational expense,4,1,Normal
5000,2018-05-12,4,Vendor_55,12842.99,Standard operational expense,5,1,Normal
5001,2022-12-16,7,Vendor_51,12647.42,Standard operational expense,12,1,Normal
5002,2021-03-27,8,Vendor_44,7949.36,Standard operational expense,3,1,Normal
5003,2019-03-19,7,Vendor_61,2473.0,Standard operational expense,3,1,Normal
5004,2018-03-21,2,Vendor_23,10883.82,Standard operational expense,3,1,Normal
5005,2024-07-08,7,Vendor_54,10196.44,Standard operational expense,7,1,Normal
5006,2018-08-07,4,Vendor_83,6036.54,Standard operational expense,8,1,Normal
5007,2020-07-23,3,Vendor_95,6935.06,Standard operational expense,7,1,Normal
5008,2020-05-26,2,Vendor_14,1072.3,Standard operational expense,5,1,Normal
5009,2023-06-17,7,Vendor_89,7761.69,Standard operational expense,6,1,Normal
5010,2024-12-27,4,Vendor_17,9919.61,Standard operational expense,12,1,Normal
5011,2018-11-11,4,Vendor_82,12897.79,Standard operational expense,11,1,Normal
5012,2022-06-29,8,Vendor_2,2083.98,Standard operational expense,6,1,Normal
5013,2023-11-25,6,Vendor_81,80147.88,Emergency Year-end Fund Utilization,11,-1,Anomaly
5014,2022-05-17,3,Vendor_59,13898.61,Standard operational expense,5,1,Normal
5015,2018-09-22,5,Vendor_52,10745.28,Standard operational expense,9,1,Normal
5016,2021-12-20,6,Vendor_68,19435.5,Emergency Year-end Fund Utilization,12,1,Normal
5017,2018-10-26,1,Vendor_23,2881.59,Standard operational expense,10,1,Normal
5018,2023-09-10,1,Vendor_65,2919.21,Standard operational expense,9,1,Normal
5019,2020-04-06,8,Vendor_88,8544.79,Standard operational expense,4,1,Normal
5020,2019-04-26,2,Vendor_96,9312.5,Standard operational expense,4,1,Normal
5021,2021-12-23,6,Vendor_14,14563.85,Standard operational expense,12,1,Normal
5022,2018-06-11,4,Vendor_39,8892.39,Standard operational expense,6,1,Normal
5023,2018-10-27,4,Vendor_50,4474.43,Standard operational expense,10,1,Normal
5024,2024-01-13,4,Vendor_60,5095.19,Standard operational expense,1,1,Normal
5025,2022-04-01,5,Vendor_36,4251.56,Standard operational expense,4,1,Normal
5026,2022-08-17,8,Vendor_22,7324.58,Standard operational expense,8,1,Normal
5027,2023-03-27,1,Vendor_49,12075.95,Standard operational expense,3,1,Normal
5028,2024-07-29,2,Vendor_7,10079.83,Standard operational expense,7,1,Normal
5029,2020-02-06,4,Vendor_94,10553.83,Standard operational expense,2,1,Normal
5030,2021-12-08,3,Vendor_67,13967.55,Standard operational expense,12,1,Normal
5031,2022-01-13,8,Vendor_79,13311.38,Standard operational expense,1,1,Normal
5032,2018-09-30,8,Vendor_5,3532.58,Standard operational expense,9,1,Normal
5033,2024-06-15,5,Vendor_67,5531.06,Standard operational expense,6,1,Normal
5034,2022-11-22,3,Vendor_64,6051.06,Standard operational expense,11,1,Normal
5035,2019-07-16,5,Vendor_22,3022.48,Standard operational expense,7,1,Normal
5036,2019-11-02,6,Vendor_78,58331.4,Emergency Year-end Fund Utilization,11,1,Normal
5037,2018-08-19,1,Vendor_81,12950.02,Standard operational expense,8,1,Normal
5038,2024-05-14,5,Vendor_93,1936.2,Standard operational expense,5,1,Normal
5039,2020-10-30,2,Vendor_80,3568.31,Standard operational expense,10,1,Normal
5040,2020-01-24,1,Vendor_19,6278.88,Standard operational expense,1,1,Normal
5041,2018-02-24,4,Vendor_81,429.89,Standard operational expense,2,1,Normal
5042,2022-04-13,3,Vendor_40,13268.0,Standard operational expense,4,1,Normal
5043,2024-05-21,4,Vendor_74,6257.02,Standard operational expense,5,1,Normal
5044,2021-11-20,8,Vendor_25,8985.76,Standard operational expense,11,1,Normal
5045,2021-03-22,5,Vendor_9,8730.4,Standard operational expense,3,1,Normal
5046,2021-03-12,8,Vendor_90,7460.37,Standard operational expense,3,1,Normal
5047,2024-03-17,7,Vendor_99,1222.63,Standard operational expense,3,1,Normal
5048,2019-10-01,8,Vendor_13,10298.05,Standard operational expense,10,1,Normal
5049,2020-06-10,4,Vendor_83,11882.15,Standard operational expense,6,1,Normal
5050,2020-07-14,8,Vendor_66,5034.71,Standard operational expense,7,1,Normal
5051,2024-08-02,4,Vendor_93,2144.54,Standard operational expense,8,1,Normal
5052,2018-01-01,3,Vendor_64,9811.44,Standard operational expense,1,1,Normal
5053,2019-12-09,6,Vendor_84,586.56,Standard operational expense,12,1,Normal
5054,2020-05-07,7,Vendor_29,4434.51,Standard operational expense,5,1,Normal
5055,2020-07-07,2,Vendor_97,11749.42,Standard operational expense,7,1,Normal
5056,2018-11-05,1,Vendor_61,5520.41,Standard operational expense,11,1,Normal
5057,2018-07-04,5,Vendor_37,10139.83,Standard operational expense,7,1,Normal
5058,2021-11-15,8,Vendor_68,3811.24,Standard operational expense,11,1,Normal
5059,2018-10-04,5,Vendor_86,14043.42,Standard operational expense,10,1,Normal
5060,2019-10-23,6,Vendor_75,22937.16,Emergency Year-end Fund Utilization,10,1,Normal
5061,2023-12-04,6,Vendor_54,35111.16,Emergency Year-end Fund Utilization,12,1,Normal
5062,2019-04-06,3,Vendor_54,14158.2,Standard operational expense,4,1,Normal
5063,2024-05-13,5,Vendor_28,5566.34,Standard operational expense,5,1,Normal
5064,2022-03-03,7,Vendor_65,3096.14,Standard operational expense,3,1,Normal
5065,2023-11-30,7,Vendor_20,10899.99,Standard operational expense,11,1,Normal
5066,2021-08-05,1,Vendor_69,7722.19,Standard operational expense,8,1,Normal
5067,2022-09-18,7,Vendor_36,4579.42,Standard operational expense,9,1,Normal
5068,2021-06-26,4,Vendor_63,11780.29,Standard operational expense,6,1,Normal
5069,2022-03-16,5,Vendor_53,13098.9,Standard operational expense,3,1,Normal
5070,2020-05-12,3,Vendor_76,12192.22,Standard operational expense,5,1,Normal
5071,2019-03-10,4,Vendor_15,8093.12,Standard operational expense,3,1,Normal
5072,2020-09-14,8,Vendor_69,5834.36,Standard operational expense,9,1,Normal
5073,2022-05-22,5,Vendor_21,10105.3,Standard operational expense,5,1,Normal
5074,2018-04-21,1,Vendor_64,3206.57,Standard operational expense,4,1,Normal
5075,2021-10-09,2,Vendor_13,8214.12,Standard operational expense,10,1,Normal
5076,2021-03-22,7,Vendor_86,5051.82,Standard operational expense,3,1,Normal
5077,2019-11-25,7,Vendor_68,7711.06,Standard operational expense,11,1,Normal
5078,2022-02-13,7,Vendor_32,6845.61,Standard operational expense,2,1,Normal
5079,2021-06-06,8,Vendor_97,10049.56,Standard operational expense,6,1,Normal
5080,2024-11-25,1,Vendor_28,7223.13,Standard operational expense,11,1,Normal
5081,2020-03-21,1,Vendor_38,6039.57,Standard operational expense,3,1,Normal
5082,2018-10-18,2,Vendor_54,863.47,Standard operational expense,10,1,Normal
5083,2024-12-04,8,Vendor_22,2389.77,Standard operational expense,12,1,Normal
5084,2018-01-16,5,Vendor_62,13819.43,Standard operational expense,1,1,Normal
5085,2021-01-06,8,Vendor_83,3942.18,Standard operational expense,1,1,Normal
5086,2018-08-02,1,Vendor_49,14372.9,Standard operational expense,8,1,Normal
5087,2022-04-18,3,Vendor_70,2654.34,Standard operational expense,4,1,Normal
5088,2019-01-15,7,Vendor_97,13023.45,Standard operational expense,1,1,Normal
5089,2020-11-13,3,Vendor_23,12470.46,Standard operational expense,11,1,Normal
5090,2019-11-04,1,Vendor_56,10499.84,Standard operational expense,11,1,Normal
5091,2021-12-07,7,Vendor_18,1347.49,Standard operational expense,12,1,Normal
5092,2023-10-08,6,Vendor_65,49143.18,Emergency Year-end Fund Utilization,10,1,Normal
5093,2024-04-05,2,Vendor_32,9850.46,Standard operational expense,4,1,Normal
5094,2023-08-20,3,Vendor_69,13753.84,Standard operational expense,8,1,Normal
5095,2023-12-27,3,Vendor_74,10943.56,Standard operational expense,12,1,Normal
5096,2022-06-27,1,Vendor_8,12128.98,Standard operational expense,6,1,Normal
5097,2020-07-08,7,Vendor_19,13045.88,Standard operational expense,7,1,Normal
5098,2020-02-09,7,Vendor_17,400.9,Standard operational expense,2,1,Normal
5099,2018-11-13,3,Vendor_85,10782.96,Standard operational expense,11,1,Normal
5100,2023-03-10,2,Vendor_20,6736.54,Standard operational expense,3,1,Normal
5101,2021-12-21,7,Vendor_21,6861.86,Standard operational expense,12,1,Normal
5102,2024-10-10,6,Vendor_8,67006.74,Emergency Year-end Fund Utilization,10,1,Normal
5103,2023-10-17,3,Vendor_71,6822.4,Standard operational expense,10,1,Normal
5104,2019-05-29,1,Vendor_7,291.58,Standard operational expense,5,1,Normal
5105,2022-06-12,5,Vendor_18,3672.19,Standard operational expense,6,1,Normal
5106,2020-05-05,2,Vendor_33,11324.13,Standard operational expense,5,1,Normal
5107,2019-08-08,1,Vendor_71,5541.73,Standard operational expense,8,1,Normal
5108,2018-07-15,4,Vendor_96,3460.0,Standard operational expense,7,1,Normal
5109,2019-07-10,8,Vendor_10,5337.46,Standard operational expense,7,1,Normal
5110,2018-12-25,4,Vendor_18,2786.38,Standard operational expense,12,1,Normal
5111,2023-08-26,1,Vendor_25,5954.87,Standard operational expense,8,1,Normal
5112,2021-02-23,8,Vendor_94,5817.46,Standard operational expense,2,1,Normal
5113,2020-12-02,6,Vendor_48,9552.78,Emergency Year-end Fund Utilization,12,1,Normal
5114,2022-10-30,6,Vendor_18,6763.58,Standard operational expense,10,1,Normal
5115,2023-10-05,7,Vendor_26,9628.08,Standard operational expense,10,1,Normal
5116,2022-05-16,8,Vendor_32,7419.89,Standard operational expense,5,1,Normal
5117,2020-06-26,8,Vendor_71,12863.43,Standard operational expense,6,1,Normal
5118,2021-09-27,3,Vendor_45,14901.96,Standard operational expense,9,1,Normal
5119,2020-10-13,3,Vendor_13,8451.58,Standard operational expense,10,1,Normal
5120,2024-11-02,8,Vendor_36,6344.67,Standard operational expense,11,1,Normal
5121,2019-10-13,6,Vendor_81,1135.35,Standard operational expense,10,1,Normal
5122,2020-12-12,6,Vendor_29,23988.84,Emergency Year-end Fund Utilization,12,1,Normal
5123,2019-11-10,6,Vendor_74,60549.84,Emergency Year-end Fund Utilization,11,1,Normal
5124,2020-06-03,1,Vendor_77,8994.76,Standard operational expense,6,1,Normal
5125,2021-10-13,3,Vendor_95,7751.48,Standard operational expense,10,1,Normal
5126,2019-07-01,7,Vendor_72,12884.4,Standard operational expense,7,1,Normal
5127,2020-05-14,8,Vendor_98,13475.26,Standard operational expense,5,1,Normal
5128,2019-01-27,3,Vendor_77,11583.86,Standard operational expense,1,1,Normal
5129,2020-12-13,5,Vendor_75,6114.17,Standard operational expense,12,1,Normal
5130,2024-12-28,6,Vendor_98,12307.85,Standard operational expense,12,1,Normal
5131,2018-12-30,7,Vendor_89,10701.54,Standard operational expense,12,1,Normal
5132,2021-08-20,3,Vendor_17,10357.48,Standard operational expense,8,1,Normal
5133,2023-11-21,6,Vendor_26,5931.6,Emergency Year-end Fund Utilization,11,1,Normal
5134,2022-12-20,6,Vendor_42,53939.52,Emergency Year-end Fund Utilization,12,1,Normal
5135,2023-07-26,5,Vendor_76,3243.44,Standard operational expense,7,1,Normal
5136,2023-10-09,6,Vendor_97,22723.62,Emergency Year-end Fund Utilization,10,1,Normal
5137,2018-04-28,5,Vendor_8,6678.63,Standard operational expense,4,1,Normal
5138,2021-01-05,8,Vendor_18,7448.61,Standard operational expense,1,1,Normal
5139,2023-03-06,5,Vendor_68,11290.26,Standard operational expense,3,1,Normal
5140,2019-08-18,2,Vendor_95,5865.6,Standard operational expense,8,1,Normal
5141,2024-01-21,4,Vendor_63,11264.43,Standard operational expense,1,1,Normal
5142,2019-10-02,7,Vendor_58,13902.9,Standard operational expense,10,1,Normal
5143,2024-03-05,3,Vendor_87,4414.19,Standard operational expense,3,1,Normal
5144,2020-03-14,8,Vendor_45,1853.38,Standard operational expense,3,1,Normal
5145,2021-05-28,3,Vendor_58,7867.88,Standard operational expense,5,1,Normal
5146,2022-11-04,1,Vendor_39,10135.4,Standard operational expense,11,1,Normal
5147,2024-04-21,5,Vendor_1,11556.13,Standard operational expense,4,1,Normal
5148,2024-10-30,3,Vendor_30,14689.38,Standard operational expense,10,1,Normal
5149,2022-12-19,7,Vendor_89,3803.38,Standard operational expense,12,1,Normal
5150,2021-03-27,8,Vendor_36,13701.59,Standard operational expense,3,1,Normal
5151,2021-02-15,8,Vendor_68,9589.79,Standard operational expense,2,1,Normal
5152,2018-12-25,3,Vendor_59,2960.44,Standard operational expense,12,1,Normal
5153,2024-01-21,5,Vendor_85,9268.36,Standard operational expense,1,1,Normal
5154,2022-06-13,1,Vendor_11,1883.94,Standard operational expense,6,1,Normal
5155,2020-10-20,4,Vendor_26,12881.23,Standard operational expense,10,1,Normal
5156,2021-03-11,8,Vendor_10,3219.78,Standard operational expense,3,1,Normal
5157,2023-09-10,7,Vendor_26,3682.64,Standard operational expense,9,1,Normal
5158,2020-02-27,5,Vendor_73,9621.58,Standard operational expense,2,1,Normal
5159,2020-04-26,1,Vendor_24,14391.98,Standard operational expense,4,1,Normal
5160,2018-05-20,4,Vendor_78,3029.15,Standard operational expense,5,1,Normal
5161,2022-10-16,8,Vendor_83,12465.78,Standard operational expense,10,1,Normal
5162,2024-08-19,3,Vendor_53,7923.81,Standard operational expense,8,1,Normal
5163,2021-06-09,4,Vendor_99,14649.96,Standard operational expense,6,1,Normal
5164,2023-09-21,5,Vendor_16,8707.1,Standard operational expense,9,1,Normal
5165,2023-10-18,5,Vendor_98,14910.57,Standard operational expense,10,1,Normal
5166,2022-12-03,3,Vendor_15,13689.81,Standard operational expense,12,1,Normal
5167,2022-12-11,7,Vendor_90,2919.64,Standard operational expense,12,1,Normal
5168,2021-06-17,1,Vendor_52,5500.7,Standard operational expense,6,1,Normal
5169,2018-12-21,6,Vendor_77,8781.07,Standard operational expense,12,1,Normal
5170,2022-10-27,5,Vendor_98,9653.87,Standard operational expense,10,1,Normal
5171,2018-12-20,3,Vendor_50,5503.62,Standard operational expense,12,1,Normal
5172,2024-05-18,3,Vendor_5,2012.75,Standard operational expense,5,1,Normal
5173,2023-06-27,4,Vendor_80,12589.99,Standard operational expense,6,1,Normal
5174,2023-10-12,1,Vendor_30,4539.57,Standard operational expense,10,1,Normal
5175,2020-05-03,3,Vendor_19,3584.34,Standard operational expense,5,1,Normal
5176,2019-03-02,4,Vendor_79,9163.96,Standard operational expense,3,1,Normal
5177,2018-11-21,6,Vendor_24,21453.96,Emergency Year-end Fund Utilization,11,1,Normal
5178,2024-02-24,1,Vendor_95,6165.57,Standard operational expense,2,1,Normal
5179,2024-03-25,7,Vendor_21,2744.35,Standard operational expense,3,1,Normal
5180,2020-12-17,2,Vendor_43,12735.62,Standard operational expense,12,1,Normal
5181,2019-01-30,1,Vendor_61,8092.81,Standard operational expense,1,1,Normal
5182,2019-03-22,1,Vendor_64,6085.47,Standard operational expense,3,1,Normal
5183,2023-11-05,1,Vendor_1,14968.48,Standard operational expense,11,1,Normal
5184,2022-12-19,6,Vendor_51,10494.76,Standard operational expense,12,1,Normal
5185,2021-05-10,7,Vendor_36,3700.2,Standard operational expense,5,1,Normal
5186,2018-11-21,5,Vendor_91,5299.95,Standard operational expense,11,1,Normal
5187,2022-08-16,8,Vendor_89,7234.61,Standard operational expense,8,1,Normal
5188,2020-09-27,4,Vendor_93,1233.73,Standard operational expense,9,1,Normal
5189,2018-08-28,2,Vendor_82,6571.65,Standard operational expense,8,1,Normal
5190,2021-06-02,8,Vendor_62,2960.26,Standard operational expense,6,1,Normal
5191,2020-05-24,2,Vendor_68,2652.11,Standard operational expense,5,1,Normal
5192,2023-05-25,1,Vendor_24,3573.89,Standard operational expense,5,1,Normal
5193,2022-12-22,4,Vendor_36,11762.76,Standard operational expense,12,1,Normal
5194,2022-07-07,4,Vendor_18,13398.42,Standard operational expense,7,1,Normal
5195,2024-11-24,6,Vendor_12,2389.32,Emergency Year-end Fund Utilization,11,1,Normal
5196,2024-12-20,7,Vendor_25,5102.03,Standard operational expense,12,1,Normal
5197,2023-06-24,5,Vendor_73,8835.39,Standard operational expense,6,1,Normal
5198,2023-12-04,6,Vendor_9,29706.54,Emergency Year-end Fund Utilization,12,1,Normal
5199,2019-04-18,8,Vendor_55,7097.76,Standard operational expense,4,1,Normal
5200,2018-02-07,3,Vendor_59,4162.75,Standard operational expense,2,1,Normal
5201,2022-12-08,6,Vendor_47,88981.79999999999,Emergency Year-end Fund Utilization,12,-1,Anomaly
5202,2018-04-13,7,Vendor_51,8506.85,Standard operational expense,4,1,Normal
5203,2023-10-15,7,Vendor_38,280.85,Standard operational expense,10,1,Normal
5204,2024-12-24,5,Vendor_24,2153.26,Standard operational expense,12,1,Normal
5205,2024-10-26,6,Vendor_97,69007.98,Emergency Year-end Fund Utilization,10,-1,Anomaly
5206,2018-04-18,7,Vendor_57,9416.73,Standard operational expense,4,1,Normal
5207,2018-12-01,4,Vendor_36,7223.79,Standard operational expense,12,1,Normal
5208,2023-01-23,7,Vendor_72,1327.83,Standard operational expense,1,1,Normal
5209,2024-10-03,6,Vendor_70,24264.06,Emergency Year-end Fund Utilization,10,1,Normal
5210,2020-10-20,6,Vendor_29,70541.76,Emergency Year-end Fund Utilization,10,-1,Anomaly
5211,2020-01-09,2,Vendor_94,11880.03,Standard operational expense,1,1,Normal
5212,2018-04-27,7,Vendor_97,9697.85,Standard operational expense,4,1,Normal
5213,2024-09-16,5,Vendor_36,13897.27,Standard operational expense,9,1,Normal
5214,2023-04-08,3,Vendor_28,13344.43,Standard operational expense,4,1,Normal
5215,2024-12-02,1,Vendor_9,10726.15,Standard operational expense,12,1,Normal
5216,2019-12-16,6,Vendor_91,9867.82,Standard operational expense,12,1,Normal
5217,2024-08-25,4,Vendor_48,585.42,Standard operational expense,8,1,Normal
5218,2019-04-30,5,Vendor_56,2329.01,Standard operational expense,4,1,Normal
5219,2024-01-14,5,Vendor_18,2251.92,Standard operational expense,1,1,Normal
5220,2021-04-13,4,Vendor_62,6469.66,Standard operational expense,4,1,Normal
5221,2018-03-15,8,Vendor_3,11803.82,Standard operational expense,3,1,Normal
5222,2024-01-12,7,Vendor_2,1841.86,Standard operational expense,1,1,Normal
5223,2024-01-31,2,Vendor_33,9826.99,Standard operational expense,1,1,Normal
5224,2018-07-05,7,Vendor_11,12842.93,Standard operational expense,7,1,Normal
5225,2019-10-02,6,Vendor_7,4719.03,Standard operational expense,10,1,Normal
5226,2018-07-21,5,Vendor_94,8382.48,Standard operational expense,7,1,Normal
5227,2019-04-17,3,Vendor_15,5278.71,Standard operational expense,4,1,Normal
5228,2022-11-27,6,Vendor_50,43763.88,Emergency Year-end Fund Utilization,11,1,Normal
5229,2023-11-30,2,Vendor_50,11888.28,Standard operational expense,11,1,Normal
5230,2019-04-06,7,Vendor_98,14032.16,Standard operational expense,4,1,Normal
5231,2018-02-28,4,Vendor_4,1241.14,Standard operational expense,2,1,Normal
5232,2019-05-13,8,Vendor_49,6962.84,Standard operational expense,5,1,Normal
5233,2023-10-16,6,Vendor_9,8972.99,Standard operational expense,10,1,Normal
5234,2024-05-13,1,Vendor_16,5938.11,Standard operational expense,5,1,Normal
5235,2024-01-01,3,Vendor_56,621.48,Standard operational expense,1,1,Normal
5236,2018-11-22,6,Vendor_78,77690.1,Emergency Year-end Fund Utilization,11,-1,Anomaly
5237,2020-01-20,4,Vendor_48,10432.58,Standard operational expense,1,1,Normal
5238,2022-07-21,1,Vendor_59,4953.82,Standard operational expense,7,1,Normal
5239,2018-12-15,3,Vendor_66,6628.02,Standard operational expense,12,1,Normal
5240,2021-03-24,8,Vendor_40,14907.17,Standard operational expense,3,1,Normal
5241,2024-01-02,2,Vendor_6,7562.96,Standard operational expense,1,1,Normal
5242,2020-02-25,1,Vendor_95,2925.75,Standard operational expense,2,1,Normal
5243,2019-07-08,5,Vendor_28,8264.72,Standard operational expense,7,1,Normal
5244,2019-12-06,8,Vendor_23,5596.38,Standard operational expense,12,1,Normal
5245,2020-08-10,7,Vendor_90,11283.9,Standard operational expense,8,1,Normal
5246,2020-05-12,2,Vendor_16,9203.51,Standard operational expense,5,1,Normal
5247,2019-01-10,5,Vendor_10,915.62,Standard operational expense,1,1,Normal
5248,2019-07-10,7,Vendor_98,7945.68,Standard operational expense,7,1,Normal
5249,2023-01-17,4,Vendor_92,5214.4,Standard operational expense,1,1,Normal
5250,2021-08-31,5,Vendor_50,2828.72,Standard operational expense,8,1,Normal
5251,2019-12-14,6,Vendor_63,65173.98,Emergency Year-end Fund Utilization,12,1,Normal
5252,2021-03-06,4,Vendor_63,1251.35,Standard operational expense,3,1,Normal
5253,2018-03-13,3,Vendor_13,8150.87,Standard operational expense,3,1,Normal
5254,2020-06-23,7,Vendor_62,8335.37,Standard operational expense,6,1,Normal
5255,2021-07-11,7,Vendor_45,6173.22,Standard operational expense,7,1,Normal
5256,2022-11-08,7,Vendor_57,13351.86,Standard operational expense,11,1,Normal
5257,2020-08-07,3,Vendor_94,8881.29,Standard operational expense,8,1,Normal
5258,2022-08-01,1,Vendor_18,12680.57,Standard operational expense,8,1,Normal
5259,2022-05-04,7,Vendor_73,7232.66,Standard operational expense,5,1,Normal
5260,2023-12-06,8,Vendor_55,1666.28,Standard operational expense,12,1,Normal
5261,2021-03-22,7,Vendor_11,10894.46,Standard operational expense,3,1,Normal
5262,2023-12-01,6,Vendor_74,7967.7,Standard operational expense,12,1,Normal
5263,2019-03-07,4,Vendor_9,4421.76,Standard operational expense,3,1,Normal
5264,2020-01-15,4,Vendor_53,10648.91,Standard operational expense,1,1,Normal
5265,2019-09-14,3,Vendor_53,11871.82,Standard operational expense,9,1,Normal
5266,2019-02-16,2,Vendor_19,10676.42,Standard operational expense,2,1,Normal
5267,2018-11-03,6,Vendor_71,76965.18000000001,Emergency Year-end Fund Utilization,11,-1,Anomaly
5268,2023-03-15,8,Vendor_37,13677.55,Standard operational expense,3,1,Normal
5269,2022-10-05,2,Vendor_36,3200.39,Standard operational expense,10,1,Normal
5270,2024-09-02,8,Vendor_22,13807.5,Standard operational expense,9,1,Normal
5271,2020-12-05,8,Vendor_46,4569.87,Standard operational expense,12,1,Normal
5272,2019-06-24,7,Vendor_29,11216.79,Standard operational expense,6,1,Normal
5273,2018-09-22,1,Vendor_63,10611.19,Standard operational expense,9,1,Normal
5274,2022-01-13,8,Vendor_70,12149.86,Standard operational expense,1,1,Normal
5275,2021-04-21,5,Vendor_79,11523.42,Standard operational expense,4,1,Normal
5276,2021-12-11,2,Vendor_12,5298.11,Standard operational expense,12,1,Normal
5277,2019-07-09,5,Vendor_29,4498.9,Standard operational expense,7,1,Normal
5278,2024-09-04,4,Vendor_60,3122.33,Standard operational expense,9,1,Normal
5279,2019-04-27,5,Vendor_57,2879.18,Standard operational expense,4,1,Normal
5280,2019-07-20,4,Vendor_4,3575.49,Standard operational expense,7,1,Normal
5281,2021-05-03,1,Vendor_78,14319.89,Standard operational expense,5,1,Normal
5282,2024-01-23,8,Vendor_37,1180.23,Standard operational expense,1,1,Normal
5283,2020-10-23,3,Vendor_88,9929.79,Standard operational expense,10,1,Normal
5284,2022-01-12,4,Vendor_9,7003.6,Standard operational expense,1,1,Normal
5285,2024-07-09,4,Vendor_42,11294.48,Standard operational expense,7,1,Normal
5286,2023-11-13,6,Vendor_89,36225.24,Emergency Year-end Fund Utilization,11,1,Normal
5287,2024-10-22,6,Vendor_97,88542.06,Emergency Year-end Fund Utilization,10,-1,Anomaly
5288,2022-10-15,2,Vendor_17,6008.8,Standard operational expense,10,1,Normal
5289,2023-06-30,4,Vendor_99,9886.23,Standard operational expense,6,1,Normal
5290,2020-06-28,1,Vendor_41,153.74,Standard operational expense,6,1,Normal
5291,2019-06-15,8,Vendor_89,1992.61,Standard operational expense,6,1,Normal
5292,2023-12-18,8,Vendor_94,9885.03,Standard operational expense,12,1,Normal
5293,2020-08-04,2,Vendor_80,1775.36,Standard operational expense,8,1,Normal
5294,2023-12-29,8,Vendor_56,4042.41,Standard operational expense,12,1,Normal
5295,2024-11-08,8,Vendor_45,2044.77,Standard operational expense,11,1,Normal
5296,2019-04-18,3,Vendor_21,8334.26,Standard operational expense,4,1,Normal
5297,2024-10-22,8,Vendor_41,9896.35,Standard operational expense,10,1,Normal
5298,2020-10-17,6,Vendor_44,88253.04000000001,Emergency Year-end Fund Utilization,10,-1,Anomaly
5299,2019-02-23,3,Vendor_74,10569.33,Standard operational expense,2,1,Normal
5300,2024-02-28,3,Vendor_92,8017.83,Standard operational expense,2,1,Normal
5301,2023-04-14,2,Vendor_99,7404.43,Standard operational expense,4,1,Normal
5302,2023-05-11,8,Vendor_75,4926.69,Standard operational expense,5,1,Normal
5303,2021-11-02,5,Vendor_56,9409.62,Standard operational expense,11,1,Normal
5304,2020-03-23,4,Vendor_54,13235.19,Standard operational expense,3,1,Normal
5305,2018-02-06,3,Vendor_14,10202.17,Standard operational expense,2,1,Normal
5306,2021-06-05,4,Vendor_42,1531.53,Standard operational expense,6,1,Normal
5307,2018-01-23,7,Vendor_4,6961.59,Standard operational expense,1,1,Normal
5308,2019-03-01,4,Vendor_61,4398.03,Standard operational expense,3,1,Normal
5309,2021-12-26,6,Vendor_76,18050.34,Emergency Year-end Fund Utilization,12,1,Normal
5310,2021-07-28,3,Vendor_65,656.05,Standard operational expense,7,1,Normal
5311,2024-04-30,7,Vendor_82,3676.57,Standard operational expense,4,1,Normal
5312,2021-06-15,3,Vendor_4,726.34,Standard operational expense,6,1,Normal
5313,2023-03-15,5,Vendor_56,5474.48,Standard operational expense,3,1,Normal
5314,2024-02-19,3,Vendor_56,8998.94,Standard operational expense,2,1,Normal
5315,2018-03-25,7,Vendor_66,8209.32,Standard operational expense,3,1,Normal
5316,2019-06-06,7,Vendor_51,925.32,Standard operational expense,6,1,Normal
5317,2024-04-10,3,Vendor_62,6102.7,Standard operational expense,4,1,Normal
5318,2019-01-28,1,Vendor_39,5679.3,Standard operational expense,1,1,Normal
5319,2019-12-16,8,Vendor_66,8840.98,Standard operational expense,12,1,Normal
5320,2018-09-23,5,Vendor_80,150.26,Standard operational expense,9,1,Normal
5321,2022-06-07,3,Vendor_6,154.34,Standard operational expense,6,1,Normal
5322,2021-09-11,8,Vendor_13,7016.51,Standard operational expense,9,1,Normal
5323,2020-11-24,6,Vendor_67,2740.82,Standard operational expense,11,1,Normal
5324,2022-12-31,4,Vendor_11,9837.78,Standard operational expense,12,1,Normal
5325,2024-05-10,3,Vendor_21,8274.63,Standard operational expense,5,1,Normal
5326,2021-12-12,8,Vendor_48,6195.23,Standard operational expense,12,1,Normal
5327,2019-07-20,2,Vendor_1,6544.0,Standard operational expense,7,1,Normal
5328,2018-09-19,3,Vendor_43,1727.04,Standard operational expense,9,1,Normal
5329,2021-05-05,4,Vendor_85,14153.13,Standard operational expense,5,1,Normal
5330,2024-06-07,4,Vendor_8,104.62,Standard operational expense,6,1,Normal
5331,2023-09-13,4,Vendor_34,5489.19,Standard operational expense,9,1,Normal
5332,2022-12-18,6,Vendor_25,6939.18,Emergency Year-end Fund Utilization,12,1,Normal
5333,2021-11-07,1,Vendor_71,8112.22,Standard operational expense,11,1,Normal
5334,2018-03-25,1,Vendor_46,8661.05,Standard operational expense,3,1,Normal
5335,2020-07-20,2,Vendor_78,2840.27,Standard operational expense,7,1,Normal
5336,2021-08-27,3,Vendor_79,7176.43,Standard operational expense,8,1,Normal
5337,2023-10-11,6,Vendor_64,4085.82,Emergency Year-end Fund Utilization,10,1,Normal
5338,2022-11-29,5,Vendor_14,5295.35,Standard operational expense,11,1,Normal
5339,2023-12-08,6,Target_Vendor_A,126000.0,Emergency Year-end Fund Utilization,12,-1,Anomaly
5340,2020-02-21,7,Vendor_85,11710.16,Standard operational expense,2,1,Normal
5341,2023-08-19,4,Vendor_79,6441.76,Standard operational expense,8,1,Normal
5342,2024-10-16,1,Vendor_75,6309.11,Standard operational expense,10,1,Normal
5343,2023-08-03,8,Vendor_67,5823.99,Standard operational expense,8,1,Normal
5344,2024-10-03,1,Vendor_11,9854.67,Standard operational expense,10,1,Normal
5345,2019-09-30,8,Vendor_17,10447.75,Standard operational expense,9,1,Normal
5346,2024-10-29,2,Vendor_48,8321.67,Standard operational expense,10,1,Normal
5347,2018-12-06,6,Vendor_14,13456.21,Standard operational expense,12,1,Normal
5348,2020-10-31,4,Vendor_5,9275.27,Standard operational expense,10,1,Normal
5349,2020-04-02,2,Vendor_97,1540.68,Standard operational expense,4,1,Normal
5350,2019-10-01,6,Vendor_73,14697.41,Standard operational expense,10,1,Normal
5351,2023-12-19,2,Vendor_71,3569.67,Standard operational expense,12,1,Normal
5352,2018-10-17,6,Vendor_50,89710.56,Emergency Year-end Fund Utilization,10,-1,Anomaly
5353,2024-11-16,8,Vendor_71,9453.97,Standard operational expense,11,1,Normal
5354,2018-12-01,8,Vendor_71,6603.66,Standard operational expense,12,1,Normal
5355,2020-10-12,8,Vendor_81,5189.07,Standard operational expense,10,1,Normal
5356,2023-11-05,8,Vendor_57,8272.25,Standard operational expense,11,1,Normal
5357,2022-09-12,2,Vendor_96,12184.14,Standard operational expense,9,1,Normal
5358,2019-08-28,3,Vendor_2,9258.17,Standard operational expense,8,1,Normal
5359,2023-06-05,3,Vendor_20,3746.91,Standard operational expense,6,1,Normal
5360,2021-08-01,1,Vendor_22,4218.52,Standard operational expense,8,1,Normal
5361,2024-11-24,6,Vendor_31,63147.36,Emergency Year-end Fund Utilization,11,1,Normal
5362,2019-12-03,7,Vendor_63,2201.64,Standard operational expense,12,1,Normal
5363,2021-11-24,1,Vendor_88,4738.37,Standard operational expense,11,1,Normal
5364,2022-12-15,5,Vendor_68,9163.63,Standard operational expense,12,1,Normal
5365,2019-10-14,1,Vendor_63,10925.73,Standard operational expense,10,1,Normal
5366,2023-10-04,6,Vendor_27,84219.6,Emergency Year-end Fund Utilization,10,-1,Anomaly
5367,2020-01-16,3,Vendor_25,3158.68,Standard operational expense,1,1,Normal
5368,2024-10-01,8,Vendor_54,11909.55,Standard operational expense,10,1,Normal
5369,2022-12-02,4,Vendor_54,4172.35,Standard operational expense,12,1,Normal
5370,2024-03-13,4,Vendor_70,11433.65,Standard operational expense,3,1,Normal
5371,2022-07-26,2,Vendor_85,7522.41,Standard operational expense,7,1,Normal
5372,2019-11-11,7,Vendor_31,12057.97,Standard operational expense,11,1,Normal
5373,2018-08-07,1,Vendor_77,7482.53,Standard operational expense,8,1,Normal
5374,2024-09-24,3,Vendor_13,8689.25,Standard operational expense,9,1,Normal
5375,2019-03-23,4,Vendor_3,5548.07,Standard operational expense,3,1,Normal
5376,2019-09-30,3,Vendor_49,11625.44,Standard operational expense,9,1,Normal
5377,2024-02-12,5,Vendor_2,2735.26,Standard operational expense,2,1,Normal
5378,2018-07-13,7,Vendor_31,3859.14,Standard operational expense,7,1,Normal
5379,2022-02-14,3,Vendor_73,1817.36,Standard operational expense,2,1,Normal
5380,2019-06-20,5,Vendor_83,457.54,Standard operational expense,6,1,Normal
5381,2019-04-03,3,Vendor_78,14781.64,Standard operational expense,4,1,Normal
5382,2018-02-09,8,Vendor_4,1495.21,Standard operational expense,2,1,Normal
5383,2023-11-26,4,Vendor_5,7638.17,Standard operational expense,11,1,Normal
5384,2022-06-30,8,Vendor_14,5192.19,Standard operational expense,6,1,Normal
5385,2018-12-24,6,Vendor_27,58835.22,Emergency Year-end Fund Utilization,12,1,Normal
5386,2023-10-03,2,Vendor_74,4936.54,Standard operational expense,10,1,Normal
5387,2021-12-30,2,Vendor_45,5365.64,Standard operational expense,12,1,Normal
5388,2020-05-01,1,Vendor_65,11980.86,Standard operational expense,5,1,Normal
5389,2019-09-27,4,Vendor_17,11276.25,Standard operational expense,9,1,Normal
5390,2018-09-26,5,Vendor_63,6307.3,Standard operational expense,9,1,Normal
5391,2021-06-15,1,Vendor_83,14014.62,Standard operational expense,6,1,Normal
5392,2021-12-24,8,Vendor_5,12830.9,Standard operational expense,12,1,Normal
5393,2022-05-08,8,Vendor_95,6471.65,Standard operational expense,5,1,Normal
5394,2024-02-14,8,Vendor_91,5783.89,Standard operational expense,2,1,Normal
5395,2020-07-12,2,Vendor_36,3568.42,Standard operational expense,7,1,Normal
5396,2024-09-05,2,Vendor_32,7402.92,Standard operational expense,9,1,Normal
5397,2024-11-18,7,Vendor_33,3145.62,Standard operational expense,11,1,Normal
5398,2020-12-09,4,Vendor_36,6980.42,Standard operational expense,12,1,Normal
5399,2023-03-09,4,Vendor_45,6182.08,Standard operational expense,3,1,Normal
5400,2019-06-19,7,Vendor_65,1678.0,Standard operational expense,6,1,Normal
5401,2019-10-08,8,Vendor_51,662.61,Standard operational expense,10,1,Normal
5402,2018-12-22,8,Vendor_63,6415.48,Standard operational expense,12,1,Normal
5403,2018-01-29,5,Vendor_25,4387.42,Standard operational expense,1,1,Normal
5404,2021-08-07,7,Vendor_45,14836.78,Standard operational expense,8,1,Normal
5405,2019-08-31,3,Vendor_90,4970.49,Standard operational expense,8,1,Normal
5406,2022-05-22,1,Vendor_65,6154.28,Standard operational expense,5,1,Normal
5407,2021-01-10,1,Vendor_57,5763.74,Standard operational expense,1,1,Normal
5408,2019-09-09,2,Vendor_99,13176.22,Standard operational expense,9,1,Normal
5409,2018-01-16,5,Vendor_42,8881.14,Standard operational expense,1,1,Normal
5410,2019-07-20,8,Vendor_70,3233.4,Standard operational expense,7,1,Normal
5411,2018-12-08,6,Vendor_77,44539.32,Emergency Year-end Fund Utilization,12,1,Normal
5412,2020-07-31,4,Vendor_33,5086.51,Standard operational expense,7,1,Normal
5413,2021-07-06,2,Vendor_40,1354.14,Standard operational expense,7,1,Normal
5414,2023-10-17,2,Vendor_89,14707.74,Standard operational expense,10,1,Normal
5415,2019-01-21,2,Vendor_21,2933.65,Standard operational expense,1,1,Normal
5416,2019-05-07,5,Vendor_97,11546.52,Standard operational expense,5,1,Normal
5417,2021-11-04,2,Vendor_59,5779.51,Standard operational expense,11,1,Normal
5418,2021-05-22,2,Vendor_26,8804.86,Standard operational expense,5,1,Normal
5419,2023-07-22,4,Vendor_37,10540.91,Standard operational expense,7,1,Normal
5420,2018-11-24,6,Vendor_22,4910.2,Standard operational expense,11,1,Normal
5421,2020-11-21,1,Vendor_37,9896.32,Standard operational expense,11,1,Normal
5422,2020-08-14,1,Vendor_32,11201.58,Standard operational expense,8,1,Normal
5423,2023-12-12,6,Vendor_61,64587.54,Emergency Year-end Fund Utilization,12,1,Normal
5424,2021-11-22,8,Vendor_47,9166.83,Standard operational expense,11,1,Normal
5425,2022-10-01,6,Vendor_42,51708.42,Emergency Year-end Fund Utilization,10,1,Normal
5426,2024-10-09,8,Vendor_1,9504.36,Standard operational expense,10,1,Normal
5427,2021-06-26,5,Vendor_49,11293.54,Standard operational expense,6,1,Normal
5428,2018-11-19,7,Vendor_66,3462.71,Standard operational expense,11,1,Normal
5429,2023-01-30,7,Vendor_66,3408.77,Standard operational expense,1,1,Normal
5430,2019-02-19,7,Vendor_74,11953.62,Standard operational expense,2,1,Normal
5431,2022-10-27,3,Vendor_58,5093.35,Standard operational expense,10,1,Normal
5432,2019-01-10,5,Vendor_1,6913.68,Standard operational expense,1,1,Normal
5433,2023-04-29,5,Vendor_14,12504.43,Standard operational expense,4,1,Normal
5434,2021-08-17,5,Vendor_39,14527.64,Standard operational expense,8,1,Normal
5435,2018-02-01,8,Vendor_56,1745.6,Standard operational expense,2,1,Normal
5436,2022-10-19,3,Vendor_38,7629.5,Standard operational expense,10,1,Normal
5437,2024-04-01,3,Vendor_24,3910.41,Standard operational expense,4,1,Normal
5438,2020-03-12,7,Vendor_88,1106.17,Standard operational expense,3,1,Normal
5439,2024-11-28,8,Vendor_80,8265.69,Standard operational expense,11,1,Normal
5440,2022-12-15,6,Vendor_34,4713.86,Standard operational expense,12,1,Normal
5441,2023-03-12,5,Vendor_14,628.5,Standard operational expense,3,1,Normal
5442,2018-03-30,7,Vendor_83,9626.15,Standard operational expense,3,1,Normal
5443,2019-06-07,4,Vendor_82,10958.53,Standard operational expense,6,1,Normal
5444,2020-06-28,2,Vendor_80,7931.92,Standard operational expense,6,1,Normal
5445,2018-07-29,1,Vendor_1,862.58,Standard operational expense,7,1,Normal
5446,2020-09-07,5,Vendor_91,2700.88,Standard operational expense,9,1,Normal
5447,2019-01-29,2,Vendor_32,464.52,Standard operational expense,1,1,Normal
5448,2019-06-29,8,Vendor_42,1909.49,Standard operational expense,6,1,Normal
5449,2020-12-20,1,Vendor_99,10358.83,Standard operational expense,12,1,Normal
5450,2021-10-09,6,Vendor_76,3925.49,Standard operational expense,10,1,Normal
5451,2019-11-25,3,Vendor_19,4089.5,Standard operational expense,11,1,Normal
5452,2022-10-06,2,Vendor_11,9348.59,Standard operational expense,10,1,Normal
5453,2021-04-10,5,Vendor_59,2723.4,Standard operational expense,4,1,Normal
5454,2019-10-04,6,Vendor_21,37669.74,Emergency Year-end Fund Utilization,10,1,Normal
5455,2021-12-14,1,Vendor_59,1962.66,Standard operational expense,12,1,Normal
5456,2020-10-02,5,Vendor_80,14861.8,Standard operational expense,10,1,Normal
5457,2021-04-29,5,Vendor_18,2239.68,Standard operational expense,4,1,Normal
5458,2019-01-25,5,Vendor_42,9224.8,Standard operational expense,1,1,Normal
5459,2020-12-06,7,Vendor_11,13047.69,Standard operational expense,12,1,Normal
5460,2024-01-12,3,Vendor_27,6641.89,Standard operational expense,1,1,Normal
5461,2022-10-06,6,Vendor_16,42791.28,Emergency Year-end Fund Utilization,10,1,Normal
5462,2018-04-13,4,Vendor_30,8574.91,Standard operational expense,4,1,Normal
5463,2021-12-18,7,Vendor_29,357.77,Standard operational expense,12,1,Normal
5464,2022-10-05,6,Vendor_32,42797.46,Emergency Year-end Fund Utilization,10,1,Normal
5465,2019-04-20,3,Vendor_36,2462.27,Standard operational expense,4,1,Normal
5466,2021-06-11,7,Vendor_56,1010.59,Standard operational expense,6,1,Normal
5467,2022-04-21,1,Vendor_62,7096.37,Standard operational expense,4,1,Normal
5468,2023-03-16,5,Vendor_25,3816.82,Standard operational expense,3,1,Normal
5469,2021-06-17,8,Vendor_95,12468.74,Standard operational expense,6,1,Normal
5470,2020-12-29,3,Vendor_56,5717.21,Standard operational expense,12,1,Normal
5471,2020-01-14,4,Vendor_1,8098.5,Standard operational expense,1,1,Normal
5472,2023-07-22,2,Vendor_10,6676.38,Standard operational expense,7,1,Normal
5473,2021-12-29,1,Vendor_29,13622.88,Standard operational expense,12,1,Normal
5474,2023-10-25,6,Vendor_43,10576.8,Emergency Year-end Fund Utilization,10,1,Normal
5475,2023-04-14,7,Vendor_88,9649.29,Standard operational expense,4,1,Normal
5476,2022-10-27,6,Vendor_34,14466.91,Standard operational expense,10,1,Normal
5477,2024-09-14,5,Vendor_58,13422.2,Standard operational expense,9,1,Normal
5478,2020-09-01,8,Vendor_26,2083.21,Standard operational expense,9,1,Normal
5479,2019-11-26,6,Vendor_32,62924.46,Emergency Year-end Fund Utilization,11,1,Normal
5480,2019-12-18,6,Vendor_18,86990.22,Emergency Year-end Fund Utilization,12,-1,Anomaly
5481,2019-10-21,6,Vendor_82,8529.35,Standard operational expense,10,1,Normal
5482,2019-06-08,4,Vendor_27,2364.3,Standard operational expense,6,1,Normal
5483,2020-12-10,5,Vendor_87,1101.06,Standard operational expense,12,1,Normal
5484,2020-05-27,4,Vendor_96,9064.88,Standard operational expense,5,1,Normal
5485,2021-03-12,2,Vendor_73,6376.32,Standard operational expense,3,1,Normal
5486,2021-05-02,5,Vendor_58,14817.82,Standard operational expense,5,1,Normal
5487,2019-12-31,8,Vendor_21,8126.63,Standard operational expense,12,1,Normal
5488,2024-05-13,8,Vendor_58,12786.25,Standard operational expense,5,1,Normal
5489,2022-03-29,1,Vendor_87,8769.72,Standard operational expense,3,1,Normal
5490,2018-08-16,4,Vendor_73,8500.88,Standard operational expense,8,1,Normal
5491,2018-11-02,6,Vendor_76,41902.68,Emergency Year-end Fund Utilization,11,1,Normal
5492,2022-12-24,6,Vendor_52,79608.12,Emergency Year-end Fund Utilization,12,-1,Anomaly
5493,2022-04-22,5,Vendor_8,4752.25,Standard operational expense,4,1,Normal
5494,2020-06-24,7,Vendor_42,12516.7,Standard operational expense,6,1,Normal
5495,2023-12-13,1,Vendor_91,4186.78,Standard operational expense,12,1,Normal
5496,2020-01-15,8,Vendor_97,14911.52,Standard operational expense,1,1,Normal
5497,2020-09-07,1,Vendor_65,937.52,Standard operational expense,9,1,Normal
5498,2020-07-30,3,Vendor_7,8797.73,Standard operational expense,7,1,Normal
5499,2020-04-13,7,Vendor_47,1906.28,Standard operational expense,4,1,Normal
5500,2018-03-31,8,Vendor_51,14053.05,Standard operational expense,3,1,Normal
5501,2020-11-24,4,Vendor_41,6047.79,Standard operational expense,11,1,Normal
5502,2018-05-04,1,Vendor_96,3746.54,Standard operational expense,5,1,Normal
5503,2024-09-05,4,Vendor_87,688.07,Standard operational expense,9,1,Normal
5504,2018-10-21,6,Vendor_87,88264.92,Emergency Year-end Fund Utilization,10,-1,Anomaly
5505,2023-08-15,5,Vendor_81,9300.1,Standard operational expense,8,1,Normal
5506,2024-03-14,8,Vendor_77,6546.45,Standard operational expense,3,1,Normal
5507,2019-12-31,3,Vendor_3,7125.59,Standard operational expense,12,1,Normal
5508,2020-10-22,6,Vendor_38,668.16,Standard operational expense,10,1,Normal
5509,2023-03-10,4,Vendor_52,10745.99,Standard operational expense,3,1,Normal
5510,2023-08-08,2,Vendor_28,9620.44,Standard operational expense,8,1,Normal
5511,2020-06-01,2,Vendor_57,12872.24,Standard operational expense,6,1,Normal
5512,2019-05-24,1,Vendor_86,3085.37,Standard operational expense,5,1,Normal
5513,2018-11-09,6,Vendor_17,35476.14,Emergency Year-end Fund Utilization,11,1,Normal
5514,2019-07-17,5,Vendor_28,4830.25,Standard operational expense,7,1,Normal
5515,2021-12-05,6,Vendor_81,36567.96,Emergency Year-end Fund Utilization,12,1,Normal
5516,2019-08-17,1,Vendor_7,10426.82,Standard operational expense,8,1,Normal
5517,2020-05-06,5,Vendor_43,1403.01,Standard operational expense,5,1,Normal
5518,2018-06-28,1,Vendor_32,9536.57,Standard operational expense,6,1,Normal
5519,2020-07-15,1,Vendor_58,9089.08,Standard operational expense,7,1,Normal
5520,2020-11-19,8,Vendor_37,8745.45,Standard operational expense,11,1,Normal
5521,2018-11-08,8,Vendor_13,13923.79,Standard operational expense,11,1,Normal
5522,2024-10-26,6,Vendor_5,15944.16,Emergency Year-end Fund Utilization,10,1,Normal
5523,2023-10-09,6,Vendor_44,57368.58,Emergency Year-end Fund Utilization,10,1,Normal
5524,2019-04-14,7,Vendor_2,7010.43,Standard operational expense,4,1,Normal
5525,2020-06-04,1,Vendor_75,14690.57,Standard operational expense,6,1,Normal
5526,2023-05-10,3,Vendor_34,357.68,Standard operational expense,5,1,Normal
5527,2020-04-05,7,Vendor_60,12214.46,Standard operational expense,4,1,Normal
5528,2020-06-26,5,Vendor_4,13561.31,Standard operational expense,6,1,Normal
5529,2023-09-12,3,Vendor_9,9979.05,Standard operational expense,9,1,Normal
5530,2024-03-23,7,Vendor_20,6290.68,Standard operational expense,3,1,Normal
5531,2018-06-16,7,Vendor_35,2522.83,Standard operational expense,6,1,Normal
5532,2024-11-07,6,Vendor_87,10694.16,Emergency Year-end Fund Utilization,11,1,Normal
5533,2020-04-05,5,Vendor_39,11969.2,Standard operational expense,4,1,Normal
5534,2023-10-11,3,Vendor_62,3730.55,Standard operational expense,10,1,Normal
5535,2018-04-04,5,Vendor_26,4897.55,Standard operational expense,4,1,Normal
5536,2021-12-29,1,Vendor_36,3712.0,Standard operational expense,12,1,Normal
5537,2021-12-04,1,Vendor_68,2960.95,Standard operational expense,12,1,Normal
5538,2018-11-25,8,Vendor_23,13599.22,Standard operational expense,11,1,Normal
5539,2023-02-05,7,Vendor_21,6757.55,Standard operational expense,2,1,Normal
5540,2024-09-19,1,Vendor_26,2885.34,Standard operational expense,9,1,Normal
5541,2018-04-18,5,Vendor_22,9738.22,Standard operational expense,4,1,Normal
5542,2020-12-27,8,Vendor_80,13350.98,Standard operational expense,12,1,Normal
5543,2022-07-22,8,Vendor_65,2589.84,Standard operational expense,7,1,Normal
5544,2023-01-30,8,Vendor_62,11229.92,Standard operational expense,1,1,Normal
5545,2018-07-29,1,Vendor_45,7045.52,Standard operational expense,7,1,Normal
5546,2022-05-07,4,Vendor_65,8480.49,Standard operational expense,5,1,Normal
5547,2022-07-24,1,Vendor_29,11356.94,Standard operational expense,7,1,Normal
5548,2024-01-20,1,Vendor_94,6566.29,Standard operational expense,1,1,Normal
5549,2022-11-07,6,Vendor_71,964.16,Standard operational expense,11,1,Normal
5550,2021-02-03,2,Vendor_71,1555.15,Standard operational expense,2,1,Normal
5551,2019-03-20,1,Vendor_49,596.14,Standard operational expense,3,1,Normal
5552,2020-09-17,2,Vendor_2,350.82,Standard operational expense,9,1,Normal
5553,2020-01-27,1,Vendor_80,13093.6,Standard operational expense,1,1,Normal
5554,2019-07-18,1,Vendor_72,8862.58,Standard operational expense,7,1,Normal
5555,2024-11-01,6,Vendor_37,19022.7,Emergency Year-end Fund Utilization,11,1,Normal
5556,2021-12-08,7,Vendor_53,2404.66,Standard operational expense,12,1,Normal
5557,2019-07-07,5,Vendor_63,3643.53,Standard operational expense,7,1,Normal
5558,2022-02-06,1,Vendor_69,6906.85,Standard operational expense,2,1,Normal
5559,2018-06-29,2,Vendor_75,8344.81,Standard operational expense,6,1,Normal
5560,2018-07-21,3,Vendor_42,8887.36,Standard operational expense,7,1,Normal
5561,2021-08-05,5,Vendor_54,6254.51,Standard operational expense,8,1,Normal
5562,2022-09-16,4,Vendor_55,4294.87,Standard operational expense,9,1,Normal
5563,2022-09-18,8,Vendor_84,8770.86,Standard operational expense,9,1,Normal
5564,2022-04-07,5,Vendor_11,5137.53,Standard operational expense,4,1,Normal
5565,2022-08-22,3,Vendor_18,3656.46,Standard operational expense,8,1,Normal
5566,2022-04-07,8,Vendor_25,8898.6,Standard operational expense,4,1,Normal
5567,2022-08-06,5,Vendor_50,4474.82,Standard operational expense,8,1,Normal
5568,2024-05-03,5,Vendor_38,8502.47,Standard operational expense,5,1,Normal
5569,2023-01-05,3,Vendor_32,11496.08,Standard operational expense,1,1,Normal
5570,2024-09-12,7,Vendor_89,14250.44,Standard operational expense,9,1,Normal
5571,2020-08-05,2,Vendor_73,1262.48,Standard operational expense,8,1,Normal
5572,2018-10-29,3,Vendor_43,1052.97,Standard operational expense,10,1,Normal
5573,2018-09-14,4,Vendor_5,6158.86,Standard operational expense,9,1,Normal
5574,2020-02-16,5,Vendor_24,3972.76,Standard operational expense,2,1,Normal
5575,2024-12-15,3,Vendor_22,14094.02,Standard operational expense,12,1,Normal
5576,2018-04-13,4,Vendor_37,10272.21,Standard operational expense,4,1,Normal
5577,2019-01-07,7,Vendor_74,3896.78,Standard operational expense,1,1,Normal
5578,2022-06-14,1,Vendor_28,4970.02,Standard operational expense,6,1,Normal
5579,2023-06-20,7,Vendor_6,12417.63,Standard operational expense,6,1,Normal
5580,2020-12-11,4,Vendor_75,5256.95,Standard operational expense,12,1,Normal
5581,2018-08-18,1,Vendor_15,2455.11,Standard operational expense,8,1,Normal
5582,2021-01-28,5,Vendor_74,1214.47,Standard operational expense,1,1,Normal
5583,2022-04-02,2,Vendor_74,9690.13,Standard operational expense,4,1,Normal
5584,2018-11-26,6,Vendor_60,60843.54,Emergency Year-end Fund Utilization,11,1,Normal
5585,2024-03-26,3,Vendor_28,8862.84,Standard operational expense,3,1,Normal
5586,2021-06-08,3,Vendor_72,13133.96,Standard operational expense,6,1,Normal
5587,2023-02-11,7,Vendor_46,10968.72,Standard operational expense,2,1,Normal
5588,2023-09-07,7,Vendor_94,8554.84,Standard operational expense,9,1,Normal
5589,2021-10-12,6,Vendor_68,73516.56,Emergency Year-end Fund Utilization,10,-1,Anomaly
5590,2024-11-03,1,Vendor_59,4992.53,Standard operational expense,11,1,Normal
5591,2022-11-10,2,Vendor_51,13904.57,Standard operational expense,11,1,Normal
5592,2022-04-23,3,Vendor_20,4584.7,Standard operational expense,4,1,Normal
5593,2022-03-26,2,Vendor_14,9748.92,Standard operational expense,3,1,Normal
5594,2022-06-24,3,Vendor_23,14804.47,Standard operational expense,6,1,Normal
5595,2024-07-16,8,Vendor_9,2568.38,Standard operational expense,7,1,Normal
5596,2019-08-30,1,Vendor_29,1546.11,Standard operational expense,8,1,Normal
5597,2020-08-13,3,Vendor_72,10129.39,Standard operational expense,8,1,Normal
5598,2021-07-17,2,Vendor_18,13307.9,Standard operational expense,7,1,Normal
5599,2018-08-11,3,Vendor_46,12032.32,Standard operational expense,8,1,Normal
5600,2024-01-30,4,Vendor_20,5598.32,Standard operational expense,1,1,Normal
5601,2024-09-08,2,Vendor_18,8628.08,Standard operational expense,9,1,Normal
5602,2018-06-16,4,Vendor_18,13208.53,Standard operational expense,6,1,Normal
5603,2024-01-16,8,Vendor_38,13101.24,Standard operational expense,1,1,Normal
5604,2019-04-08,7,Vendor_86,8768.05,Standard operational expense,4,1,Normal
5605,2024-04-16,5,Vendor_85,2747.8,Standard operational expense,4,1,Normal
5606,2019-09-13,3,Vendor_60,4191.12,Standard operational expense,9,1,Normal
5607,2022-12-09,3,Vendor_44,9515.8,Standard operational expense,12,1,Normal
5608,2023-11-20,6,Vendor_58,10298.22,Emergency Year-end Fund Utilization,11,1,Normal
5609,2021-12-09,4,Vendor_35,9504.5,Standard operational expense,12,1,Normal
5610,2018-09-03,2,Vendor_30,6199.21,Standard operational expense,9,1,Normal
5611,2021-09-12,2,Vendor_86,9237.97,Standard operational expense,9,1,Normal
5612,2022-11-24,7,Vendor_54,3708.49,Standard operational expense,11,1,Normal
5613,2021-11-04,6,Vendor_96,5585.7,Standard operational expense,11,1,Normal
5614,2018-02-11,1,Vendor_50,7958.67,Standard operational expense,2,1,Normal
5615,2020-12-16,6,Vendor_57,14884.8,Emergency Year-end Fund Utilization,12,1,Normal
5616,2020-01-01,1,Vendor_7,10442.2,Standard operational expense,1,1,Normal
5617,2018-05-13,7,Vendor_8,5108.03,Standard operational expense,5,1,Normal
5618,2019-11-05,6,Vendor_77,17872.5,Emergency Year-end Fund Utilization,11,1,Normal
5619,2021-11-19,4,Vendor_15,11228.04,Standard operational expense,11,1,Normal
5620,2019-11-09,1,Vendor_88,13635.85,Standard operational expense,11,1,Normal
5621,2023-05-17,8,Vendor_14,724.88,Standard operational expense,5,1,Normal
5622,2020-12-20,8,Vendor_97,11016.81,Standard operational expense,12,1,Normal
5623,2024-06-07,2,Vendor_25,11192.88,Standard operational expense,6,1,Normal
5624,2018-10-24,7,Vendor_86,817.45,Standard operational expense,10,1,Normal
5625,2023-12-26,5,Vendor_65,12286.32,Standard operational expense,12,1,Normal
5626,2021-06-03,3,Vendor_27,7048.05,Standard operational expense,6,1,Normal
5627,2024-11-09,7,Vendor_81,745.85,Standard operational expense,11,1,Normal
5628,2020-08-06,3,Vendor_36,14281.93,Standard operational expense,8,1,Normal
5629,2019-08-20,3,Vendor_16,6607.17,Standard operational expense,8,1,Normal
5630,2022-04-20,4,Vendor_19,5798.41,Standard operational expense,4,1,Normal
5631,2022-03-13,1,Vendor_33,4436.0,Standard operational expense,3,1,Normal
5632,2021-10-30,7,Vendor_22,3153.2,Standard operational expense,10,1,Normal
5633,2019-12-08,3,Vendor_59,3305.44,Standard operational expense,12,1,Normal
5634,2024-01-10,1,Vendor_92,3247.7,Standard operational expense,1,1,Normal
5635,2024-10-22,6,Vendor_81,42466.5,Emergency Year-end Fund Utilization,10,1,Normal
5636,2023-05-31,4,Vendor_70,809.42,Standard operational expense,5,1,Normal
5637,2019-01-13,4,Vendor_92,3286.15,Standard operational expense,1,1,Normal
5638,2018-08-21,8,Vendor_52,834.28,Standard operational expense,8,1,Normal
5639,2022-06-09,5,Vendor_67,3913.71,Standard operational expense,6,1,Normal
5640,2018-11-28,3,Vendor_54,7301.44,Standard operational expense,11,1,Normal
5641,2022-02-05,8,Vendor_36,11025.85,Standard operational expense,2,1,Normal
5642,2019-04-12,4,Vendor_81,2268.54,Standard operational expense,4,1,Normal
5643,2022-04-15,7,Vendor_61,427.36,Standard operational expense,4,1,Normal
5644,2023-07-29,4,Vendor_65,11854.16,Standard operational expense,7,1,Normal
5645,2018-01-04,7,Vendor_91,12916.19,Standard operational expense,1,1,Normal
5646,2024-06-25,7,Vendor_22,2591.24,Standard operational expense,6,1,Normal
5647,2018-11-06,6,Vendor_76,85272.24,Emergency Year-end Fund Utilization,11,-1,Anomaly
5648,2021-07-19,1,Vendor_95,554.2,Standard operational expense,7,1,Normal
5649,2023-02-14,5,Vendor_21,7570.44,Standard operational expense,2,1,Normal
5650,2022-05-21,8,Vendor_10,7720.5,Standard operational expense,5,1,Normal
5651,2023-09-22,1,Vendor_63,7808.99,Standard operational expense,9,1,Normal
5652,2018-06-20,3,Vendor_51,2270.12,Standard operational expense,6,1,Normal
5653,2022-11-09,8,Vendor_96,3518.34,Standard operational expense,11,1,Normal
5654,2023-09-13,3,Vendor_10,5979.12,Standard operational expense,9,1,Normal
5655,2021-03-20,7,Vendor_17,5293.35,Standard operational expense,3,1,Normal
5656,2019-10-14,6,Vendor_76,70798.31999999999,Emergency Year-end Fund Utilization,10,-1,Anomaly
5657,2022-12-13,8,Vendor_34,7509.13,Standard operational expense,12,1,Normal
5658,2022-06-22,8,Vendor_71,530.09,Standard operational expense,6,1,Normal
5659,2024-06-29,3,Vendor_71,14768.47,Standard operational expense,6,1,Normal
5660,2018-10-01,4,Vendor_61,4106.24,Standard operational expense,10,1,Normal
5661,2023-02-10,3,Vendor_79,8700.31,Standard operational expense,2,1,Normal
5662,2019-03-06,8,Vendor_76,9836.15,Standard operational expense,3,1,Normal
5663,2018-12-28,4,Vendor_8,2712.29,Standard operational expense,12,1,Normal
5664,2020-10-18,6,Vendor_24,14021.94,Emergency Year-end Fund Utilization,10,1,Normal
5665,2021-09-07,7,Vendor_65,10038.32,Standard operational expense,9,1,Normal
5666,2020-10-10,6,Vendor_3,19036.800000000003,Emergency Year-end Fund Utilization,10,1,Normal
5667,2019-03-14,3,Vendor_54,1236.15,Standard operational expense,3,1,Normal
5668,2024-11-12,2,Vendor_46,9128.66,Standard operational expense,11,1,Normal
5669,2018-01-15,8,Vendor_34,12041.65,Standard operational expense,1,1,Normal
5670,2024-09-27,3,Vendor_19,13909.21,Standard operational expense,9,1,Normal
5671,2023-02-05,3,Vendor_80,4535.2,Standard operational expense,2,1,Normal
5672,2022-08-13,4,Vendor_63,5675.77,Standard operational expense,8,1,Normal
5673,2019-05-24,4,Vendor_5,11059.82,Standard operational expense,5,1,Normal
5674,2023-09-04,4,Vendor_22,11861.81,Standard operational expense,9,1,Normal
5675,2022-11-23,4,Vendor_93,883.54,Standard operational expense,11,1,Normal
5676,2021-02-06,3,Vendor_81,6965.15,Standard operational expense,2,1,Normal
5677,2020-02-20,2,Vendor_18,12512.44,Standard operational expense,2,1,Normal
5678,2022-11-29,7,Vendor_68,13585.75,Standard operational expense,11,1,Normal
5679,2021-06-23,7,Vendor_50,12547.73,Standard operational expense,6,1,Normal
5680,2018-08-28,2,Vendor_9,1756.1,Standard operational expense,8,1,Normal
5681,2021-08-31,5,Vendor_70,12115.61,Standard operational expense,8,1,Normal
5682,2023-07-20,3,Vendor_74,2979.22,Standard operational expense,7,1,Normal
5683,2022-06-03,5,Vendor_34,9544.41,Standard operational expense,6,1,Normal
5684,2019-10-18,7,Vendor_32,7837.02,Standard operational expense,10,1,Normal
5685,2021-06-09,8,Vendor_17,2739.04,Standard operational expense,6,1,Normal
5686,2022-06-10,7,Vendor_82,11339.95,Standard operational expense,6,1,Normal
5687,2021-01-05,2,Vendor_50,10229.66,Standard operational expense,1,1,Normal
5688,2022-05-14,4,Vendor_41,10685.26,Standard operational expense,5,1,Normal
5689,2021-07-31,2,Vendor_83,14683.34,Standard operational expense,7,1,Normal
5690,2018-12-24,6,Vendor_3,28708.26,Emergency Year-end Fund Utilization,12,1,Normal
5691,2023-09-02,1,Vendor_18,1196.06,Standard operational expense,9,1,Normal
5692,2018-12-25,6,Vendor_31,53206.86,Emergency Year-end Fund Utilization,12,1,Normal
5693,2024-01-20,1,Vendor_63,14336.52,Standard operational expense,1,1,Normal
5694,2019-09-04,4,Vendor_24,1221.2,Standard operational expense,9,1,Normal
5695,2018-03-15,2,Vendor_29,5105.86,Standard operational expense,3,1,Normal
5696,2021-07-13,8,Vendor_28,2599.39,Standard operational expense,7,1,Normal
5697,2020-11-04,6,Vendor_75,48944.7,Emergency Year-end Fund Utilization,11,1,Normal
5698,2023-03-07,4,Vendor_9,7384.25,Standard operational expense,3,1,Normal
5699,2024-10-27,4,Vendor_3,5199.17,Standard operational expense,10,1,Normal
5700,2023-05-25,8,Vendor_59,1152.96,Standard operational expense,5,1,Normal
5701,2024-10-28,2,Vendor_12,13597.32,Standard operational expense,10,1,Normal
5702,2019-10-11,1,Vendor_17,281.59,Standard operational expense,10,1,Normal
5703,2023-10-03,8,Vendor_35,7658.56,Standard operational expense,10,1,Normal
5704,2024-12-06,6,Vendor_12,9519.18,Emergency Year-end Fund Utilization,12,1,Normal
5705,2024-04-18,8,Vendor_8,1898.26,Standard operational expense,4,1,Normal
5706,2023-07-21,5,Vendor_28,1265.26,Standard operational expense,7,1,Normal
5707,2021-07-13,4,Vendor_90,1109.58,Standard operational expense,7,1,Normal
5708,2024-03-04,4,Vendor_4,13493.3,Standard operational expense,3,1,Normal
5709,2024-02-27,3,Vendor_47,8927.87,Standard operational expense,2,1,Normal
5710,2018-05-17,2,Vendor_48,11138.11,Standard operational expense,5,1,Normal
5711,2024-11-06,6,Vendor_13,7849.44,Emergency Year-end Fund Utilization,11,1,Normal
5712,2023-07-07,8,Vendor_81,13282.88,Standard operational expense,7,1,Normal
5713,2023-06-08,1,Vendor_48,6869.31,Standard operational expense,6,1,Normal
5714,2021-09-30,2,Vendor_97,6378.22,Standard operational expense,9,1,Normal
5715,2019-02-19,2,Vendor_89,1609.9,Standard operational expense,2,1,Normal
5716,2018-12-24,5,Vendor_34,4101.46,Standard operational expense,12,1,Normal
5717,2023-08-28,8,Vendor_56,13307.6,Standard operational expense,8,1,Normal
5718,2018-06-04,7,Vendor_19,3284.45,Standard operational expense,6,1,Normal
5719,2019-05-02,7,Vendor_47,4102.41,Standard operational expense,5,1,Normal
5720,2024-03-04,3,Vendor_51,8457.32,Standard operational expense,3,1,Normal
5721,2023-02-19,4,Vendor_58,1461.43,Standard operational expense,2,1,Normal
5722,2023-12-31,8,Vendor_63,10060.43,Standard operational expense,12,1,Normal
5723,2018-05-20,7,Vendor_84,12205.59,Standard operational expense,5,1,Normal
5724,2022-02-23,1,Vendor_69,8137.33,Standard operational expense,2,1,Normal
5725,2021-09-01,2,Vendor_90,9849.81,Standard operational expense,9,1,Normal
5726,2018-10-09,7,Vendor_69,3528.35,Standard operational expense,10,1,Normal
5727,2018-02-16,4,Vendor_31,12787.81,Standard operational expense,2,1,Normal
5728,2023-08-27,4,Vendor_8,9324.42,Standard operational expense,8,1,Normal
5729,2018-12-20,1,Vendor_53,9326.98,Standard operational expense,12,1,Normal
5730,2022-04-13,5,Vendor_72,4354.59,Standard operational expense,4,1,Normal
5731,2021-11-19,7,Vendor_50,4321.58,Standard operational expense,11,1,Normal
5732,2020-05-06,1,Vendor_61,14499.88,Standard operational expense,5,1,Normal
5733,2023-08-31,8,Vendor_76,665.45,Standard operational expense,8,1,Normal
5734,2018-06-01,8,Vendor_59,14131.17,Standard operational expense,6,1,Normal
5735,2018-04-06,8,Vendor_82,830.57,Standard operational expense,4,1,Normal
5736,2019-10-02,7,Vendor_11,11510.8,Standard operational expense,10,1,Normal
5737,2024-04-12,3,Vendor_42,9957.57,Standard operational expense,4,1,Normal
5738,2022-06-11,7,Vendor_81,7077.77,Standard operational expense,6,1,Normal
5739,2021-03-07,2,Vendor_26,13879.31,Standard operational expense,3,1,Normal
5740,2022-05-14,4,Vendor_38,2610.97,Standard operational expense,5,1,Normal
5741,2021-05-09,4,Vendor_98,11170.48,Standard operational expense,5,1,Normal
5742,2021-05-24,4,Vendor_2,5593.99,Standard operational expense,5,1,Normal
5743,2022-02-01,2,Vendor_71,7775.55,Standard operational expense,2,1,Normal
5744,2020-07-06,4,Vendor_23,6704.89,Standard operational expense,7,1,Normal
5745,2023-05-18,2,Vendor_79,2877.61,Standard operational expense,5,1,Normal
5746,2023-12-09,6,Vendor_85,7645.32,Emergency Year-end Fund Utilization,12,1,Normal
5747,2021-06-16,2,Vendor_85,1339.11,Standard operational expense,6,1,Normal
5748,2018-11-02,8,Vendor_15,7911.13,Standard operational expense,11,1,Normal
5749,2023-04-21,2,Vendor_39,2524.96,Standard operational expense,4,1,Normal
5750,2018-07-02,3,Vendor_4,7510.53,Standard operational expense,7,1,Normal
5751,2020-02-06,7,Vendor_74,11124.98,Standard operational expense,2,1,Normal
5752,2018-01-24,4,Vendor_32,3630.65,Standard operational expense,1,1,Normal
5753,2024-07-14,3,Vendor_70,4492.4,Standard operational expense,7,1,Normal
5754,2019-11-03,2,Vendor_59,14066.36,Standard operational expense,11,1,Normal
5755,2020-02-03,3,Vendor_14,12405.25,Standard operational expense,2,1,Normal
5756,2022-12-05,6,Vendor_84,77609.81999999999,Emergency Year-end Fund Utilization,12,-1,Anomaly
5757,2021-09-21,4,Vendor_80,14316.66,Standard operational expense,9,1,Normal
5758,2022-08-19,2,Vendor_7,4520.19,Standard operational expense,8,1,Normal
5759,2023-11-16,7,Vendor_71,14510.11,Standard operational expense,11,1,Normal
5760,2023-01-01,4,Vendor_21,8270.15,Standard operational expense,1,1,Normal
5761,2021-06-18,4,Vendor_80,12700.08,Standard operational expense,6,1,Normal
5762,2018-05-18,7,Vendor_15,5110.82,Standard operational expense,5,1,Normal
5763,2023-01-21,3,Vendor_33,10210.28,Standard operational expense,1,1,Normal
5764,2018-03-03,7,Vendor_31,13418.96,Standard operational expense,3,1,Normal
5765,2021-04-07,2,Vendor_57,10755.95,Standard operational expense,4,1,Normal
5766,2018-11-30,3,Vendor_7,1540.81,Standard operational expense,11,1,Normal
5767,2022-12-01,7,Vendor_74,4443.06,Standard operational expense,12,1,Normal
5768,2021-11-24,6,Vendor_27,1489.5,Standard operational expense,11,1,Normal
5769,2019-12-14,6,Vendor_98,27211.86,Emergency Year-end Fund Utilization,12,1,Normal
5770,2023-03-03,4,Vendor_97,5055.68,Standard operational expense,3,1,Normal
5771,2021-10-25,5,Vendor_5,12033.97,Standard operational expense,10,1,Normal
5772,2021-05-05,7,Vendor_7,4940.64,Standard operational expense,5,1,Normal
5773,2021-11-22,6,Vendor_43,30896.04,Emergency Year-end Fund Utilization,11,1,Normal
5774,2019-08-12,7,Vendor_54,423.94,Standard operational expense,8,1,Normal
5775,2024-05-10,3,Vendor_75,2201.27,Standard operational expense,5,1,Normal
5776,2020-01-03,2,Vendor_69,9651.53,Standard operational expense,1,1,Normal
5777,2021-12-25,5,Vendor_32,3181.05,Standard operational expense,12,1,Normal
5778,2023-06-26,5,Vendor_54,8604.46,Standard operational expense,6,1,Normal
5779,2024-04-14,4,Vendor_8,9743.42,Standard operational expense,4,1,Normal
5780,2023-12-08,6,Vendor_52,50159.94,Emergency Year-end Fund Utilization,12,1,Normal
5781,2021-10-07,1,Vendor_97,1359.54,Standard operational expense,10,1,Normal
5782,2021-11-21,1,Vendor_61,14852.29,Standard operational expense,11,1,Normal
5783,2018-04-30,4,Vendor_44,10137.57,Standard operational expense,4,1,Normal
5784,2019-11-28,7,Vendor_25,8710.29,Standard operational expense,11,1,Normal
5785,2022-12-13,6,Vendor_34,23323.62,Emergency Year-end Fund Utilization,12,1,Normal
5786,2020-10-15,4,Vendor_62,768.84,Standard operational expense,10,1,Normal
5787,2020-04-04,3,Vendor_76,8596.7,Standard operational expense,4,1,Normal
5788,2021-03-02,4,Vendor_84,5672.16,Standard operational expense,3,1,Normal
5789,2023-01-03,4,Vendor_30,6615.42,Standard operational expense,1,1,Normal
5790,2023-06-16,2,Vendor_77,1635.25,Standard operational expense,6,1,Normal
5791,2024-12-05,6,Vendor_64,61086.54,Emergency Year-end Fund Utilization,12,1,Normal
5792,2023-12-04,6,Vendor_77,47568.18,Emergency Year-end Fund Utilization,12,1,Normal
5793,2022-07-15,3,Vendor_19,14346.87,Standard operational expense,7,1,Normal
5794,2018-04-02,3,Vendor_82,4578.6,Standard operational expense,4,1,Normal
5795,2021-09-14,5,Vendor_29,7548.72,Standard operational expense,9,1,Normal
5796,2023-08-03,8,Vendor_92,2139.83,Standard operational expense,8,1,Normal
5797,2020-09-29,8,Vendor_60,1244.48,Standard operational expense,9,1,Normal
5798,2021-06-17,3,Vendor_98,619.5,Standard operational expense,6,1,Normal
5799,2022-10-20,4,Vendor_24,192.13,Standard operational expense,10,1,Normal
5800,2024-03-07,8,Vendor_19,8376.08,Standard operational expense,3,1,Normal
5801,2018-11-13,2,Vendor_26,2440.55,Standard operational expense,11,1,Normal
5802,2018-11-08,8,Vendor_6,7958.16,Standard operational expense,11,1,Normal
5803,2019-03-12,8,Vendor_7,11852.7,Standard operational expense,3,1,Normal
5804,2019-06-07,4,Vendor_80,8496.92,Standard operational expense,6,1,Normal
5805,2022-01-16,8,Vendor_97,1011.58,Standard operational expense,1,1,Normal
5806,2019-11-24,6,Vendor_61,5144.46,Emergency Year-end Fund Utilization,11,1,Normal
5807,2020-11-10,5,Vendor_35,12467.25,Standard operational expense,11,1,Normal
5808,2024-03-29,4,Vendor_80,9580.91,Standard operational expense,3,1,Normal
5809,2023-07-05,8,Vendor_3,4449.36,Standard operational expense,7,1,Normal
5810,2022-10-15,6,Vendor_30,640.47,Standard operational expense,10,1,Normal
5811,2023-09-01,3,Vendor_19,6890.34,Standard operational expense,9,1,Normal
5812,2019-07-06,7,Vendor_54,5561.11,Standard operational expense,7,1,Normal
5813,2020-03-05,7,Vendor_78,10961.1,Standard operational expense,3,1,Normal
5814,2018-07-18,1,Vendor_84,8274.71,Standard operational expense,7,1,Normal
5815,2019-10-12,3,Vendor_30,14478.47,Standard operational expense,10,1,Normal
5816,2019-10-27,8,Vendor_66,14567.66,Standard operational expense,10,1,Normal
5817,2023-03-09,8,Vendor_71,5412.83,Standard operational expense,3,1,Normal
5818,2024-07-02,3,Vendor_43,6556.67,Standard operational expense,7,1,Normal
5819,2018-07-02,7,Vendor_77,2901.93,Standard operational expense,7,1,Normal
5820,2021-09-18,2,Vendor_61,6440.46,Standard operational expense,9,1,Normal
5821,2020-10-06,1,Vendor_2,12504.05,Standard operational expense,10,1,Normal
5822,2020-12-10,2,Vendor_23,10235.67,Standard operational expense,12,1,Normal
5823,2023-12-22,4,Vendor_8,3272.6,Standard operational expense,12,1,Normal
5824,2022-03-06,2,Vendor_88,112.72,Standard operational expense,3,1,Normal
5825,2023-08-10,5,Vendor_36,884.83,Standard operational expense,8,1,Normal
5826,2020-12-28,2,Vendor_16,1852.93,Standard operational expense,12,1,Normal
5827,2022-07-16,4,Vendor_95,1559.28,Standard operational expense,7,1,Normal
5828,2021-02-11,2,Vendor_18,3216.82,Standard operational expense,2,1,Normal
5829,2020-09-03,5,Vendor_35,5784.22,Standard operational expense,9,1,Normal
5830,2019-08-21,7,Vendor_37,5722.49,Standard operational expense,8,1,Normal
5831,2024-05-13,1,Vendor_58,11133.72,Standard operational expense,5,1,Normal
5832,2018-12-20,6,Vendor_76,13461.6,Emergency Year-end Fund Utilization,12,1,Normal
5833,2023-08-01,3,Vendor_50,3652.51,Standard operational expense,8,1,Normal
5834,2020-07-10,7,Vendor_26,12944.56,Standard operational expense,7,1,Normal
5835,2018-12-30,7,Vendor_81,557.83,Standard operational expense,12,1,Normal
5836,2023-11-09,6,Vendor_14,53916.36,Emergency Year-end Fund Utilization,11,1,Normal
5837,2021-10-12,3,Vendor_62,1252.07,Standard operational expense,10,1,Normal
5838,2023-06-06,7,Vendor_96,13556.97,Standard operational expense,6,1,Normal
5839,2020-11-29,8,Vendor_17,12819.45,Standard operational expense,11,1,Normal
5840,2019-06-11,1,Vendor_13,11584.51,Standard operational expense,6,1,Normal
5841,2022-11-18,6,Vendor_43,6123.11,Standard operational expense,11,1,Normal
5842,2023-02-09,1,Vendor_30,3867.72,Standard operational expense,2,1,Normal
5843,2022-12-12,6,Vendor_10,20750.22,Emergency Year-end Fund Utilization,12,1,Normal
5844,2022-06-23,2,Vendor_39,3892.3,Standard operational expense,6,1,Normal
5845,2023-08-06,3,Vendor_86,13293.07,Standard operational expense,8,1,Normal
5846,2021-12-16,6,Vendor_54,5093.78,Standard operational expense,12,1,Normal
5847,2019-07-09,5,Vendor_8,443.49,Standard operational expense,7,1,Normal
5848,2022-02-06,8,Vendor_63,5798.62,Standard operational expense,2,1,Normal
5849,2021-01-20,2,Vendor_23,5862.88,Standard operational expense,1,1,Normal
5850,2020-04-08,7,Vendor_17,9608.28,Standard operational expense,4,1,Normal
5851,2022-04-07,4,Vendor_16,14840.81,Standard operational expense,4,1,Normal
5852,2024-11-16,8,Vendor_33,12859.66,Standard operational expense,11,1,Normal
5853,2020-03-17,7,Vendor_27,6189.27,Standard operational expense,3,1,Normal
5854,2024-12-30,7,Vendor_57,14416.86,Standard operational expense,12,1,Normal
5855,2018-10-25,1,Vendor_57,5756.84,Standard operational expense,10,1,Normal
5856,2023-09-09,7,Vendor_84,3969.7,Standard operational expense,9,1,Normal
5857,2022-12-05,6,Vendor_59,56377.26,Emergency Year-end Fund Utilization,12,1,Normal
5858,2018-09-20,8,Vendor_72,14806.64,Standard operational expense,9,1,Normal
5859,2018-10-17,6,Vendor_18,72994.68000000001,Emergency Year-end Fund Utilization,10,-1,Anomaly
5860,2019-06-14,8,Vendor_52,3080.73,Standard operational expense,6,1,Normal
5861,2019-11-02,5,Vendor_96,13138.38,Standard operational expense,11,1,Normal
5862,2024-10-27,6,Vendor_50,67935.0,Emergency Year-end Fund Utilization,10,1,Normal
5863,2019-12-22,4,Vendor_44,1024.85,Standard operational expense,12,1,Normal
5864,2024-11-28,2,Vendor_35,4501.03,Standard operational expense,11,1,Normal
5865,2018-05-08,2,Vendor_97,117.07,Standard operational expense,5,1,Normal
5866,2018-07-17,8,Vendor_44,10793.11,Standard operational expense,7,1,Normal
5867,2019-06-03,2,Vendor_62,7690.09,Standard operational expense,6,1,Normal
5868,2024-07-18,1,Vendor_7,8813.82,Standard operational expense,7,1,Normal
5869,2021-10-26,6,Vendor_10,6081.62,Standard operational expense,10,1,Normal
5870,2022-05-14,3,Vendor_63,9240.05,Standard operational expense,5,1,Normal
5871,2019-09-02,8,Vendor_55,13002.89,Standard operational expense,9,1,Normal
5872,2018-05-14,1,Vendor_75,4117.58,Standard operational expense,5,1,Normal
5873,2021-01-16,2,Vendor_23,2936.25,Standard operational expense,1,1,Normal
5874,2018-05-24,5,Vendor_95,13586.49,Standard operational expense,5,1,Normal
5875,2020-10-26,6,Vendor_1,208.93,Standard operational expense,10,1,Normal
5876,2019-10-01,6,Vendor_99,11012.28,Standard operational expense,10,1,Normal
5877,2020-04-16,7,Vendor_12,3924.81,Standard operational expense,4,1,Normal
5878,2020-10-07,6,Vendor_52,33331.38,Emergency Year-end Fund Utilization,10,1,Normal
5879,2018-09-22,3,Vendor_10,9546.2,Standard operational expense,9,1,Normal
5880,2018-10-29,7,Vendor_37,10838.08,Standard operational expense,10,1,Normal
5881,2020-12-11,8,Vendor_13,6969.21,Standard operational expense,12,1,Normal
5882,2021-11-14,2,Vendor_48,12297.55,Standard operational expense,11,1,Normal
5883,2018-01-11,1,Vendor_74,737.76,Standard operational expense,1,1,Normal
5884,2024-08-17,1,Vendor_42,13779.34,Standard operational expense,8,1,Normal
5885,2023-05-01,3,Vendor_66,14503.42,Standard operational expense,5,1,Normal
5886,2024-07-24,1,Vendor_37,549.14,Standard operational expense,7,1,Normal
5887,2020-08-13,2,Vendor_4,4936.01,Standard operational expense,8,1,Normal
5888,2024-08-10,2,Vendor_53,12246.23,Standard operational expense,8,1,Normal
5889,2018-12-07,6,Vendor_28,30594.96,Emergency Year-end Fund Utilization,12,1,Normal
5890,2024-10-25,6,Vendor_89,5334.24,Emergency Year-end Fund Utilization,10,1,Normal
5891,2020-12-01,2,Vendor_81,5318.01,Standard operational expense,12,1,Normal
5892,2018-06-12,4,Vendor_7,11989.85,Standard operational expense,6,1,Normal
5893,2024-12-02,1,Vendor_9,3603.82,Standard operational expense,12,1,Normal
5894,2023-11-03,4,Vendor_85,11776.74,Standard operational expense,11,1,Normal
5895,2021-09-27,1,Vendor_83,5755.95,Standard operational expense,9,1,Normal
5896,2021-10-15,8,Vendor_76,3377.28,Standard operational expense,10,1,Normal
5897,2024-11-23,2,Vendor_32,1080.07,Standard operational expense,11,1,Normal
5898,2022-06-12,2,Vendor_61,10109.41,Standard operational expense,6,1,Normal
5899,2020-06-17,1,Vendor_26,1745.47,Standard operational expense,6,1,Normal
5900,2021-04-14,4,Vendor_11,7970.68,Standard operational expense,4,1,Normal
5901,2019-04-28,3,Vendor_19,8376.43,Standard operational expense,4,1,Normal
5902,2019-03-15,8,Vendor_46,8071.94,Standard operational expense,3,1,Normal
5903,2024-09-15,2,Vendor_12,1075.67,Standard operational expense,9,1,Normal
5904,2021-02-12,8,Vendor_55,5630.78,Standard operational expense,2,1,Normal
5905,2022-12-07,6,Vendor_5,12735.54,Emergency Year-end Fund Utilization,12,1,Normal
5906,2021-01-26,3,Vendor_42,13860.79,Standard operational expense,1,1,Normal
5907,2019-03-23,2,Vendor_92,594.63,Standard operational expense,3,1,Normal
5908,2022-01-17,8,Vendor_32,11277.48,Standard operational expense,1,1,Normal
5909,2021-02-23,3,Vendor_56,14017.75,Standard operational expense,2,1,Normal
5910,2022-10-11,8,Vendor_12,12375.77,Standard operational expense,10,1,Normal
5911,2021-08-13,7,Vendor_82,3523.05,Standard operational expense,8,1,Normal
5912,2019-03-24,8,Vendor_23,10324.32,Standard operational expense,3,1,Normal
5913,2021-12-17,1,Vendor_55,1181.59,Standard operational expense,12,1,Normal
5914,2022-09-21,4,Vendor_40,8158.1,Standard operational expense,9,1,Normal
5915,2018-07-05,7,Vendor_1,8185.55,Standard operational expense,7,1,Normal
5916,2021-09-26,1,Vendor_61,5929.3,Standard operational expense,9,1,Normal
5917,2022-01-21,4,Vendor_73,7577.62,Standard operational expense,1,1,Normal
5918,2018-07-31,8,Vendor_40,7024.38,Standard operational expense,7,1,Normal
5919,2024-07-06,5,Vendor_19,384.98,Standard operational expense,7,1,Normal
5920,2022-02-26,7,Vendor_56,3160.81,Standard operational expense,2,1,Normal
5921,2019-01-29,8,Vendor_75,7177.75,Standard operational expense,1,1,Normal
5922,2022-09-17,3,Vendor_3,425.59,Standard operational expense,9,1,Normal
5923,2023-02-01,5,Vendor_93,8893.48,Standard operational expense,2,1,Normal
5924,2024-09-12,4,Vendor_50,7564.33,Standard operational expense,9,1,Normal
5925,2021-08-05,1,Vendor_4,4593.01,Standard operational expense,8,1,Normal
5926,2022-12-13,6,Vendor_57,12156.0,Standard operational expense,12,1,Normal
5927,2020-11-29,6,Vendor_16,13951.83,Standard operational expense,11,1,Normal
5928,2019-08-22,4,Vendor_3,910.37,Standard operational expense,8,1,Normal
5929,2024-04-21,1,Vendor_3,9110.18,Standard operational expense,4,1,Normal
5930,2022-09-05,8,Vendor_58,13217.64,Standard operational expense,9,1,Normal
5931,2020-12-20,6,Vendor_39,16934.52,Emergency Year-end Fund Utilization,12,1,Normal
5932,2022-01-05,8,Vendor_12,7966.37,Standard operational expense,1,1,Normal
5933,2022-03-24,8,Vendor_46,12804.22,Standard operational expense,3,1,Normal
5934,2021-06-25,5,Vendor_5,1221.34,Standard operational expense,6,1,Normal
5935,2022-04-15,5,Vendor_5,14124.2,Standard operational expense,4,1,Normal
5936,2023-12-29,3,Vendor_50,13995.99,Standard operational expense,12,1,Normal
5937,2022-05-01,2,Vendor_84,815.58,Standard operational expense,5,1,Normal
5938,2018-06-24,4,Vendor_81,8367.15,Standard operational expense,6,1,Normal
5939,2024-11-21,7,Vendor_4,7680.23,Standard operational expense,11,1,Normal
5940,2020-08-12,4,Vendor_62,7075.85,Standard operational expense,8,1,Normal
5941,2018-12-06,1,Vendor_79,7445.93,Standard operational expense,12,1,Normal
5942,2023-01-23,7,Vendor_80,5482.62,Standard operational expense,1,1,Normal
5943,2020-12-19,5,Vendor_22,2048.91,Standard operational expense,12,1,Normal
5944,2024-01-17,5,Vendor_81,7409.7,Standard operational expense,1,1,Normal
5945,2021-03-02,5,Vendor_91,3183.6,Standard operational expense,3,1,Normal
5946,2024-09-02,5,Vendor_18,6233.6,Standard operational expense,9,1,Normal
5947,2018-12-17,6,Vendor_77,5793.42,Standard operational expense,12,1,Normal
5948,2018-04-27,4,Vendor_21,11580.83,Standard operational expense,4,1,Normal
5949,2022-08-31,8,Vendor_20,8160.85,Standard operational expense,8,1,Normal
5950,2019-04-10,8,Vendor_5,9294.44,Standard operational expense,4,1,Normal
5951,2019-06-10,8,Vendor_52,8196.21,Standard operational expense,6,1,Normal
5952,2021-05-24,7,Vendor_3,706.01,Standard operational expense,5,1,Normal
5953,2023-03-26,1,Vendor_83,11735.64,Standard operational expense,3,1,Normal
5954,2021-07-27,4,Vendor_1,892.0,Standard operational expense,7,1,Normal
5955,2023-07-28,3,Vendor_18,1269.18,Standard operational expense,7,1,Normal
5956,2019-04-07,2,Vendor_24,947.62,Standard operational expense,4,1,Normal
5957,2024-03-19,7,Vendor_99,7567.38,Standard operational expense,3,1,Normal
5958,2023-07-18,8,Vendor_62,11010.38,Standard operational expense,7,1,Normal
5959,2023-11-22,6,Vendor_7,58917.36,Emergency Year-end Fund Utilization,11,1,Normal
5960,2019-02-15,1,Vendor_13,9658.16,Standard operational expense,2,1,Normal
5961,2020-02-24,1,Vendor_90,12886.86,Standard operational expense,2,1,Normal
5962,2022-05-28,5,Vendor_4,11758.35,Standard operational expense,5,1,Normal
5963,2023-08-26,5,Vendor_58,12592.15,Standard operational expense,8,1,Normal
5964,2020-08-08,3,Vendor_81,9907.14,Standard operational expense,8,1,Normal
5965,2018-01-18,2,Vendor_76,379.08,Standard operational expense,1,1,Normal
5966,2022-05-12,1,Vendor_12,7179.69,Standard operational expense,5,1,Normal
5967,2023-04-17,3,Vendor_67,775.44,Standard operational expense,4,1,Normal
5968,2020-05-06,5,Vendor_67,369.19,Standard operational expense,5,1,Normal
5969,2019-08-26,2,Vendor_18,9172.4,Standard operational expense,8,1,Normal
5970,2024-08-28,5,Vendor_74,9158.56,Standard operational expense,8,1,Normal
5971,2019-04-30,5,Vendor_11,3088.0,Standard operational expense,4,1,Normal
5972,2019-09-16,1,Vendor_94,9709.96,Standard operational expense,9,1,Normal
5973,2023-11-02,2,Vendor_95,13122.59,Standard operational expense,11,1,Normal
5974,2019-08-28,8,Vendor_53,5031.18,Standard operational expense,8,1,Normal
5975,2022-08-07,2,Vendor_2,6837.6,Standard operational expense,8,1,Normal
5976,2023-06-01,2,Vendor_82,7378.85,Standard operational expense,6,1,Normal
5977,2023-01-04,5,Vendor_78,7887.39,Standard operational expense,1,1,Normal
5978,2023-09-23,1,Vendor_27,1269.54,Standard operational expense,9,1,Normal
5979,2021-12-05,5,Vendor_89,4301.92,Standard operational expense,12,1,Normal
5980,2022-10-12,6,Vendor_33,75260.28,Emergency Year-end Fund Utilization,10,-1,Anomaly
5981,2023-11-19,6,Vendor_62,82752.78,Emergency Year-end Fund Utilization,11,-1,Anomaly
5982,2018-12-04,2,Vendor_23,7413.03,Standard operational expense,12,1,Normal
5983,2024-03-14,1,Vendor_25,2749.27,Standard operational expense,3,1,Normal
5984,2020-09-18,5,Vendor_57,7641.93,Standard operational expense,9,1,Normal
5985,2019-12-18,1,Vendor_25,8585.43,Standard operational expense,12,1,Normal
5986,2022-11-12,7,Vendor_52,9759.31,Standard operational expense,11,1,Normal
5987,2022-06-04,8,Vendor_30,8568.58,Standard operational expense,6,1,Normal
5988,2019-09-27,3,Vendor_43,3300.73,Standard operational expense,9,1,Normal
5989,2019-11-29,1,Vendor_69,11622.52,Standard operational expense,11,1,Normal
5990,2019-05-13,8,Vendor_84,13287.75,Standard operational expense,5,1,Normal
5991,2018-11-04,8,Vendor_40,10514.24,Standard operational expense,11,1,Normal
5992,2021-05-28,5,Vendor_89,4301.18,Standard operational expense,5,1,Normal
5993,2022-10-04,5,Vendor_84,13183.94,Standard operational expense,10,1,Normal
5994,2021-03-23,8,Vendor_59,1959.78,Standard operational expense,3,1,Normal
5995,2024-02-03,5,Vendor_12,7022.16,Standard operational expense,2,1,Normal
5996,2021-04-24,1,Vendor_6,2450.38,Standard operational expense,4,1,Normal
5997,2021-03-04,5,Vendor_72,6318.39,Standard operational expense,3,1,Normal
5998,2018-09-16,8,Vendor_85,8777.71,Standard operational expense,9,1,Normal
5999,2023-12-17,6,Vendor_7,18174.84,Emergency Year-end Fund Utilization,12,1,Normal
6000,2019-03-23,7,Vendor_30,12988.03,Standard operational expense,3,1,Normal
6001,2021-10-06,6,Vendor_36,39488.04,Emergency Year-end Fund Utilization,10,1,Normal
6002,2023-10-16,5,Vendor_11,4967.5,Standard operational expense,10,1,Normal
6003,2022-10-20,2,Vendor_60,13516.04,Standard operational expense,10,1,Normal
6004,2019-10-12,2,Vendor_63,12594.81,Standard operational expense,10,1,Normal
6005,2018-07-08,7,Vendor_38,7762.11,Standard operational expense,7,1,Normal
6006,2023-03-27,1,Vendor_45,8167.3,Standard operational expense,3,1,Normal
6007,2021-11-09,5,Vendor_67,9024.6,Standard operational expense,11,1,Normal
6008,2019-04-19,7,Vendor_23,6081.66,Standard operational expense,4,1,Normal
6009,2019-11-25,8,Vendor_36,6822.75,Standard operational expense,11,1,Normal
6010,2021-05-20,8,Vendor_97,9477.5,Standard operational expense,5,1,Normal
6011,2020-07-12,2,Vendor_81,10061.02,Standard operational expense,7,1,Normal
6012,2020-04-20,4,Vendor_46,14190.28,Standard operational expense,4,1,Normal
6013,2024-10-15,4,Vendor_60,11104.5,Standard operational expense,10,1,Normal
6014,2024-11-14,6,Vendor_53,4585.58,Standard operational expense,11,1,Normal
6015,2018-05-25,3,Target_Vendor_A,21000.0,Project Alpha Phase 1,5,1,Normal
6016,2024-12-06,2,Vendor_83,11126.79,Standard operational expense,12,1,Normal
6017,2024-05-04,4,Vendor_92,8970.13,Standard operational expense,5,1,Normal
6018,2021-11-12,6,Vendor_46,2941.41,Standard operational expense,11,1,Normal
6019,2020-11-26,1,Vendor_47,6642.66,Standard operational expense,11,1,Normal
6020,2022-11-15,5,Vendor_88,8381.36,Standard operational expense,11,1,Normal
6021,2019-06-02,1,Vendor_37,8746.8,Standard operational expense,6,1,Normal
6022,2023-09-04,8,Vendor_49,10037.09,Standard operational expense,9,1,Normal
6023,2022-07-16,3,Vendor_53,362.49,Standard operational expense,7,1,Normal
6024,2024-10-19,6,Vendor_47,10904.51,Standard operational expense,10,1,Normal
6025,2023-09-22,4,Vendor_16,3416.05,Standard operational expense,9,1,Normal
6026,2022-11-25,6,Vendor_21,7060.13,Standard operational expense,11,1,Normal
6027,2021-12-05,6,Vendor_19,12007.62,Emergency Year-end Fund Utilization,12,1,Normal
6028,2023-09-04,3,Vendor_53,6778.76,Standard operational expense,9,1,Normal
6029,2024-04-17,2,Vendor_42,3901.16,Standard operational expense,4,1,Normal
6030,2024-02-01,3,Vendor_6,14157.07,Standard operational expense,2,1,Normal
6031,2019-10-01,6,Vendor_81,7420.53,Standard operational expense,10,1,Normal
6032,2019-08-13,2,Vendor_62,2504.46,Standard operational expense,8,1,Normal
6033,2022-12-09,6,Vendor_88,2520.94,Standard operational expense,12,1,Normal
6034,2020-04-25,5,Vendor_32,6182.95,Standard operational expense,4,1,Normal
6035,2019-05-08,1,Vendor_46,6803.45,Standard operational expense,5,1,Normal
6036,2020-08-21,1,Vendor_81,3525.06,Standard operational expense,8,1,Normal
6037,2023-06-10,5,Vendor_18,9963.94,Standard operational expense,6,1,Normal
6038,2024-03-12,3,Vendor_51,11964.61,Standard operational expense,3,1,Normal
6039,2019-07-02,1,Vendor_12,14293.69,Standard operational expense,7,1,Normal
6040,2023-04-09,8,Vendor_91,3586.55,Standard operational expense,4,1,Normal
6041,2021-02-21,8,Vendor_14,526.29,Standard operational expense,2,1,Normal
6042,2023-03-03,3,Vendor_57,3584.63,Standard operational expense,3,1,Normal
6043,2022-08-13,1,Vendor_77,11844.26,Standard operational expense,8,1,Normal
6044,2024-05-21,2,Vendor_54,8637.6,Standard operational expense,5,1,Normal
6045,2022-02-09,8,Vendor_76,3864.03,Standard operational expense,2,1,Normal
6046,2018-09-17,1,Vendor_56,5400.83,Standard operational expense,9,1,Normal
6047,2020-11-05,1,Vendor_86,3492.95,Standard operational expense,11,1,Normal
6048,2019-04-22,4,Vendor_56,3630.04,Standard operational expense,4,1,Normal
6049,2024-11-14,6,Vendor_22,7505.3,Standard operational expense,11,1,Normal
6050,2024-02-06,2,Vendor_96,14144.41,Standard operational expense,2,1,Normal
6051,2019-12-31,3,Vendor_76,14974.6,Standard operational expense,12,1,Normal
6052,2024-07-14,3,Vendor_96,1024.47,Standard operational expense,7,1,Normal
6053,2021-01-13,3,Vendor_76,6174.3,Standard operational expense,1,1,Normal
6054,2021-06-30,7,Vendor_89,14366.62,Standard operational expense,6,1,Normal
6055,2021-10-13,4,Vendor_35,10999.73,Standard operational expense,10,1,Normal
6056,2024-06-23,2,Vendor_20,6903.4,Standard operational expense,6,1,Normal
6057,2022-10-31,3,Vendor_72,6346.63,Standard operational expense,10,1,Normal
6058,2024-04-04,8,Vendor_80,11866.98,Standard operational expense,4,1,Normal
6059,2021-10-26,6,Vendor_11,82413.6,Emergency Year-end Fund Utilization,10,-1,Anomaly
6060,2020-07-26,7,Vendor_92,11556.81,Standard operational expense,7,1,Normal
6061,2021-05-24,3,Vendor_79,3926.61,Standard operational expense,5,1,Normal
6062,2022-07-08,1,Vendor_22,8632.0,Standard operational expense,7,1,Normal
6063,2018-06-06,2,Vendor_47,9536.93,Standard operational expense,6,1,Normal
6064,2021-09-15,3,Vendor_45,949.4,Standard operational expense,9,1,Normal
6065,2018-04-30,3,Vendor_21,1413.88,Standard operational expense,4,1,Normal
6066,2018-05-03,5,Vendor_21,5983.13,Standard operational expense,5,1,Normal
6067,2018-09-14,2,Vendor_86,1874.7,Standard operational expense,9,1,Normal
6068,2021-07-16,5,Vendor_21,3703.03,Standard operational expense,7,1,Normal
6069,2021-03-17,4,Vendor_50,10433.54,Standard operational expense,3,1,Normal
6070,2019-08-31,3,Vendor_79,1808.88,Standard operational expense,8,1,Normal
6071,2023-11-23,3,Vendor_99,8455.13,Standard operational expense,11,1,Normal
6072,2022-08-10,1,Vendor_50,11751.71,Standard operational expense,8,1,Normal
6073,2024-06-08,1,Vendor_10,12820.07,Standard operational expense,6,1,Normal
6074,2019-10-10,2,Vendor_34,5771.88,Standard operational expense,10,1,Normal
6075,2023-10-27,6,Vendor_1,75756.9,Emergency Year-end Fund Utilization,10,-1,Anomaly
6076,2021-04-14,1,Vendor_84,11524.88,Standard operational expense,4,1,Normal
6077,2018-08-10,5,Vendor_17,1658.84,Standard operational expense,8,1,Normal
6078,2024-10-28,2,Vendor_38,9308.53,Standard operational expense,10,1,Normal
6079,2020-11-02,3,Vendor_82,2107.86,Standard operational expense,11,1,Normal
6080,2024-08-09,1,Vendor_68,12217.47,Standard operational expense,8,1,Normal
6081,2018-02-26,1,Vendor_23,11353.02,Standard operational expense,2,1,Normal
6082,2021-11-04,5,Vendor_87,1241.38,Standard operational expense,11,1,Normal
6083,2019-02-14,5,Vendor_44,4142.71,Standard operational expense,2,1,Normal
6084,2023-06-07,4,Vendor_23,7082.68,Standard operational expense,6,1,Normal
6085,2020-01-15,2,Vendor_92,14304.5,Standard operational expense,1,1,Normal
6086,2024-11-21,2,Vendor_79,808.46,Standard operational expense,11,1,Normal
6087,2018-03-22,7,Vendor_80,5564.08,Standard operational expense,3,1,Normal
6088,2021-12-01,7,Vendor_33,8138.89,Standard operational expense,12,1,Normal
6089,2023-09-14,1,Vendor_24,2798.57,Standard operational expense,9,1,Normal
6090,2023-07-01,2,Vendor_39,2315.62,Standard operational expense,7,1,Normal
6091,2019-12-02,1,Vendor_25,7459.39,Standard operational expense,12,1,Normal
6092,2021-08-04,3,Vendor_33,4880.28,Standard operational expense,8,1,Normal
6093,2023-04-23,3,Vendor_16,4513.0,Standard operational expense,4,1,Normal
6094,2020-01-09,3,Vendor_98,10605.72,Standard operational expense,1,1,Normal
6095,2023-12-04,5,Vendor_25,9365.66,Standard operational expense,12,1,Normal
6096,2018-12-15,8,Vendor_96,2922.9,Standard operational expense,12,1,Normal
6097,2022-04-06,7,Vendor_23,7131.45,Standard operational expense,4,1,Normal
6098,2019-06-29,8,Vendor_69,14517.23,Standard operational expense,6,1,Normal
6099,2018-10-24,2,Vendor_88,6036.21,Standard operational expense,10,1,Normal
6100,2021-11-24,6,Vendor_93,45736.08,Emergency Year-end Fund Utilization,11,1,Normal
6101,2020-12-12,8,Vendor_7,3199.9,Standard operational expense,12,1,Normal
6102,2019-12-22,4,Vendor_25,5014.43,Standard operational expense,12,1,Normal
6103,2020-08-19,3,Vendor_93,10756.92,Standard operational expense,8,1,Normal
6104,2021-10-03,7,Vendor_86,12541.43,Standard operational expense,10,1,Normal
6105,2019-03-30,3,Vendor_60,10692.05,Standard operational expense,3,1,Normal
6106,2022-08-27,4,Vendor_2,4045.13,Standard operational expense,8,1,Normal
6107,2020-08-10,3,Vendor_22,12162.73,Standard operational expense,8,1,Normal
6108,2019-11-15,6,Vendor_56,77459.58,Emergency Year-end Fund Utilization,11,-1,Anomaly
6109,2018-04-20,2,Vendor_88,3108.39,Standard operational expense,4,1,Normal
6110,2019-11-01,4,Vendor_62,14353.15,Standard operational expense,11,1,Normal
6111,2020-02-01,8,Vendor_68,1364.66,Standard operational expense,2,1,Normal
6112,2023-10-28,4,Vendor_61,558.22,Standard operational expense,10,1,Normal
6113,2024-01-06,2,Vendor_48,7257.92,Standard operational expense,1,1,Normal
6114,2020-12-14,8,Vendor_38,2055.81,Standard operational expense,12,1,Normal
6115,2019-03-27,5,Vendor_10,8403.44,Standard operational expense,3,1,Normal
6116,2021-09-16,4,Vendor_35,13391.18,Standard operational expense,9,1,Normal
6117,2020-06-26,5,Vendor_85,11082.89,Standard operational expense,6,1,Normal
6118,2021-01-19,4,Vendor_22,13528.01,Standard operational expense,1,1,Normal
6119,2022-08-06,4,Vendor_14,13045.62,Standard operational expense,8,1,Normal
6120,2020-11-29,2,Vendor_43,4052.89,Standard operational expense,11,1,Normal
6121,2019-03-26,3,Vendor_50,7313.67,Standard operational expense,3,1,Normal
6122,2020-06-03,4,Vendor_6,7531.4,Standard operational expense,6,1,Normal
6123,2021-10-27,7,Vendor_67,6813.9,Standard operational expense,10,1,Normal
6124,2018-12-19,4,Vendor_21,11544.41,Standard operational expense,12,1,Normal
6125,2024-06-25,5,Vendor_48,14569.47,Standard operational expense,6,1,Normal
6126,2019-07-22,4,Vendor_95,5356.81,Standard operational expense,7,1,Normal
6127,2019-01-03,1,Vendor_24,629.0,Standard operational expense,1,1,Normal
6128,2021-09-30,3,Vendor_59,341.15,Standard operational expense,9,1,Normal
6129,2023-01-17,2,Vendor_79,2153.0,Standard operational expense,1,1,Normal
6130,2022-07-03,4,Vendor_5,12177.68,Standard operational expense,7,1,Normal
6131,2024-01-03,4,Vendor_19,4768.58,Standard operational expense,1,1,Normal
6132,2018-03-28,2,Vendor_59,570.81,Standard operational expense,3,1,Normal
6133,2023-01-29,2,Vendor_48,793.13,Standard operational expense,1,1,Normal
6134,2023-01-28,2,Vendor_27,6964.44,Standard operational expense,1,1,Normal
6135,2024-04-28,7,Vendor_6,13735.6,Standard operational expense,4,1,Normal
6136,2021-02-02,8,Vendor_54,13091.52,Standard operational expense,2,1,Normal
6137,2023-06-28,1,Vendor_87,112.77,Standard operational expense,6,1,Normal
6138,2018-01-23,4,Vendor_7,7808.41,Standard operational expense,1,1,Normal
6139,2024-04-19,4,Vendor_33,12178.24,Standard operational expense,4,1,Normal
6140,2018-03-20,3,Vendor_65,6213.55,Standard operational expense,3,1,Normal
6141,2024-07-03,7,Vendor_30,724.84,Standard operational expense,7,1,Normal
6142,2019-07-01,2,Vendor_68,5094.38,Standard operational expense,7,1,Normal
6143,2021-08-09,5,Vendor_45,7494.83,Standard operational expense,8,1,Normal
6144,2024-06-02,8,Vendor_12,10682.78,Standard operational expense,6,1,Normal
6145,2023-10-15,6,Vendor_16,9935.78,Standard operational expense,10,1,Normal
6146,2023-04-17,5,Vendor_31,6545.21,Standard operational expense,4,1,Normal
6147,2020-03-31,8,Vendor_49,1671.18,Standard operational expense,3,1,Normal
6148,2024-02-03,3,Vendor_38,4805.2,Standard operational expense,2,1,Normal
6149,2021-03-19,5,Vendor_46,11002.93,Standard operational expense,3,1,Normal
6150,2024-01-24,5,Vendor_68,10176.08,Standard operational expense,1,1,Normal
6151,2023-11-15,7,Vendor_68,14755.62,Standard operational expense,11,1,Normal
6152,2018-10-18,8,Vendor_36,2206.22,Standard operational expense,10,1,Normal
6153,2024-11-01,6,Vendor_70,79408.86,Emergency Year-end Fund Utilization,11,-1,Anomaly
6154,2020-01-16,4,Vendor_46,11936.97,Standard operational expense,1,1,Normal
6155,2019-11-30,6,Vendor_12,11967.4,Standard operational expense,11,1,Normal
6156,2023-01-20,3,Vendor_1,665.94,Standard operational expense,1,1,Normal
6157,2023-07-04,8,Vendor_93,7752.3,Standard operational expense,7,1,Normal
6158,2019-03-27,4,Vendor_39,2547.72,Standard operational expense,3,1,Normal
6159,2024-12-01,4,Vendor_97,10092.03,Standard operational expense,12,1,Normal
6160,2021-10-08,8,Vendor_11,14607.36,Standard operational expense,10,1,Normal
6161,2020-11-18,1,Vendor_51,6521.54,Standard operational expense,11,1,Normal
6162,2018-12-30,6,Vendor_36,6792.05,Standard operational expense,12,1,Normal
6163,2020-03-06,4,Vendor_89,6941.68,Standard operational expense,3,1,Normal
6164,2018-10-18,5,Vendor_76,8620.95,Standard operational expense,10,1,Normal
6165,2021-06-04,4,Vendor_76,5539.76,Standard operational expense,6,1,Normal
6166,2022-11-26,2,Vendor_82,10057.51,Standard operational expense,11,1,Normal
6167,2018-06-07,8,Vendor_77,10360.13,Standard operational expense,6,1,Normal
6168,2022-10-11,6,Vendor_85,2737.14,Emergency Year-end Fund Utilization,10,1,Normal
6169,2020-05-19,3,Vendor_28,5584.24,Standard operational expense,5,1,Normal
6170,2021-10-19,5,Vendor_27,6058.01,Standard operational expense,10,1,Normal
6171,2022-04-12,5,Vendor_39,11035.51,Standard operational expense,4,1,Normal
6172,2019-07-23,7,Vendor_93,5309.07,Standard operational expense,7,1,Normal
6173,2022-05-19,8,Vendor_30,8891.19,Standard operational expense,5,1,Normal
6174,2018-05-31,1,Vendor_61,1660.11,Standard operational expense,5,1,Normal
6175,2022-12-01,1,Vendor_34,13227.04,Standard operational expense,12,1,Normal
6176,2024-08-24,3,Vendor_73,8930.9,Standard operational expense,8,1,Normal
6177,2023-09-10,7,Vendor_2,11679.44,Standard operational expense,9,1,Normal
6178,2021-03-04,2,Vendor_55,1567.87,Standard operational expense,3,1,Normal
6179,2018-07-23,3,Vendor_59,3099.36,Standard operational expense,7,1,Normal
6180,2020-09-14,4,Vendor_11,10870.53,Standard operational expense,9,1,Normal
6181,2022-09-23,2,Vendor_26,12950.33,Standard operational expense,9,1,Normal
6182,2020-06-26,8,Vendor_69,11511.4,Standard operational expense,6,1,Normal
6183,2018-07-18,5,Vendor_89,4593.89,Standard operational expense,7,1,Normal
6184,2024-03-18,5,Vendor_11,8273.23,Standard operational expense,3,1,Normal
6185,2021-03-29,8,Vendor_34,1974.38,Standard operational expense,3,1,Normal
6186,2023-03-18,2,Vendor_21,9676.73,Standard operational expense,3,1,Normal
6187,2018-12-01,5,Vendor_67,7735.34,Standard operational expense,12,1,Normal
6188,2023-05-17,8,Vendor_35,8228.46,Standard operational expense,5,1,Normal
6189,2018-12-05,3,Vendor_39,739.39,Standard operational expense,12,1,Normal
6190,2020-10-30,2,Vendor_6,2142.41,Standard operational expense,10,1,Normal
6191,2019-03-06,3,Vendor_33,3179.25,Standard operational expense,3,1,Normal
6192,2022-06-01,3,Vendor_22,14616.66,Standard operational expense,6,1,Normal
6193,2019-05-06,4,Vendor_5,697.65,Standard operational expense,5,1,Normal
6194,2023-01-23,8,Vendor_40,5206.74,Standard operational expense,1,1,Normal
6195,2019-05-16,8,Vendor_7,9926.25,Standard operational expense,5,1,Normal
6196,2021-05-07,3,Vendor_41,9485.64,Standard operational expense,5,1,Normal
6197,2023-08-02,2,Vendor_91,2894.17,Standard operational expense,8,1,Normal
6198,2018-04-19,7,Vendor_10,9853.19,Standard operational expense,4,1,Normal
6199,2018-07-21,2,Vendor_68,7769.69,Standard operational expense,7,1,Normal
6200,2018-11-23,2,Vendor_53,12900.26,Standard operational expense,11,1,Normal
6201,2020-09-14,4,Vendor_97,11487.88,Standard operational expense,9,1,Normal
6202,2020-12-17,6,Vendor_76,89905.5,Emergency Year-end Fund Utilization,12,-1,Anomaly
6203,2023-03-30,2,Vendor_99,11982.97,Standard operational expense,3,1,Normal
6204,2021-12-23,5,Vendor_59,3928.84,Standard operational expense,12,1,Normal
6205,2023-03-03,4,Vendor_84,1370.08,Standard operational expense,3,1,Normal
6206,2024-08-21,1,Vendor_76,11708.56,Standard operational expense,8,1,Normal
6207,2021-10-10,1,Vendor_17,11190.14,Standard operational expense,10,1,Normal
6208,2019-06-23,1,Vendor_64,14403.78,Standard operational expense,6,1,Normal
6209,2020-11-28,2,Vendor_54,5824.42,Standard operational expense,11,1,Normal
6210,2020-12-04,8,Vendor_31,7075.94,Standard operational expense,12,1,Normal
6211,2020-09-29,1,Vendor_78,7626.85,Standard operational expense,9,1,Normal
6212,2018-10-28,1,Vendor_22,11980.13,Standard operational expense,10,1,Normal
6213,2018-06-10,3,Vendor_83,3918.18,Standard operational expense,6,1,Normal
6214,2018-06-22,7,Vendor_70,13905.53,Standard operational expense,6,1,Normal
6215,2018-01-06,4,Vendor_63,2254.96,Standard operational expense,1,1,Normal
6216,2023-08-08,1,Vendor_40,2008.37,Standard operational expense,8,1,Normal
6217,2021-04-03,7,Vendor_9,5449.44,Standard operational expense,4,1,Normal
6218,2020-05-26,8,Vendor_37,691.01,Standard operational expense,5,1,Normal
6219,2024-09-11,3,Vendor_78,4868.07,Standard operational expense,9,1,Normal
6220,2020-04-18,8,Vendor_42,8722.9,Standard operational expense,4,1,Normal
6221,2020-07-26,7,Vendor_41,14198.32,Standard operational expense,7,1,Normal
6222,2024-08-31,7,Vendor_90,13976.45,Standard operational expense,8,1,Normal
6223,2024-08-29,7,Vendor_7,7820.2,Standard operational expense,8,1,Normal
6224,2021-06-21,1,Vendor_67,1582.14,Standard operational expense,6,1,Normal
6225,2022-07-16,5,Vendor_94,255.37,Standard operational expense,7,1,Normal
6226,2019-11-16,3,Vendor_59,11069.94,Standard operational expense,11,1,Normal
6227,2020-12-13,2,Vendor_21,13830.75,Standard operational expense,12,1,Normal
6228,2018-01-16,8,Vendor_83,1809.57,Standard operational expense,1,1,Normal
6229,2023-03-19,1,Vendor_42,4706.1,Standard operational expense,3,1,Normal
6230,2024-11-25,6,Vendor_92,34087.44,Emergency Year-end Fund Utilization,11,1,Normal
6231,2020-10-23,7,Vendor_44,14792.87,Standard operational expense,10,1,Normal
6232,2024-01-12,3,Vendor_32,8502.8,Standard operational expense,1,1,Normal
6233,2018-04-09,5,Vendor_20,12634.09,Standard operational expense,4,1,Normal
6234,2023-12-11,8,Vendor_2,12869.12,Standard operational expense,12,1,Normal
6235,2018-03-09,3,Vendor_4,14254.42,Standard operational expense,3,1,Normal
6236,2022-06-20,1,Vendor_30,13652.32,Standard operational expense,6,1,Normal
6237,2024-03-27,8,Vendor_17,14445.52,Standard operational expense,3,1,Normal
6238,2024-10-07,6,Vendor_96,55678.26,Emergency Year-end Fund Utilization,10,1,Normal
6239,2021-03-21,4,Vendor_95,3382.78,Standard operational expense,3,1,Normal
6240,2024-01-04,5,Vendor_52,6570.47,Standard operational expense,1,1,Normal
6241,2020-01-02,1,Vendor_60,2082.99,Standard operational expense,1,1,Normal
6242,2022-06-22,3,Vendor_53,118.53,Standard operational expense,6,1,Normal
6243,2021-02-11,7,Vendor_63,244.99,Standard operational expense,2,1,Normal
6244,2022-05-12,5,Vendor_82,7024.63,Standard operational expense,5,1,Normal
6245,2024-06-20,8,Vendor_71,6439.33,Standard operational expense,6,1,Normal
6246,2024-12-24,6,Vendor_48,60831.9,Emergency Year-end Fund Utilization,12,1,Normal
6247,2020-06-02,3,Vendor_23,13516.13,Standard operational expense,6,1,Normal
6248,2024-02-07,5,Vendor_13,2964.26,Standard operational expense,2,1,Normal
6249,2023-11-18,6,Vendor_68,3104.88,Emergency Year-end Fund Utilization,11,1,Normal
6250,2019-01-17,8,Vendor_28,13079.87,Standard operational expense,1,1,Normal
6251,2024-08-31,7,Vendor_75,10575.65,Standard operational expense,8,1,Normal
6252,2018-02-19,2,Vendor_20,10439.69,Standard operational expense,2,1,Normal
6253,2020-09-30,4,Vendor_72,9294.11,Standard operational expense,9,1,Normal
6254,2018-12-05,5,Vendor_85,4802.64,Standard operational expense,12,1,Normal
6255,2023-02-17,1,Vendor_25,1718.87,Standard operational expense,2,1,Normal
6256,2021-08-06,1,Vendor_75,11409.93,Standard operational expense,8,1,Normal
6257,2020-09-24,1,Vendor_34,6556.8,Standard operational expense,9,1,Normal
6258,2018-09-20,7,Vendor_75,14604.69,Standard operational expense,9,1,Normal
6259,2022-10-26,3,Vendor_81,9155.07,Standard operational expense,10,1,Normal
6260,2021-10-11,3,Vendor_45,10570.89,Standard operational expense,10,1,Normal
6261,2021-11-02,5,Vendor_14,11931.48,Standard operational expense,11,1,Normal
6262,2023-09-16,5,Vendor_46,1987.86,Standard operational expense,9,1,Normal
6263,2022-08-03,5,Vendor_18,14964.49,Standard operational expense,8,1,Normal
6264,2024-05-05,4,Vendor_54,9739.79,Standard operational expense,5,1,Normal
6265,2021-06-19,8,Vendor_98,1825.94,Standard operational expense,6,1,Normal
6266,2022-12-25,8,Vendor_71,6442.24,Standard operational expense,12,1,Normal
6267,2020-04-14,5,Vendor_68,11026.39,Standard operational expense,4,1,Normal
6268,2021-11-17,7,Vendor_63,11570.88,Standard operational expense,11,1,Normal
6269,2022-10-14,6,Vendor_13,2454.83,Standard operational expense,10,1,Normal
6270,2018-01-17,7,Vendor_43,13521.65,Standard operational expense,1,1,Normal
6271,2024-03-09,3,Vendor_72,14990.36,Standard operational expense,3,1,Normal
6272,2018-10-11,5,Vendor_97,5209.25,Standard operational expense,10,1,Normal
6273,2020-01-07,7,Vendor_91,6955.54,Standard operational expense,1,1,Normal
6274,2021-09-25,1,Vendor_19,4769.82,Standard operational expense,9,1,Normal
6275,2021-04-13,5,Vendor_67,2945.44,Standard operational expense,4,1,Normal
6276,2021-03-11,7,Vendor_86,760.55,Standard operational expense,3,1,Normal
6277,2019-12-06,7,Vendor_84,6127.29,Standard operational expense,12,1,Normal
6278,2022-01-01,4,Vendor_59,12292.19,Standard operational expense,1,1,Normal
6279,2023-12-30,2,Vendor_94,11720.75,Standard operational expense,12,1,Normal
6280,2021-10-19,1,Vendor_53,5089.66,Standard operational expense,10,1,Normal
6281,2023-11-24,6,Vendor_15,4814.28,Emergency Year-end Fund Utilization,11,1,Normal
6282,2022-07-25,1,Vendor_94,10987.09,Standard operational expense,7,1,Normal
6283,2019-10-24,3,Vendor_19,13679.61,Standard operational expense,10,1,Normal
6284,2023-11-24,6,Vendor_95,53365.26,Emergency Year-end Fund Utilization,11,1,Normal
6285,2018-03-29,4,Vendor_16,11725.03,Standard operational expense,3,1,Normal
6286,2024-08-15,7,Vendor_84,11497.6,Standard operational expense,8,1,Normal
6287,2018-02-10,8,Vendor_13,13230.07,Standard operational expense,2,1,Normal
6288,2023-11-22,2,Vendor_81,7654.95,Standard operational expense,11,1,Normal
6289,2019-08-23,5,Vendor_47,9438.86,Standard operational expense,8,1,Normal
6290,2018-08-02,4,Vendor_41,10561.49,Standard operational expense,8,1,Normal
6291,2023-10-26,7,Vendor_18,10771.72,Standard operational expense,10,1,Normal
6292,2019-11-14,2,Vendor_52,4502.51,Standard operational expense,11,1,Normal
6293,2023-06-28,4,Vendor_52,11439.01,Standard operational expense,6,1,Normal
6294,2019-05-03,3,Vendor_11,5384.48,Standard operational expense,5,1,Normal
6295,2024-08-01,4,Vendor_79,14919.98,Standard operational expense,8,1,Normal
6296,2021-03-13,5,Vendor_67,11925.61,Standard operational expense,3,1,Normal
6297,2022-12-28,4,Vendor_61,1435.15,Standard operational expense,12,1,Normal
6298,2020-03-13,4,Vendor_85,4261.38,Standard operational expense,3,1,Normal
6299,2023-07-03,7,Vendor_4,8802.24,Standard operational expense,7,1,Normal
6300,2023-04-21,7,Vendor_24,7522.39,Standard operational expense,4,1,Normal
6301,2020-08-24,7,Vendor_12,13970.01,Standard operational expense,8,1,Normal
6302,2021-11-19,3,Vendor_29,11271.54,Standard operational expense,11,1,Normal
6303,2024-06-14,5,Vendor_91,7468.28,Standard operational expense,6,1,Normal
6304,2023-08-01,2,Vendor_66,8192.98,Standard operational expense,8,1,Normal
6305,2021-06-16,4,Vendor_94,9398.02,Standard operational expense,6,1,Normal
6306,2024-11-07,1,Vendor_3,14397.35,Standard operational expense,11,1,Normal
6307,2021-10-16,8,Vendor_30,3260.74,Standard operational expense,10,1,Normal
6308,2021-11-23,2,Vendor_38,13734.17,Standard operational expense,11,1,Normal
6309,2024-10-06,6,Vendor_78,29554.14,Emergency Year-end Fund Utilization,10,1,Normal
6310,2022-09-27,4,Vendor_78,7268.86,Standard operational expense,9,1,Normal
6311,2021-12-09,6,Vendor_74,7723.78,Standard operational expense,12,1,Normal
6312,2024-12-10,3,Vendor_36,5783.43,Standard operational expense,12,1,Normal
6313,2023-06-19,2,Vendor_3,3770.93,Standard operational expense,6,1,Normal
6314,2021-07-10,7,Vendor_64,10405.28,Standard operational expense,7,1,Normal
6315,2024-04-12,5,Vendor_93,14351.98,Standard operational expense,4,1,Normal
6316,2023-01-01,7,Vendor_83,6562.07,Standard operational expense,1,1,Normal
6317,2023-05-02,4,Vendor_79,11411.52,Standard operational expense,5,1,Normal
6318,2023-05-25,8,Vendor_67,8174.26,Standard operational expense,5,1,Normal
6319,2021-10-05,2,Vendor_25,6081.43,Standard operational expense,10,1,Normal
6320,2023-08-21,1,Vendor_48,8147.6,Standard operational expense,8,1,Normal
6321,2021-11-18,1,Vendor_19,2538.19,Standard operational expense,11,1,Normal
6322,2018-04-20,5,Vendor_32,13349.46,Standard operational expense,4,1,Normal
6323,2023-02-11,3,Vendor_81,12792.36,Standard operational expense,2,1,Normal
6324,2023-10-25,6,Vendor_86,11374.92,Emergency Year-end Fund Utilization,10,1,Normal
6325,2019-11-16,5,Vendor_19,5710.14,Standard operational expense,11,1,Normal
6326,2020-10-07,7,Vendor_29,1464.12,Standard operational expense,10,1,Normal
6327,2018-08-15,3,Vendor_61,14861.06,Standard operational expense,8,1,Normal
6328,2024-12-09,1,Vendor_51,11144.84,Standard operational expense,12,1,Normal
6329,2021-04-29,3,Vendor_22,10302.37,Standard operational expense,4,1,Normal
6330,2022-07-04,7,Vendor_44,6027.45,Standard operational expense,7,1,Normal
6331,2019-06-03,8,Vendor_17,3645.54,Standard operational expense,6,1,Normal
6332,2021-09-06,2,Vendor_86,12720.28,Standard operational expense,9,1,Normal
6333,2024-07-23,5,Vendor_35,8082.82,Standard operational expense,7,1,Normal
6334,2020-08-14,1,Vendor_67,1164.27,Standard operational expense,8,1,Normal
6335,2023-11-15,3,Vendor_59,10525.45,Standard operational expense,11,1,Normal
6336,2023-08-31,8,Vendor_19,14352.59,Standard operational expense,8,1,Normal
6337,2021-02-21,5,Vendor_78,2314.7,Standard operational expense,2,1,Normal
6338,2019-11-24,7,Vendor_62,11417.93,Standard operational expense,11,1,Normal
6339,2020-04-19,7,Vendor_19,11255.83,Standard operational expense,4,1,Normal
6340,2020-11-08,6,Vendor_51,3337.8,Emergency Year-end Fund Utilization,11,1,Normal
6341,2020-11-04,6,Vendor_62,45618.12,Emergency Year-end Fund Utilization,11,1,Normal
6342,2023-05-24,2,Vendor_62,13929.82,Standard operational expense,5,1,Normal
6343,2021-11-06,3,Vendor_54,1122.44,Standard operational expense,11,1,Normal
6344,2024-08-19,5,Vendor_98,5880.23,Standard operational expense,8,1,Normal
6345,2022-02-11,4,Vendor_84,9976.28,Standard operational expense,2,1,Normal
6346,2024-12-27,3,Vendor_30,13682.89,Standard operational expense,12,1,Normal
6347,2024-11-05,2,Vendor_49,2612.24,Standard operational expense,11,1,Normal
6348,2024-06-03,8,Vendor_54,973.1,Standard operational expense,6,1,Normal
6349,2022-09-12,4,Vendor_38,11600.09,Standard operational expense,9,1,Normal
6350,2023-05-18,2,Vendor_29,11601.79,Standard operational expense,5,1,Normal
6351,2024-02-05,1,Vendor_88,9929.02,Standard operational expense,2,1,Normal
6352,2022-11-08,8,Vendor_22,567.56,Standard operational expense,11,1,Normal
6353,2019-10-27,6,Vendor_89,71021.16,Emergency Year-end Fund Utilization,10,-1,Anomaly
6354,2023-04-10,5,Vendor_17,737.03,Standard operational expense,4,1,Normal
6355,2024-06-20,1,Vendor_48,8962.97,Standard operational expense,6,1,Normal
6356,2023-05-11,8,Vendor_78,8618.89,Standard operational expense,5,1,Normal
6357,2020-10-17,5,Vendor_27,12465.03,Standard operational expense,10,1,Normal
6358,2022-03-05,7,Vendor_21,1430.37,Standard operational expense,3,1,Normal
6359,2021-08-29,1,Vendor_91,529.84,Standard operational expense,8,1,Normal
6360,2022-11-23,6,Vendor_72,58784.94,Emergency Year-end Fund Utilization,11,1,Normal
6361,2024-07-07,3,Vendor_36,2360.19,Standard operational expense,7,1,Normal
6362,2023-10-15,4,Vendor_17,11680.7,Standard operational expense,10,1,Normal
6363,2024-09-17,5,Vendor_84,1423.23,Standard operational expense,9,1,Normal
6364,2019-10-10,2,Vendor_18,10409.78,Standard operational expense,10,1,Normal
6365,2018-05-05,2,Vendor_72,3903.31,Standard operational expense,5,1,Normal
6366,2023-05-25,2,Vendor_26,919.23,Standard operational expense,5,1,Normal
6367,2020-10-11,6,Vendor_42,23249.34,Emergency Year-end Fund Utilization,10,1,Normal
6368,2018-05-12,7,Vendor_86,10982.51,Standard operational expense,5,1,Normal
6369,2020-07-21,2,Vendor_21,9341.43,Standard operational expense,7,1,Normal
6370,2020-08-22,7,Vendor_43,13465.34,Standard operational expense,8,1,Normal
6371,2024-12-11,4,Vendor_86,4000.67,Standard operational expense,12,1,Normal
6372,2024-12-30,1,Vendor_1,1681.56,Standard operational expense,12,1,Normal
6373,2019-12-13,1,Vendor_68,6714.07,Standard operational expense,12,1,Normal
6374,2019-10-16,7,Vendor_9,9308.76,Standard operational expense,10,1,Normal
6375,2022-05-28,2,Vendor_17,4041.29,Standard operational expense,5,1,Normal
6376,2020-12-27,4,Vendor_3,8077.42,Standard operational expense,12,1,Normal
6377,2020-01-03,1,Vendor_54,5048.39,Standard operational expense,1,1,Normal
6378,2019-05-28,8,Vendor_46,698.5,Standard operational expense,5,1,Normal
6379,2019-03-08,7,Vendor_40,2358.97,Standard operational expense,3,1,Normal
6380,2021-07-03,3,Vendor_45,14313.15,Standard operational expense,7,1,Normal
6381,2020-05-04,5,Vendor_81,5443.5,Standard operational expense,5,1,Normal
6382,2023-09-29,5,Vendor_12,11660.87,Standard operational expense,9,1,Normal
6383,2022-06-08,4,Vendor_24,4143.72,Standard operational expense,6,1,Normal
6384,2019-12-16,7,Vendor_15,2170.51,Standard operational expense,12,1,Normal
6385,2022-01-12,8,Vendor_37,11762.75,Standard operational expense,1,1,Normal
6386,2023-09-13,7,Vendor_84,6490.96,Standard operational expense,9,1,Normal
6387,2022-10-19,6,Vendor_40,65895.36,Emergency Year-end Fund Utilization,10,1,Normal
6388,2018-06-01,2,Vendor_88,3609.17,Standard operational expense,6,1,Normal
6389,2021-08-15,1,Vendor_55,2764.62,Standard operational expense,8,1,Normal
6390,2019-01-02,1,Vendor_51,11612.76,Standard operational expense,1,1,Normal
6391,2022-02-16,5,Vendor_35,13651.54,Standard operational expense,2,1,Normal
6392,2020-07-18,8,Vendor_38,10027.29,Standard operational expense,7,1,Normal
6393,2018-06-20,8,Vendor_87,8970.54,Standard operational expense,6,1,Normal
6394,2018-07-08,2,Vendor_40,3240.43,Standard operational expense,7,1,Normal
6395,2019-12-04,6,Vendor_54,31904.46,Emergency Year-end Fund Utilization,12,1,Normal
6396,2024-07-17,2,Vendor_90,6213.99,Standard operational expense,7,1,Normal
6397,2023-12-05,6,Vendor_49,45120.3,Emergency Year-end Fund Utilization,12,1,Normal
6398,2019-10-03,6,Vendor_28,10042.17,Standard operational expense,10,1,Normal
6399,2022-01-07,7,Vendor_46,12338.89,Standard operational expense,1,1,Normal
6400,2019-09-29,2,Vendor_61,13835.81,Standard operational expense,9,1,Normal
6401,2024-11-01,1,Vendor_57,1833.47,Standard operational expense,11,1,Normal
6402,2018-07-10,4,Vendor_45,12257.28,Standard operational expense,7,1,Normal
6403,2024-12-24,1,Vendor_37,14998.08,Standard operational expense,12,1,Normal
6404,2018-03-31,3,Vendor_77,5381.89,Standard operational expense,3,1,Normal
6405,2019-10-10,6,Vendor_23,14920.88,Standard operational expense,10,1,Normal
6406,2023-03-15,7,Vendor_46,10270.41,Standard operational expense,3,1,Normal
6407,2018-01-13,7,Vendor_97,8962.64,Standard operational expense,1,1,Normal
6408,2019-11-21,7,Vendor_29,12271.91,Standard operational expense,11,1,Normal
6409,2019-11-08,7,Vendor_80,13835.33,Standard operational expense,11,1,Normal
6410,2021-08-16,2,Vendor_71,3361.14,Standard operational expense,8,1,Normal
6411,2022-11-01,6,Vendor_51,13570.82,Standard operational expense,11,1,Normal
6412,2023-06-09,3,Vendor_89,10219.42,Standard operational expense,6,1,Normal
6413,2024-06-15,1,Vendor_28,14137.98,Standard operational expense,6,1,Normal
6414,2018-02-01,3,Vendor_36,3066.62,Standard operational expense,2,1,Normal
6415,2022-10-17,6,Vendor_66,14935.62,Emergency Year-end Fund Utilization,10,1,Normal
6416,2021-11-05,6,Vendor_93,12190.74,Emergency Year-end Fund Utilization,11,1,Normal
6417,2019-03-23,4,Vendor_20,3959.04,Standard operational expense,3,1,Normal
6418,2022-12-30,7,Vendor_90,7807.05,Standard operational expense,12,1,Normal
6419,2022-04-22,3,Vendor_63,12859.43,Standard operational expense,4,1,Normal
6420,2020-02-28,8,Vendor_79,4786.71,Standard operational expense,2,1,Normal
6421,2022-04-22,5,Vendor_85,460.97,Standard operational expense,4,1,Normal
6422,2021-01-12,1,Vendor_87,7572.31,Standard operational expense,1,1,Normal
6423,2019-03-04,7,Vendor_35,9936.81,Standard operational expense,3,1,Normal
6424,2023-04-29,8,Vendor_8,13229.43,Standard operational expense,4,1,Normal
6425,2021-06-25,3,Vendor_18,7549.7,Standard operational expense,6,1,Normal
6426,2019-08-27,4,Vendor_64,7892.02,Standard operational expense,8,1,Normal
6427,2018-09-04,2,Vendor_4,5674.17,Standard operational expense,9,1,Normal
6428,2022-06-11,5,Vendor_23,1956.71,Standard operational expense,6,1,Normal
6429,2020-08-02,8,Vendor_47,325.1,Standard operational expense,8,1,Normal
6430,2021-04-03,2,Vendor_37,12174.73,Standard operational expense,4,1,Normal
6431,2021-08-10,5,Vendor_5,12062.44,Standard operational expense,8,1,Normal
6432,2022-09-12,8,Vendor_2,12062.71,Standard operational expense,9,1,Normal
6433,2020-07-19,5,Vendor_35,1284.43,Standard operational expense,7,1,Normal
6434,2020-04-19,8,Vendor_71,4738.86,Standard operational expense,4,1,Normal
6435,2018-12-13,5,Vendor_81,2700.2,Standard operational expense,12,1,Normal
6436,2019-11-17,6,Vendor_24,1681.56,Emergency Year-end Fund Utilization,11,1,Normal
6437,2020-11-07,3,Vendor_11,3528.08,Standard operational expense,11,1,Normal
6438,2022-07-17,8,Vendor_4,11082.56,Standard operational expense,7,1,Normal
6439,2022-10-08,4,Vendor_32,2990.31,Standard operational expense,10,1,Normal
6440,2022-09-11,5,Vendor_85,7672.95,Standard operational expense,9,1,Normal
6441,2023-06-10,1,Vendor_58,131.0,Standard operational expense,6,1,Normal
6442,2021-12-25,3,Vendor_6,6808.19,Standard operational expense,12,1,Normal
6443,2024-10-07,5,Vendor_4,6069.76,Standard operational expense,10,1,Normal
6444,2018-06-14,2,Vendor_97,5512.45,Standard operational expense,6,1,Normal
6445,2020-12-01,5,Vendor_84,5021.88,Standard operational expense,12,1,Normal
6446,2024-09-29,4,Vendor_5,7625.45,Standard operational expense,9,1,Normal
6447,2020-11-03,6,Vendor_21,85200.72,Emergency Year-end Fund Utilization,11,-1,Anomaly
6448,2018-01-30,7,Vendor_93,11142.17,Standard operational expense,1,1,Normal
6449,2020-12-17,6,Vendor_52,84948.84,Emergency Year-end Fund Utilization,12,-1,Anomaly
6450,2020-10-17,1,Vendor_71,3875.05,Standard operational expense,10,1,Normal
6451,2024-12-14,6,Vendor_53,12663.44,Standard operational expense,12,1,Normal
6452,2020-10-04,8,Vendor_4,823.04,Standard operational expense,10,1,Normal
6453,2018-10-17,4,Vendor_99,6216.94,Standard operational expense,10,1,Normal
6454,2023-05-13,8,Vendor_15,6742.74,Standard operational expense,5,1,Normal
6455,2018-12-13,8,Vendor_10,6494.66,Standard operational expense,12,1,Normal
6456,2023-03-19,2,Vendor_12,1707.18,Standard operational expense,3,1,Normal
6457,2018-11-08,6,Vendor_32,45871.86,Emergency Year-end Fund Utilization,11,1,Normal
6458,2023-12-03,2,Vendor_90,7007.7,Standard operational expense,12,1,Normal
6459,2020-08-22,4,Vendor_46,1677.6,Standard operational expense,8,1,Normal
6460,2024-11-04,4,Vendor_77,11288.08,Standard operational expense,11,1,Normal
6461,2024-08-07,3,Vendor_25,13467.29,Standard operational expense,8,1,Normal
6462,2023-08-26,5,Vendor_36,4358.52,Standard operational expense,8,1,Normal
6463,2018-10-27,3,Vendor_80,1711.43,Standard operational expense,10,1,Normal
6464,2018-03-17,4,Vendor_12,11590.09,Standard operational expense,3,1,Normal
6465,2020-07-09,4,Vendor_86,7597.95,Standard operational expense,7,1,Normal
6466,2023-12-23,6,Vendor_38,32259.300000000003,Emergency Year-end Fund Utilization,12,1,Normal
6467,2024-09-09,7,Vendor_91,9409.52,Standard operational expense,9,1,Normal
6468,2020-05-21,3,Vendor_2,5763.58,Standard operational expense,5,1,Normal
6469,2019-01-08,2,Vendor_42,11176.45,Standard operational expense,1,1,Normal
6470,2018-01-31,5,Vendor_86,8393.43,Standard operational expense,1,1,Normal
6471,2022-12-11,6,Vendor_81,3777.5,Standard operational expense,12,1,Normal
6472,2019-11-21,2,Vendor_73,10820.36,Standard operational expense,11,1,Normal
6473,2019-03-25,4,Vendor_11,6734.66,Standard operational expense,3,1,Normal
6474,2022-12-11,2,Vendor_3,4535.19,Standard operational expense,12,1,Normal
6475,2018-05-08,8,Vendor_43,5734.49,Standard operational expense,5,1,Normal
6476,2023-04-13,3,Vendor_58,7885.48,Standard operational expense,4,1,Normal
6477,2023-09-27,2,Vendor_59,14135.54,Standard operational expense,9,1,Normal
6478,2018-06-10,7,Vendor_18,8429.15,Standard operational expense,6,1,Normal
6479,2018-07-02,1,Vendor_15,7445.47,Standard operational expense,7,1,Normal
6480,2020-08-14,3,Vendor_53,9121.43,Standard operational expense,8,1,Normal
6481,2024-06-23,8,Vendor_15,10761.99,Standard operational expense,6,1,Normal
6482,2022-01-10,1,Vendor_50,10119.95,Standard operational expense,1,1,Normal
6483,2023-01-26,7,Vendor_15,4518.17,Standard operational expense,1,1,Normal
6484,2024-02-29,5,Vendor_31,3575.54,Standard operational expense,2,1,Normal
6485,2023-10-22,6,Vendor_97,8970.83,Standard operational expense,10,1,Normal
6486,2018-07-22,7,Vendor_57,2031.58,Standard operational expense,7,1,Normal
6487,2024-05-16,1,Vendor_97,14251.42,Standard operational expense,5,1,Normal
6488,2021-04-12,4,Vendor_78,13539.62,Standard operational expense,4,1,Normal
6489,2022-07-29,4,Vendor_91,10964.58,Standard operational expense,7,1,Normal
6490,2018-06-25,5,Vendor_60,7881.42,Standard operational expense,6,1,Normal
6491,2018-09-11,8,Vendor_43,7050.72,Standard operational expense,9,1,Normal
6492,2023-10-07,1,Vendor_34,13559.48,Standard operational expense,10,1,Normal
6493,2018-03-25,5,Vendor_91,11319.69,Standard operational expense,3,1,Normal
6494,2022-10-28,5,Vendor_17,8648.79,Standard operational expense,10,1,Normal
6495,2024-11-08,3,Vendor_83,10720.02,Standard operational expense,11,1,Normal
6496,2024-05-02,7,Vendor_22,4143.4,Standard operational expense,5,1,Normal
6497,2024-05-29,7,Vendor_43,5669.16,Standard operational expense,5,1,Normal
6498,2024-07-30,5,Vendor_36,8174.03,Standard operational expense,7,1,Normal
6499,2024-05-27,7,Vendor_68,11290.99,Standard operational expense,5,1,Normal
6500,2018-05-06,7,Vendor_28,11975.68,Standard operational expense,5,1,Normal
6501,2022-12-27,3,Vendor_39,14302.42,Standard operational expense,12,1,Normal
6502,2023-09-14,7,Vendor_83,8308.0,Standard operational expense,9,1,Normal
6503,2023-11-25,6,Vendor_29,67284.95999999999,Emergency Year-end Fund Utilization,11,1,Normal
6504,2022-12-21,6,Vendor_99,73152.84,Emergency Year-end Fund Utilization,12,-1,Anomaly
6505,2022-05-11,8,Vendor_18,13472.55,Standard operational expense,5,1,Normal
6506,2023-09-22,1,Vendor_10,14880.15,Standard operational expense,9,1,Normal
6507,2023-12-22,8,Vendor_4,11438.72,Standard operational expense,12,1,Normal
6508,2020-11-23,3,Vendor_44,3029.04,Standard operational expense,11,1,Normal
6509,2018-07-23,7,Vendor_58,11339.89,Standard operational expense,7,1,Normal
6510,2021-10-06,6,Vendor_23,3500.7000000000003,Emergency Year-end Fund Utilization,10,1,Normal
6511,2020-05-20,7,Vendor_46,7931.37,Standard operational expense,5,1,Normal
6512,2018-03-21,3,Vendor_49,11917.4,Standard operational expense,3,1,Normal
6513,2021-09-29,2,Vendor_94,486.3,Standard operational expense,9,1,Normal
6514,2024-11-07,6,Vendor_15,89648.4,Emergency Year-end Fund Utilization,11,-1,Anomaly
6515,2020-03-31,5,Vendor_77,4962.78,Standard operational expense,3,1,Normal
6516,2021-11-27,6,Vendor_15,39201.36,Emergency Year-end Fund Utilization,11,1,Normal
6517,2019-06-05,5,Vendor_9,665.46,Standard operational expense,6,1,Normal
6518,2022-12-07,6,Vendor_25,61770.96,Emergency Year-end Fund Utilization,12,1,Normal
6519,2020-06-11,7,Vendor_71,7903.94,Standard operational expense,6,1,Normal
6520,2023-05-10,1,Vendor_54,13242.55,Standard operational expense,5,1,Normal
6521,2024-03-25,2,Vendor_37,1579.96,Standard operational expense,3,1,Normal
6522,2024-08-12,3,Vendor_92,7468.09,Standard operational expense,8,1,Normal
6523,2019-12-27,7,Vendor_46,3541.29,Standard operational expense,12,1,Normal
6524,2020-04-27,8,Vendor_31,6379.84,Standard operational expense,4,1,Normal
6525,2019-07-19,1,Vendor_31,772.15,Standard operational expense,7,1,Normal
6526,2022-12-24,7,Vendor_72,2797.83,Standard operational expense,12,1,Normal
6527,2018-03-01,1,Vendor_44,11573.59,Standard operational expense,3,1,Normal
6528,2021-05-15,7,Vendor_22,13123.28,Standard operational expense,5,1,Normal
6529,2019-07-13,5,Vendor_30,14701.57,Standard operational expense,7,1,Normal
6530,2018-09-15,7,Vendor_71,12454.36,Standard operational expense,9,1,Normal
6531,2020-11-16,5,Vendor_17,1340.74,Standard operational expense,11,1,Normal
6532,2020-10-10,6,Vendor_8,68760.29999999999,Emergency Year-end Fund Utilization,10,-1,Anomaly
6533,2019-11-04,7,Vendor_7,4284.13,Standard operational expense,11,1,Normal
6534,2019-09-22,4,Vendor_84,12480.45,Standard operational expense,9,1,Normal
6535,2024-01-03,5,Vendor_78,13448.67,Standard operational expense,1,1,Normal
6536,2024-10-07,5,Vendor_57,6633.18,Standard operational expense,10,1,Normal
6537,2024-11-12,6,Vendor_24,34709.58,Emergency Year-end Fund Utilization,11,1,Normal
6538,2018-05-13,2,Vendor_43,12400.56,Standard operational expense,5,1,Normal
6539,2018-09-19,2,Vendor_67,2015.42,Standard operational expense,9,1,Normal
6540,2018-10-17,7,Vendor_58,14184.91,Standard operational expense,10,1,Normal
6541,2023-11-03,7,Vendor_47,5431.16,Standard operational expense,11,1,Normal
6542,2024-07-08,1,Vendor_73,1412.58,Standard operational expense,7,1,Normal
6543,2024-04-06,4,Vendor_71,13541.39,Standard operational expense,4,1,Normal
6544,2023-07-15,5,Vendor_1,5760.66,Standard operational expense,7,1,Normal
6545,2024-08-09,8,Vendor_30,12039.55,Standard operational expense,8,1,Normal
6546,2018-05-07,7,Vendor_98,6187.38,Standard operational expense,5,1,Normal
6547,2021-08-28,4,Vendor_74,4357.71,Standard operational expense,8,1,Normal
6548,2024-07-22,5,Vendor_13,1459.51,Standard operational expense,7,1,Normal
6549,2024-07-12,5,Vendor_50,11511.6,Standard operational expense,7,1,Normal
6550,2020-06-10,7,Vendor_37,11081.0,Standard operational expense,6,1,Normal
6551,2020-03-08,5,Vendor_64,1413.5,Standard operational expense,3,1,Normal
6552,2022-01-18,5,Vendor_4,13165.69,Standard operational expense,1,1,Normal
6553,2023-02-01,8,Vendor_33,5760.59,Standard operational expense,2,1,Normal
6554,2019-11-03,1,Vendor_37,11847.85,Standard operational expense,11,1,Normal
6555,2023-07-04,4,Vendor_59,2353.48,Standard operational expense,7,1,Normal
6556,2020-11-25,1,Vendor_8,10860.0,Standard operational expense,11,1,Normal
6557,2021-04-16,2,Vendor_38,3242.27,Standard operational expense,4,1,Normal
6558,2020-12-03,6,Vendor_68,74984.1,Emergency Year-end Fund Utilization,12,-1,Anomaly
6559,2019-02-06,1,Vendor_41,867.58,Standard operational expense,2,1,Normal
6560,2019-01-08,4,Vendor_83,6294.74,Standard operational expense,1,1,Normal
6561,2020-07-20,8,Vendor_8,13552.32,Standard operational expense,7,1,Normal
6562,2018-12-28,8,Vendor_76,14939.01,Standard operational expense,12,1,Normal
6563,2022-07-04,7,Vendor_57,1392.92,Standard operational expense,7,1,Normal
6564,2024-02-20,4,Vendor_7,5640.55,Standard operational expense,2,1,Normal
6565,2023-01-27,2,Vendor_53,9776.32,Standard operational expense,1,1,Normal
6566,2020-08-18,1,Vendor_95,7232.93,Standard operational expense,8,1,Normal
6567,2022-08-08,8,Vendor_10,4447.74,Standard operational expense,8,1,Normal
6568,2019-12-27,4,Vendor_29,8568.61,Standard operational expense,12,1,Normal
6569,2018-10-13,6,Vendor_61,33497.88,Emergency Year-end Fund Utilization,10,1,Normal
6570,2018-07-15,2,Vendor_86,13463.5,Standard operational expense,7,1,Normal
6571,2018-01-09,4,Vendor_17,14401.93,Standard operational expense,1,1,Normal
6572,2020-11-01,4,Vendor_5,8126.18,Standard operational expense,11,1,Normal
6573,2023-06-03,5,Vendor_48,11614.07,Standard operational expense,6,1,Normal
6574,2020-01-15,1,Vendor_68,6704.53,Standard operational expense,1,1,Normal
6575,2023-01-01,8,Vendor_33,14929.72,Standard operational expense,1,1,Normal
6576,2019-12-04,7,Vendor_28,2155.8,Standard operational expense,12,1,Normal
6577,2018-07-18,1,Vendor_90,504.7,Standard operational expense,7,1,Normal
6578,2021-11-05,5,Vendor_57,5305.83,Standard operational expense,11,1,Normal
6579,2020-12-31,6,Vendor_28,9737.86,Standard operational expense,12,1,Normal
6580,2021-04-13,7,Vendor_59,12059.8,Standard operational expense,4,1,Normal
6581,2021-05-28,3,Vendor_6,5419.22,Standard operational expense,5,1,Normal
6582,2022-07-13,2,Vendor_74,6656.49,Standard operational expense,7,1,Normal
6583,2020-06-13,4,Vendor_9,8647.83,Standard operational expense,6,1,Normal
6584,2020-12-12,5,Vendor_71,3843.76,Standard operational expense,12,1,Normal
6585,2018-02-09,2,Vendor_39,10263.03,Standard operational expense,2,1,Normal
6586,2018-07-02,8,Vendor_65,12802.25,Standard operational expense,7,1,Normal
6587,2019-05-12,5,Vendor_90,6048.66,Standard operational expense,5,1,Normal
6588,2019-11-16,1,Vendor_1,9367.08,Standard operational expense,11,1,Normal
6589,2018-11-15,3,Vendor_31,581.18,Standard operational expense,11,1,Normal
6590,2023-06-12,5,Vendor_34,12034.71,Standard operational expense,6,1,Normal
6591,2022-02-19,1,Vendor_75,4456.83,Standard operational expense,2,1,Normal
6592,2018-01-25,3,Vendor_52,10116.39,Standard operational expense,1,1,Normal
6593,2020-10-08,3,Vendor_69,2950.75,Standard operational expense,10,1,Normal
6594,2023-11-27,4,Vendor_27,7717.09,Standard operational expense,11,1,Normal
6595,2019-12-21,7,Vendor_58,6548.61,Standard operational expense,12,1,Normal
6596,2024-10-15,1,Vendor_21,4790.28,Standard operational expense,10,1,Normal
6597,2022-10-20,7,Vendor_29,13726.92,Standard operational expense,10,1,Normal
6598,2024-09-27,3,Vendor_11,14988.77,Standard operational expense,9,1,Normal
6599,2021-12-10,3,Vendor_79,9509.34,Standard operational expense,12,1,Normal
6600,2021-02-19,8,Vendor_46,114.88,Standard operational expense,2,1,Normal
6601,2018-05-05,8,Vendor_66,10685.92,Standard operational expense,5,1,Normal
6602,2023-12-27,6,Vendor_52,24674.04,Emergency Year-end Fund Utilization,12,1,Normal
6603,2020-09-16,7,Vendor_89,3330.52,Standard operational expense,9,1,Normal
6604,2024-09-19,4,Vendor_17,9255.29,Standard operational expense,9,1,Normal
6605,2020-06-08,3,Vendor_52,479.64,Standard operational expense,6,1,Normal
6606,2021-12-13,4,Vendor_44,3104.14,Standard operational expense,12,1,Normal
6607,2022-12-18,5,Vendor_49,4442.86,Standard operational expense,12,1,Normal
6608,2018-09-05,3,Vendor_32,11878.34,Standard operational expense,9,1,Normal
6609,2022-11-27,6,Vendor_63,88855.44,Emergency Year-end Fund Utilization,11,-1,Anomaly
6610,2018-05-08,8,Vendor_9,7733.5,Standard operational expense,5,1,Normal
6611,2018-10-22,3,Vendor_10,6465.21,Standard operational expense,10,1,Normal
6612,2018-12-15,6,Vendor_11,9959.22,Emergency Year-end Fund Utilization,12,1,Normal
6613,2018-05-16,2,Vendor_23,3014.57,Standard operational expense,5,1,Normal
6614,2021-02-16,2,Vendor_39,3553.77,Standard operational expense,2,1,Normal
6615,2019-06-07,2,Vendor_71,2077.06,Standard operational expense,6,1,Normal
6616,2019-07-27,4,Vendor_8,6725.55,Standard operational expense,7,1,Normal
6617,2021-07-16,4,Vendor_54,10443.94,Standard operational expense,7,1,Normal
6618,2022-05-06,3,Vendor_66,14281.94,Standard operational expense,5,1,Normal
6619,2024-02-03,2,Vendor_69,13373.15,Standard operational expense,2,1,Normal
6620,2020-08-01,1,Vendor_4,3992.5,Standard operational expense,8,1,Normal
6621,2021-01-26,3,Vendor_56,10870.4,Standard operational expense,1,1,Normal
6622,2022-10-23,5,Vendor_4,3143.19,Standard operational expense,10,1,Normal
6623,2019-10-03,2,Vendor_20,6876.96,Standard operational expense,10,1,Normal
6624,2020-03-05,2,Vendor_82,3592.39,Standard operational expense,3,1,Normal
6625,2019-12-15,8,Vendor_51,842.76,Standard operational expense,12,1,Normal
6626,2023-10-21,6,Vendor_55,46667.4,Emergency Year-end Fund Utilization,10,1,Normal
6627,2021-01-06,3,Vendor_16,2957.81,Standard operational expense,1,1,Normal
6628,2019-10-22,6,Vendor_78,8622.68,Standard operational expense,10,1,Normal
6629,2019-05-16,4,Vendor_19,3849.63,Standard operational expense,5,1,Normal
6630,2021-05-05,8,Vendor_77,8113.69,Standard operational expense,5,1,Normal
6631,2022-11-04,6,Vendor_7,2417.2,Standard operational expense,11,1,Normal
6632,2023-05-22,3,Vendor_31,3146.78,Standard operational expense,5,1,Normal
6633,2023-05-18,5,Vendor_32,9986.13,Standard operational expense,5,1,Normal
6634,2024-01-06,7,Vendor_11,10125.73,Standard operational expense,1,1,Normal
6635,2020-05-10,4,Vendor_59,10372.23,Standard operational expense,5,1,Normal
6636,2023-02-02,8,Vendor_85,4111.92,Standard operational expense,2,1,Normal
6637,2021-07-09,7,Vendor_40,4557.56,Standard operational expense,7,1,Normal
6638,2019-10-19,5,Vendor_12,9127.21,Standard operational expense,10,1,Normal
6639,2018-09-18,2,Vendor_20,3426.12,Standard operational expense,9,1,Normal
6640,2018-07-19,1,Vendor_56,7920.02,Standard operational expense,7,1,Normal
6641,2019-07-20,3,Vendor_28,7736.59,Standard operational expense,7,1,Normal
6642,2023-03-14,8,Vendor_90,2956.18,Standard operational expense,3,1,Normal
6643,2023-07-30,7,Vendor_9,10964.1,Standard operational expense,7,1,Normal
6644,2020-03-17,3,Vendor_76,6899.02,Standard operational expense,3,1,Normal
6645,2021-02-14,1,Vendor_95,8873.49,Standard operational expense,2,1,Normal
6646,2018-11-06,6,Vendor_91,88268.34,Emergency Year-end Fund Utilization,11,-1,Anomaly
6647,2019-11-27,8,Vendor_13,3739.93,Standard operational expense,11,1,Normal
6648,2020-11-13,5,Vendor_87,13167.76,Standard operational expense,11,1,Normal
6649,2023-09-28,3,Vendor_98,1771.76,Standard operational expense,9,1,Normal
6650,2023-05-23,3,Vendor_47,4527.52,Standard operational expense,5,1,Normal
6651,2021-12-07,4,Vendor_23,5574.13,Standard operational expense,12,1,Normal
6652,2018-08-15,3,Vendor_8,10627.84,Standard operational expense,8,1,Normal
6653,2023-09-27,8,Vendor_29,14596.59,Standard operational expense,9,1,Normal
6654,2023-09-05,5,Vendor_38,7393.05,Standard operational expense,9,1,Normal
6655,2020-11-11,6,Vendor_76,43194.24,Emergency Year-end Fund Utilization,11,1,Normal
6656,2020-12-16,6,Vendor_34,957.72,Emergency Year-end Fund Utilization,12,1,Normal
6657,2018-04-28,5,Vendor_40,9005.46,Standard operational expense,4,1,Normal
6658,2022-07-31,5,Vendor_66,10468.83,Standard operational expense,7,1,Normal
6659,2024-09-27,4,Vendor_1,2397.01,Standard operational expense,9,1,Normal
6660,2018-06-16,8,Vendor_82,13856.27,Standard operational expense,6,1,Normal
6661,2021-11-30,6,Vendor_99,5239.53,Standard operational expense,11,1,Normal
6662,2019-11-02,8,Vendor_4,5771.63,Standard operational expense,11,1,Normal
6663,2024-12-19,6,Vendor_95,14582.61,Standard operational expense,12,1,Normal
6664,2024-10-23,6,Vendor_12,18812.76,Emergency Year-end Fund Utilization,10,1,Normal
6665,2021-07-30,5,Vendor_55,9945.18,Standard operational expense,7,1,Normal
6666,2021-12-08,2,Vendor_19,10304.54,Standard operational expense,12,1,Normal
6667,2024-07-17,2,Vendor_38,10035.7,Standard operational expense,7,1,Normal
6668,2022-12-16,6,Vendor_14,54351.78,Emergency Year-end Fund Utilization,12,1,Normal
6669,2021-10-06,6,Vendor_76,46358.28,Emergency Year-end Fund Utilization,10,1,Normal
6670,2023-11-18,7,Vendor_36,14844.17,Standard operational expense,11,1,Normal
6671,2018-05-05,7,Vendor_34,7544.52,Standard operational expense,5,1,Normal
6672,2024-12-28,2,Vendor_70,10324.07,Standard operational expense,12,1,Normal
6673,2019-12-17,6,Vendor_84,24653.16,Emergency Year-end Fund Utilization,12,1,Normal
6674,2020-05-23,1,Vendor_14,2670.32,Standard operational expense,5,1,Normal
6675,2023-02-23,4,Vendor_95,11981.39,Standard operational expense,2,1,Normal
6676,2019-06-13,1,Vendor_86,7511.43,Standard operational expense,6,1,Normal
6677,2022-11-08,8,Vendor_55,7545.39,Standard operational expense,11,1,Normal
6678,2019-10-30,1,Vendor_55,10696.99,Standard operational expense,10,1,Normal
6679,2018-01-13,7,Vendor_28,1322.19,Standard operational expense,1,1,Normal
6680,2023-08-18,8,Vendor_87,10475.78,Standard operational expense,8,1,Normal
6681,2023-02-09,5,Vendor_33,12733.13,Standard operational expense,2,1,Normal
6682,2024-02-22,7,Vendor_46,2456.73,Standard operational expense,2,1,Normal
6683,2021-07-08,8,Vendor_17,8829.64,Standard operational expense,7,1,Normal
6684,2024-07-07,4,Vendor_35,7870.97,Standard operational expense,7,1,Normal
6685,2019-12-03,5,Vendor_66,6449.58,Standard operational expense,12,1,Normal
6686,2020-10-13,5,Vendor_74,4507.22,Standard operational expense,10,1,Normal
6687,2024-11-18,7,Vendor_54,5635.96,Standard operational expense,11,1,Normal
6688,2024-12-26,2,Vendor_39,11453.25,Standard operational expense,12,1,Normal
6689,2018-09-20,8,Vendor_26,4904.04,Standard operational expense,9,1,Normal
6690,2018-12-09,6,Vendor_56,14828.7,Standard operational expense,12,1,Normal
6691,2022-08-22,2,Vendor_47,3700.41,Standard operational expense,8,1,Normal
6692,2023-07-19,3,Vendor_32,1485.41,Standard operational expense,7,1,Normal
6693,2018-10-18,6,Vendor_17,2176.56,Emergency Year-end Fund Utilization,10,1,Normal
6694,2022-11-15,6,Vendor_52,6455.88,Standard operational expense,11,1,Normal
6695,2020-10-15,7,Vendor_33,11652.47,Standard operational expense,10,1,Normal
6696,2024-02-12,4,Vendor_48,7509.09,Standard operational expense,2,1,Normal
6697,2024-11-18,3,Vendor_99,9521.88,Standard operational expense,11,1,Normal
6698,2018-11-21,3,Vendor_37,9376.86,Standard operational expense,11,1,Normal
6699,2023-07-23,5,Vendor_25,14202.97,Standard operational expense,7,1,Normal
6700,2021-10-18,6,Vendor_4,22739.94,Emergency Year-end Fund Utilization,10,1,Normal
6701,2020-11-22,6,Vendor_69,47816.4,Emergency Year-end Fund Utilization,11,1,Normal
6702,2018-08-09,2,Vendor_37,6615.11,Standard operational expense,8,1,Normal
6703,2024-03-08,7,Vendor_6,11654.89,Standard operational expense,3,1,Normal
6704,2021-06-25,5,Vendor_63,7526.27,Standard operational expense,6,1,Normal
6705,2019-02-21,5,Vendor_52,7064.42,Standard operational expense,2,1,Normal
6706,2020-04-25,3,Vendor_94,14054.88,Standard operational expense,4,1,Normal
6707,2019-03-28,5,Vendor_67,3597.59,Standard operational expense,3,1,Normal
6708,2021-11-02,6,Vendor_11,49214.81999999999,Emergency Year-end Fund Utilization,11,1,Normal
6709,2020-11-26,6,Vendor_7,2491.1,Standard operational expense,11,1,Normal
6710,2024-04-29,8,Vendor_67,11985.8,Standard operational expense,4,1,Normal
6711,2024-06-06,1,Vendor_36,11803.46,Standard operational expense,6,1,Normal
6712,2021-09-20,5,Vendor_49,8879.57,Standard operational expense,9,1,Normal
6713,2024-10-24,6,Vendor_70,1483.26,Emergency Year-end Fund Utilization,10,1,Normal
6714,2018-06-27,2,Vendor_55,3691.34,Standard operational expense,6,1,Normal
6715,2018-04-01,3,Vendor_41,2232.97,Standard operational expense,4,1,Normal
6716,2020-02-19,2,Vendor_75,1852.37,Standard operational expense,2,1,Normal
6717,2018-05-18,4,Vendor_77,3215.16,Standard operational expense,5,1,Normal
6718,2024-10-09,8,Vendor_69,5480.25,Standard operational expense,10,1,Normal
6719,2021-07-14,4,Vendor_10,12628.42,Standard operational expense,7,1,Normal
6720,2023-09-26,5,Vendor_6,5399.16,Standard operational expense,9,1,Normal
6721,2019-06-07,1,Vendor_56,3244.1,Standard operational expense,6,1,Normal
6722,2018-03-07,4,Vendor_85,5559.11,Standard operational expense,3,1,Normal
6723,2024-07-06,8,Vendor_3,14202.23,Standard operational expense,7,1,Normal
6724,2023-07-11,2,Vendor_54,7575.7,Standard operational expense,7,1,Normal
6725,2024-04-09,7,Vendor_82,12401.15,Standard operational expense,4,1,Normal
6726,2018-12-29,2,Vendor_13,12777.11,Standard operational expense,12,1,Normal
6727,2020-12-10,6,Vendor_18,4459.200000000001,Emergency Year-end Fund Utilization,12,1,Normal
6728,2018-11-07,6,Vendor_39,10919.76,Emergency Year-end Fund Utilization,11,1,Normal
6729,2021-11-20,8,Vendor_53,9466.61,Standard operational expense,11,1,Normal
6730,2023-01-19,4,Vendor_65,9133.83,Standard operational expense,1,1,Normal
6731,2021-02-28,3,Vendor_9,2043.89,Standard operational expense,2,1,Normal
6732,2018-02-05,7,Vendor_50,14449.34,Standard operational expense,2,1,Normal
6733,2022-05-10,8,Vendor_83,10627.76,Standard operational expense,5,1,Normal
6734,2021-12-02,6,Vendor_27,8006.5,Standard operational expense,12,1,Normal
6735,2020-08-14,3,Vendor_51,3964.56,Standard operational expense,8,1,Normal
6736,2021-07-03,1,Vendor_36,1476.78,Standard operational expense,7,1,Normal
6737,2023-07-06,8,Vendor_68,13084.64,Standard operational expense,7,1,Normal
6738,2022-01-15,4,Vendor_89,9429.03,Standard operational expense,1,1,Normal
6739,2024-05-18,3,Vendor_83,11028.28,Standard operational expense,5,1,Normal
6740,2023-02-28,8,Vendor_4,8906.61,Standard operational expense,2,1,Normal
6741,2022-03-09,8,Vendor_61,13641.53,Standard operational expense,3,1,Normal
6742,2018-08-07,5,Vendor_67,11337.61,Standard operational expense,8,1,Normal
6743,2022-01-29,3,Vendor_44,11981.56,Standard operational expense,1,1,Normal
6744,2024-12-24,2,Vendor_46,12200.36,Standard operational expense,12,1,Normal
6745,2019-09-06,2,Vendor_27,8632.25,Standard operational expense,9,1,Normal
6746,2022-12-17,6,Vendor_76,14673.66,Standard operational expense,12,1,Normal
6747,2019-03-08,3,Vendor_52,1741.03,Standard operational expense,3,1,Normal
6748,2021-10-20,4,Vendor_21,3548.11,Standard operational expense,10,1,Normal
6749,2024-12-14,2,Vendor_83,7876.76,Standard operational expense,12,1,Normal
6750,2020-09-29,1,Vendor_17,2116.11,Standard operational expense,9,1,Normal
6751,2022-10-21,1,Vendor_57,8973.68,Standard operational expense,10,1,Normal
6752,2022-03-16,5,Vendor_13,6273.08,Standard operational expense,3,1,Normal
6753,2022-08-22,5,Vendor_63,10401.06,Standard operational expense,8,1,Normal
6754,2018-10-05,6,Vendor_10,4284.2,Standard operational expense,10,1,Normal
6755,2021-01-11,3,Vendor_37,11099.46,Standard operational expense,1,1,Normal
6756,2024-09-05,5,Vendor_92,13810.73,Standard operational expense,9,1,Normal
6757,2018-08-30,3,Vendor_79,8294.84,Standard operational expense,8,1,Normal
6758,2021-05-27,1,Vendor_80,13041.78,Standard operational expense,5,1,Normal
6759,2022-12-23,5,Vendor_4,1144.64,Standard operational expense,12,1,Normal
6760,2021-05-17,2,Vendor_26,8053.79,Standard operational expense,5,1,Normal
6761,2023-10-28,4,Vendor_29,11394.14,Standard operational expense,10,1,Normal
6762,2023-12-25,6,Vendor_59,6444.68,Standard operational expense,12,1,Normal
6763,2024-10-04,4,Vendor_13,10289.32,Standard operational expense,10,1,Normal
6764,2023-04-24,1,Vendor_55,1433.78,Standard operational expense,4,1,Normal
6765,2021-11-29,1,Vendor_67,13167.88,Standard operational expense,11,1,Normal
6766,2019-01-01,4,Vendor_84,793.85,Standard operational expense,1,1,Normal
6767,2018-09-15,4,Vendor_55,12586.28,Standard operational expense,9,1,Normal
6768,2019-11-03,3,Vendor_91,7283.13,Standard operational expense,11,1,Normal
6769,2024-12-06,6,Vendor_80,11019.3,Emergency Year-end Fund Utilization,12,1,Normal
6770,2022-01-08,1,Vendor_19,6275.7,Standard operational expense,1,1,Normal
6771,2020-06-28,3,Vendor_56,4864.68,Standard operational expense,6,1,Normal
6772,2020-12-22,1,Vendor_11,13449.37,Standard operational expense,12,1,Normal
6773,2018-02-03,1,Vendor_64,3701.53,Standard operational expense,2,1,Normal
6774,2021-01-15,2,Vendor_66,4964.77,Standard operational expense,1,1,Normal
6775,2019-02-19,3,Vendor_54,1778.98,Standard operational expense,2,1,Normal
6776,2021-06-10,8,Vendor_59,2333.76,Standard operational expense,6,1,Normal
6777,2018-06-17,7,Vendor_38,7697.17,Standard operational expense,6,1,Normal
6778,2021-11-10,5,Vendor_19,5846.31,Standard operational expense,11,1,Normal
6779,2022-06-29,2,Vendor_62,10709.32,Standard operational expense,6,1,Normal
6780,2020-12-26,6,Vendor_56,4646.1,Emergency Year-end Fund Utilization,12,1,Normal
6781,2023-10-14,5,Vendor_86,14992.29,Standard operational expense,10,1,Normal
6782,2021-12-24,8,Vendor_50,1024.17,Standard operational expense,12,1,Normal
6783,2021-10-16,6,Vendor_41,3984.56,Standard operational expense,10,1,Normal
6784,2022-01-22,4,Vendor_71,9807.25,Standard operational expense,1,1,Normal
6785,2018-12-13,3,Vendor_95,12067.56,Standard operational expense,12,1,Normal
6786,2021-06-30,2,Vendor_73,3515.17,Standard operational expense,6,1,Normal
6787,2019-08-07,7,Vendor_51,6625.99,Standard operational expense,8,1,Normal
6788,2021-04-13,8,Vendor_78,1825.53,Standard operational expense,4,1,Normal
6789,2019-03-16,8,Vendor_16,4471.82,Standard operational expense,3,1,Normal
6790,2021-05-01,4,Vendor_75,8959.52,Standard operational expense,5,1,Normal
6791,2019-05-17,3,Vendor_3,4504.95,Standard operational expense,5,1,Normal
6792,2019-02-16,2,Vendor_72,2562.04,Standard operational expense,2,1,Normal
6793,2023-11-18,5,Vendor_25,10072.96,Standard operational expense,11,1,Normal
6794,2023-10-19,6,Vendor_71,45944.88,Emergency Year-end Fund Utilization,10,1,Normal
6795,2021-10-12,6,Vendor_40,8128.68,Emergency Year-end Fund Utilization,10,1,Normal
6796,2019-06-10,5,Vendor_87,1099.28,Standard operational expense,6,1,Normal
6797,2018-01-10,7,Vendor_12,8509.07,Standard operational expense,1,1,Normal
6798,2022-06-08,4,Vendor_14,9258.22,Standard operational expense,6,1,Normal
6799,2020-11-24,7,Vendor_19,1853.78,Standard operational expense,11,1,Normal
6800,2022-05-12,1,Vendor_18,2974.12,Standard operational expense,5,1,Normal
6801,2024-04-12,3,Vendor_26,9574.87,Standard operational expense,4,1,Normal
6802,2018-12-25,6,Vendor_26,61235.58,Emergency Year-end Fund Utilization,12,1,Normal
6803,2023-12-14,1,Vendor_25,12445.42,Standard operational expense,12,1,Normal
6804,2020-03-08,2,Vendor_11,14805.15,Standard operational expense,3,1,Normal
6805,2019-01-27,3,Vendor_30,10998.58,Standard operational expense,1,1,Normal
6806,2019-08-29,4,Vendor_15,8860.34,Standard operational expense,8,1,Normal
6807,2022-01-03,3,Vendor_8,11670.33,Standard operational expense,1,1,Normal
6808,2020-12-02,2,Vendor_47,10467.84,Standard operational expense,12,1,Normal
6809,2022-04-11,4,Vendor_5,2087.49,Standard operational expense,4,1,Normal
6810,2023-12-31,4,Vendor_93,2867.25,Standard operational expense,12,1,Normal
6811,2022-10-09,3,Vendor_72,9278.09,Standard operational expense,10,1,Normal
6812,2019-06-15,7,Vendor_10,2954.01,Standard operational expense,6,1,Normal
6813,2022-11-17,1,Vendor_54,13591.37,Standard operational expense,11,1,Normal
6814,2020-08-09,4,Vendor_87,2752.44,Standard operational expense,8,1,Normal
6815,2018-12-25,7,Vendor_72,13174.68,Standard operational expense,12,1,Normal
6816,2021-11-09,6,Vendor_35,9887.97,Standard operational expense,11,1,Normal
6817,2019-04-07,8,Vendor_79,9558.84,Standard operational expense,4,1,Normal
6818,2024-03-31,1,Vendor_25,13403.78,Standard operational expense,3,1,Normal
6819,2018-09-29,8,Vendor_83,5863.06,Standard operational expense,9,1,Normal
6820,2022-08-02,5,Vendor_11,332.17,Standard operational expense,8,1,Normal
6821,2019-10-24,5,Vendor_62,10461.73,Standard operational expense,10,1,Normal
6822,2024-03-31,8,Vendor_94,9242.03,Standard operational expense,3,1,Normal
6823,2023-07-24,5,Vendor_60,5565.47,Standard operational expense,7,1,Normal
6824,2024-08-23,2,Vendor_57,6005.52,Standard operational expense,8,1,Normal
6825,2022-08-01,7,Vendor_29,11408.5,Standard operational expense,8,1,Normal
6826,2019-12-19,2,Vendor_47,5827.11,Standard operational expense,12,1,Normal
6827,2022-11-15,6,Vendor_8,20676.6,Emergency Year-end Fund Utilization,11,1,Normal
6828,2021-12-21,8,Vendor_5,13979.94,Standard operational expense,12,1,Normal
6829,2018-05-15,4,Vendor_2,14587.7,Standard operational expense,5,1,Normal
6830,2022-06-14,3,Vendor_77,2986.56,Standard operational expense,6,1,Normal
6831,2022-09-05,5,Vendor_17,865.28,Standard operational expense,9,1,Normal
6832,2023-07-05,8,Vendor_69,7270.73,Standard operational expense,7,1,Normal
6833,2022-01-18,3,Vendor_50,12860.75,Standard operational expense,1,1,Normal
6834,2018-02-11,1,Vendor_78,14775.81,Standard operational expense,2,1,Normal
6835,2021-03-16,8,Vendor_76,7999.24,Standard operational expense,3,1,Normal
6836,2019-12-12,8,Vendor_25,8096.66,Standard operational expense,12,1,Normal
6837,2020-02-22,3,Vendor_83,13187.82,Standard operational expense,2,1,Normal
6838,2022-04-08,3,Vendor_34,3388.48,Standard operational expense,4,1,Normal
6839,2021-01-31,3,Vendor_44,5247.11,Standard operational expense,1,1,Normal
6840,2021-07-03,7,Vendor_23,4306.6,Standard operational expense,7,1,Normal
6841,2023-03-09,2,Vendor_60,9263.72,Standard operational expense,3,1,Normal
6842,2022-07-30,5,Vendor_22,13772.97,Standard operational expense,7,1,Normal
6843,2019-08-05,7,Vendor_24,9808.63,Standard operational expense,8,1,Normal
6844,2019-12-21,6,Vendor_73,74258.16,Emergency Year-end Fund Utilization,12,-1,Anomaly
6845,2019-12-17,4,Vendor_95,11096.82,Standard operational expense,12,1,Normal
6846,2019-02-11,2,Vendor_19,11557.86,Standard operational expense,2,1,Normal
6847,2023-07-03,8,Vendor_56,1860.62,Standard operational expense,7,1,Normal
6848,2020-08-21,7,Vendor_58,5807.35,Standard operational expense,8,1,Normal
6849,2021-11-22,6,Vendor_66,60483.0,Emergency Year-end Fund Utilization,11,1,Normal
6850,2021-01-24,5,Vendor_72,3715.8,Standard operational expense,1,1,Normal
6851,2024-10-23,6,Vendor_89,907.74,Emergency Year-end Fund Utilization,10,1,Normal
6852,2019-06-24,4,Vendor_89,3400.32,Standard operational expense,6,1,Normal
6853,2024-08-16,8,Vendor_38,9270.78,Standard operational expense,8,1,Normal
6854,2019-11-22,4,Vendor_31,8646.73,Standard operational expense,11,1,Normal
6855,2021-04-28,8,Vendor_6,10539.12,Standard operational expense,4,1,Normal
6856,2021-03-08,7,Vendor_2,9457.47,Standard operational expense,3,1,Normal
6857,2023-12-11,5,Vendor_51,5012.23,Standard operational expense,12,1,Normal
6858,2022-02-22,5,Vendor_7,4988.38,Standard operational expense,2,1,Normal
6859,2020-06-14,8,Vendor_62,8942.8,Standard operational expense,6,1,Normal
6860,2024-12-06,8,Vendor_43,12851.69,Standard operational expense,12,1,Normal
6861,2019-04-14,8,Vendor_14,9144.3,Standard operational expense,4,1,Normal
6862,2019-08-28,5,Vendor_18,6118.95,Standard operational expense,8,1,Normal
6863,2022-09-11,1,Vendor_64,3365.26,Standard operational expense,9,1,Normal
6864,2018-03-01,3,Vendor_21,2243.91,Standard operational expense,3,1,Normal
6865,2018-09-27,4,Vendor_92,12535.48,Standard operational expense,9,1,Normal
6866,2018-03-26,7,Vendor_66,9128.0,Standard operational expense,3,1,Normal
6867,2023-02-19,8,Vendor_37,4956.68,Standard operational expense,2,1,Normal
6868,2020-05-03,7,Vendor_15,6611.25,Standard operational expense,5,1,Normal
6869,2019-12-25,6,Vendor_64,7855.62,Emergency Year-end Fund Utilization,12,1,Normal
6870,2024-07-25,1,Vendor_44,12247.04,Standard operational expense,7,1,Normal
6871,2021-08-02,3,Vendor_63,10787.35,Standard operational expense,8,1,Normal
6872,2023-08-04,4,Vendor_12,8110.7,Standard operational expense,8,1,Normal
6873,2020-01-26,2,Vendor_92,5031.58,Standard operational expense,1,1,Normal
6874,2020-04-07,3,Vendor_16,5453.23,Standard operational expense,4,1,Normal
6875,2019-09-22,1,Vendor_31,10519.19,Standard operational expense,9,1,Normal
6876,2018-09-14,3,Vendor_9,9284.87,Standard operational expense,9,1,Normal
6877,2021-12-30,8,Vendor_19,5795.07,Standard operational expense,12,1,Normal
6878,2021-10-20,5,Vendor_9,7856.55,Standard operational expense,10,1,Normal
6879,2019-11-08,7,Vendor_55,3355.21,Standard operational expense,11,1,Normal
6880,2022-01-10,2,Vendor_43,5432.54,Standard operational expense,1,1,Normal
6881,2022-11-28,5,Vendor_91,11396.26,Standard operational expense,11,1,Normal
6882,2020-03-11,1,Vendor_56,3150.62,Standard operational expense,3,1,Normal
6883,2022-10-05,6,Vendor_31,13658.7,Emergency Year-end Fund Utilization,10,1,Normal
6884,2021-04-29,7,Vendor_1,9018.36,Standard operational expense,4,1,Normal
6885,2018-04-20,2,Vendor_64,161.39,Standard operational expense,4,1,Normal
6886,2020-01-26,5,Vendor_46,4133.39,Standard operational expense,1,1,Normal
6887,2023-07-22,8,Vendor_73,4033.84,Standard operational expense,7,1,Normal
6888,2021-10-12,7,Vendor_6,12414.84,Standard operational expense,10,1,Normal
6889,2020-05-26,4,Vendor_91,14752.89,Standard operational expense,5,1,Normal
6890,2023-07-14,2,Vendor_20,11745.99,Standard operational expense,7,1,Normal
6891,2019-09-20,3,Vendor_78,11431.96,Standard operational expense,9,1,Normal
6892,2019-12-05,6,Vendor_99,30407.7,Emergency Year-end Fund Utilization,12,1,Normal
6893,2024-04-28,3,Vendor_64,6301.2,Standard operational expense,4,1,Normal
6894,2024-02-12,5,Vendor_23,5144.32,Standard operational expense,2,1,Normal
6895,2018-12-18,5,Vendor_36,8767.19,Standard operational expense,12,1,Normal
6896,2024-07-01,1,Vendor_6,7099.3,Standard operational expense,7,1,Normal
6897,2024-01-19,4,Vendor_52,4577.89,Standard operational expense,1,1,Normal
6898,2020-03-03,7,Vendor_39,3539.09,Standard operational expense,3,1,Normal
6899,2023-12-28,3,Vendor_3,13808.24,Standard operational expense,12,1,Normal
6900,2018-09-13,3,Vendor_8,439.83,Standard operational expense,9,1,Normal
6901,2022-12-11,4,Vendor_92,3514.86,Standard operational expense,12,1,Normal
6902,2022-04-01,8,Vendor_76,1851.75,Standard operational expense,4,1,Normal
6903,2020-11-05,4,Vendor_12,11560.56,Standard operational expense,11,1,Normal
6904,2018-04-03,5,Vendor_17,5301.65,Standard operational expense,4,1,Normal
6905,2022-07-05,8,Vendor_94,11775.75,Standard operational expense,7,1,Normal
6906,2022-10-14,5,Vendor_16,1785.15,Standard operational expense,10,1,Normal
6907,2019-07-08,3,Vendor_28,5018.9,Standard operational expense,7,1,Normal
6908,2022-09-05,4,Vendor_24,7570.01,Standard operational expense,9,1,Normal
6909,2021-01-03,8,Vendor_62,11929.69,Standard operational expense,1,1,Normal
6910,2022-11-09,7,Vendor_18,6415.3,Standard operational expense,11,1,Normal
6911,2019-02-02,7,Vendor_12,14833.17,Standard operational expense,2,1,Normal
6912,2023-11-22,3,Vendor_33,8086.77,Standard operational expense,11,1,Normal
6913,2024-08-18,8,Vendor_95,7052.91,Standard operational expense,8,1,Normal
6914,2023-01-19,5,Vendor_3,7081.56,Standard operational expense,1,1,Normal
6915,2018-09-06,8,Vendor_58,9181.57,Standard operational expense,9,1,Normal
6916,2021-06-13,5,Vendor_36,2570.87,Standard operational expense,6,1,Normal
6917,2020-02-26,8,Vendor_58,3153.92,Standard operational expense,2,1,Normal
6918,2023-03-14,2,Vendor_1,3345.59,Standard operational expense,3,1,Normal
6919,2018-11-04,6,Vendor_75,13759.920000000002,Emergency Year-end Fund Utilization,11,1,Normal
6920,2024-01-03,8,Vendor_98,1211.15,Standard operational expense,1,1,Normal
6921,2024-11-04,3,Vendor_95,9792.14,Standard operational expense,11,1,Normal
6922,2018-07-20,2,Vendor_51,11743.37,Standard operational expense,7,1,Normal
6923,2024-12-30,5,Vendor_66,5852.41,Standard operational expense,12,1,Normal
6924,2018-12-04,5,Vendor_84,13234.35,Standard operational expense,12,1,Normal
6925,2022-01-11,8,Vendor_49,11015.08,Standard operational expense,1,1,Normal
6926,2022-02-28,2,Vendor_49,7292.38,Standard operational expense,2,1,Normal
6927,2021-10-06,6,Vendor_88,83588.70000000001,Emergency Year-end Fund Utilization,10,-1,Anomaly
6928,2020-10-18,4,Vendor_49,6629.59,Standard operational expense,10,1,Normal
6929,2020-06-14,3,Vendor_10,9134.55,Standard operational expense,6,1,Normal
6930,2024-06-30,7,Vendor_32,1409.06,Standard operational expense,6,1,Normal
6931,2024-05-08,4,Vendor_28,3579.05,Standard operational expense,5,1,Normal
6932,2024-08-12,4,Vendor_76,11298.91,Standard operational expense,8,1,Normal
6933,2021-10-23,8,Vendor_2,12823.8,Standard operational expense,10,1,Normal
6934,2024-05-15,8,Vendor_73,8973.01,Standard operational expense,5,1,Normal
6935,2019-07-20,7,Vendor_81,6133.69,Standard operational expense,7,1,Normal
6936,2024-07-01,4,Vendor_73,10461.58,Standard operational expense,7,1,Normal
6937,2022-03-28,1,Vendor_83,1061.24,Standard operational expense,3,1,Normal
6938,2024-06-25,8,Vendor_23,10716.91,Standard operational expense,6,1,Normal
6939,2021-11-09,6,Vendor_37,23359.2,Emergency Year-end Fund Utilization,11,1,Normal
6940,2024-12-18,4,Vendor_80,9816.41,Standard operational expense,12,1,Normal
6941,2020-10-02,8,Vendor_95,12885.93,Standard operational expense,10,1,Normal
6942,2018-11-12,8,Vendor_43,14538.13,Standard operational expense,11,1,Normal
6943,2020-07-03,4,Vendor_78,2653.33,Standard operational expense,7,1,Normal
6944,2018-02-16,1,Vendor_79,11507.26,Standard operational expense,2,1,Normal
6945,2021-02-20,7,Vendor_25,14655.24,Standard operational expense,2,1,Normal
6946,2019-11-11,6,Vendor_14,26406.18,Emergency Year-end Fund Utilization,11,1,Normal
6947,2022-12-26,3,Vendor_50,8771.94,Standard operational expense,12,1,Normal
6948,2019-05-23,2,Vendor_75,1680.96,Standard operational expense,5,1,Normal
6949,2019-12-20,4,Vendor_37,9462.94,Standard operational expense,12,1,Normal
6950,2023-06-18,8,Vendor_1,1033.81,Standard operational expense,6,1,Normal
6951,2022-10-11,8,Vendor_26,8890.41,Standard operational expense,10,1,Normal
6952,2020-02-01,3,Vendor_15,642.95,Standard operational expense,2,1,Normal
6953,2022-10-16,6,Vendor_7,50788.31999999999,Emergency Year-end Fund Utilization,10,1,Normal
6954,2018-12-15,5,Vendor_91,11614.82,Standard operational expense,12,1,Normal
6955,2019-06-08,4,Vendor_74,5362.52,Standard operational expense,6,1,Normal
6956,2024-03-30,7,Vendor_58,2181.68,Standard operational expense,3,1,Normal
6957,2023-01-18,8,Vendor_19,11930.12,Standard operational expense,1,1,Normal
6958,2018-12-30,7,Vendor_44,6676.93,Standard operational expense,12,1,Normal
6959,2021-06-30,3,Vendor_4,2140.92,Standard operational expense,6,1,Normal
6960,2021-10-08,8,Vendor_67,2508.44,Standard operational expense,10,1,Normal
6961,2021-03-09,5,Vendor_95,14141.48,Standard operational expense,3,1,Normal
6962,2019-07-07,4,Vendor_22,6950.0,Standard operational expense,7,1,Normal
6963,2019-07-07,7,Vendor_14,10804.05,Standard operational expense,7,1,Normal
6964,2020-05-10,3,Vendor_96,5108.34,Standard operational expense,5,1,Normal
6965,2023-01-22,3,Vendor_45,5243.59,Standard operational expense,1,1,Normal
6966,2022-10-27,3,Vendor_7,7779.08,Standard operational expense,10,1,Normal
6967,2023-05-08,3,Vendor_89,7408.85,Standard operational expense,5,1,Normal
6968,2024-08-12,5,Vendor_89,10301.11,Standard operational expense,8,1,Normal
6969,2022-02-17,7,Vendor_4,14489.43,Standard operational expense,2,1,Normal
6970,2023-02-13,8,Vendor_21,2508.09,Standard operational expense,2,1,Normal
6971,2020-09-12,1,Vendor_79,10148.51,Standard operational expense,9,1,Normal
6972,2023-05-09,8,Vendor_51,346.19,Standard operational expense,5,1,Normal
6973,2023-12-16,6,Vendor_37,9719.05,Standard operational expense,12,1,Normal
6974,2018-12-16,6,Vendor_66,81519.72,Emergency Year-end Fund Utilization,12,-1,Anomaly
6975,2018-04-06,1,Vendor_9,4487.94,Standard operational expense,4,1,Normal
6976,2020-09-22,5,Vendor_31,3928.53,Standard operational expense,9,1,Normal
6977,2024-01-08,7,Vendor_59,7529.11,Standard operational expense,1,1,Normal
6978,2023-08-20,1,Vendor_90,3156.5,Standard operational expense,8,1,Normal
6979,2024-04-03,5,Vendor_68,1291.15,Standard operational expense,4,1,Normal
6980,2023-09-02,3,Vendor_9,14242.38,Standard operational expense,9,1,Normal
6981,2019-07-11,5,Vendor_75,10300.48,Standard operational expense,7,1,Normal
6982,2019-04-02,3,Vendor_13,11389.19,Standard operational expense,4,1,Normal
6983,2023-12-28,1,Vendor_77,5331.95,Standard operational expense,12,1,Normal
6984,2020-05-01,4,Vendor_90,12481.03,Standard operational expense,5,1,Normal
6985,2020-08-16,5,Vendor_73,868.88,Standard operational expense,8,1,Normal
6986,2018-03-29,2,Vendor_95,11504.53,Standard operational expense,3,1,Normal
6987,2019-07-05,7,Vendor_32,5016.94,Standard operational expense,7,1,Normal
6988,2024-11-15,6,Vendor_46,56055.12,Emergency Year-end Fund Utilization,11,1,Normal
6989,2019-12-02,5,Vendor_34,11523.97,Standard operational expense,12,1,Normal
6990,2023-06-16,3,Vendor_78,12185.66,Standard operational expense,6,1,Normal
6991,2021-04-15,1,Vendor_28,2604.79,Standard operational expense,4,1,Normal
6992,2018-12-02,2,Vendor_25,2167.97,Standard operational expense,12,1,Normal
6993,2020-06-04,5,Vendor_89,14630.65,Standard operational expense,6,1,Normal
6994,2019-10-24,8,Vendor_58,10133.01,Standard operational expense,10,1,Normal
6995,2022-01-25,1,Vendor_75,2650.76,Standard operational expense,1,1,Normal
6996,2024-12-09,8,Vendor_26,2351.39,Standard operational expense,12,1,Normal
6997,2020-09-03,3,Vendor_71,6132.0,Standard operational expense,9,1,Normal
6998,2023-10-13,1,Vendor_4,8636.93,Standard operational expense,10,1,Normal
6999,2024-05-04,2,Vendor_59,14350.47,Standard operational expense,5,1,Normal
7000,2018-04-27,4,Vendor_65,4811.05,Standard operational expense,4,1,Normal
7001,2024-06-11,4,Vendor_89,4789.76,Standard operational expense,6,1,Normal
7002,2022-10-22,4,Vendor_43,12692.17,Standard operational expense,10,1,Normal
7003,2023-08-06,1,Vendor_13,913.25,Standard operational expense,8,1,Normal
7004,2019-11-09,6,Vendor_67,14714.17,Standard operational expense,11,1,Normal
7005,2021-01-24,7,Vendor_2,5003.64,Standard operational expense,1,1,Normal
7006,2020-08-22,8,Vendor_46,9045.05,Standard operational expense,8,1,Normal
7007,2021-06-30,5,Vendor_31,11643.99,Standard operational expense,6,1,Normal
7008,2020-12-09,6,Vendor_45,81106.08,Emergency Year-end Fund Utilization,12,-1,Anomaly
7009,2024-04-19,5,Vendor_69,6590.74,Standard operational expense,4,1,Normal
7010,2022-07-16,5,Vendor_54,4745.38,Standard operational expense,7,1,Normal
7011,2021-10-14,7,Vendor_32,120.35,Standard operational expense,10,1,Normal
7012,2020-12-21,5,Vendor_39,5194.03,Standard operational expense,12,1,Normal
7013,2019-10-07,3,Vendor_22,9104.47,Standard operational expense,10,1,Normal
7014,2022-09-03,2,Vendor_77,7583.97,Standard operational expense,9,1,Normal
7015,2019-03-31,2,Vendor_59,4125.9,Standard operational expense,3,1,Normal
7016,2020-05-03,4,Vendor_6,10916.46,Standard operational expense,5,1,Normal
7017,2019-06-27,7,Vendor_86,4886.66,Standard operational expense,6,1,Normal
7018,2019-09-30,5,Vendor_88,9023.16,Standard operational expense,9,1,Normal
7019,2021-05-08,7,Vendor_70,13181.47,Standard operational expense,5,1,Normal
7020,2020-11-12,1,Vendor_93,4745.28,Standard operational expense,11,1,Normal
7021,2018-09-23,1,Vendor_32,7114.91,Standard operational expense,9,1,Normal
7022,2020-05-30,3,Vendor_65,8188.1,Standard operational expense,5,1,Normal
7023,2023-06-08,5,Vendor_36,7636.9,Standard operational expense,6,1,Normal
7024,2022-05-09,7,Vendor_52,13679.78,Standard operational expense,5,1,Normal
7025,2020-09-22,1,Vendor_92,4493.36,Standard operational expense,9,1,Normal
7026,2022-06-14,4,Vendor_47,6763.53,Standard operational expense,6,1,Normal
7027,2022-03-19,2,Vendor_56,3608.16,Standard operational expense,3,1,Normal
7028,2023-05-05,1,Vendor_12,8159.71,Standard operational expense,5,1,Normal
7029,2024-08-12,2,Vendor_90,9282.82,Standard operational expense,8,1,Normal
7030,2023-05-27,8,Vendor_92,7962.81,Standard operational expense,5,1,Normal
7031,2021-07-10,7,Vendor_36,10703.84,Standard operational expense,7,1,Normal
7032,2020-12-31,2,Vendor_62,958.12,Standard operational expense,12,1,Normal
7033,2018-10-11,6,Vendor_61,49375.92,Emergency Year-end Fund Utilization,10,1,Normal
7034,2018-05-01,3,Vendor_99,7632.25,Standard operational expense,5,1,Normal
7035,2019-12-07,7,Vendor_39,13082.19,Standard operational expense,12,1,Normal
7036,2023-04-19,3,Vendor_82,10841.89,Standard operational expense,4,1,Normal
7037,2020-01-09,1,Vendor_31,13696.1,Standard operational expense,1,1,Normal
7038,2020-01-11,2,Vendor_70,5677.68,Standard operational expense,1,1,Normal
7039,2019-11-30,7,Vendor_13,4303.46,Standard operational expense,11,1,Normal
7040,2018-05-21,1,Vendor_49,13627.21,Standard operational expense,5,1,Normal
7041,2018-03-23,8,Vendor_43,11861.19,Standard operational expense,3,1,Normal
7042,2022-12-03,1,Vendor_30,8423.93,Standard operational expense,12,1,Normal
7043,2023-11-28,4,Vendor_66,4438.55,Standard operational expense,11,1,Normal
7044,2019-12-15,4,Vendor_53,4596.19,Standard operational expense,12,1,Normal
7045,2023-03-06,8,Vendor_92,4297.69,Standard operational expense,3,1,Normal
7046,2022-08-06,4,Vendor_91,12994.71,Standard operational expense,8,1,Normal
7047,2024-11-29,7,Vendor_22,7033.16,Standard operational expense,11,1,Normal
7048,2019-07-14,5,Vendor_51,4377.91,Standard operational expense,7,1,Normal
7049,2022-12-14,2,Vendor_91,8091.31,Standard operational expense,12,1,Normal
7050,2024-02-05,5,Vendor_49,5008.44,Standard operational expense,2,1,Normal
7051,2023-01-25,2,Vendor_85,5083.95,Standard operational expense,1,1,Normal
7052,2022-03-06,2,Vendor_50,8805.52,Standard operational expense,3,1,Normal
7053,2019-08-11,7,Vendor_84,13698.92,Standard operational expense,8,1,Normal
7054,2023-08-08,5,Vendor_12,14113.91,Standard operational expense,8,1,Normal
7055,2024-10-08,7,Vendor_1,2261.63,Standard operational expense,10,1,Normal
7056,2021-11-12,7,Vendor_52,10031.05,Standard operational expense,11,1,Normal
7057,2018-10-30,3,Vendor_45,14544.93,Standard operational expense,10,1,Normal
7058,2023-09-21,7,Vendor_71,6523.17,Standard operational expense,9,1,Normal
7059,2023-07-17,1,Vendor_44,13929.28,Standard operational expense,7,1,Normal
7060,2019-05-23,8,Vendor_96,14269.93,Standard operational expense,5,1,Normal
7061,2018-07-15,5,Vendor_17,7165.88,Standard operational expense,7,1,Normal
7062,2021-11-06,6,Vendor_49,71079.66,Emergency Year-end Fund Utilization,11,1,Normal
7063,2019-12-20,5,Vendor_55,8494.11,Standard operational expense,12,1,Normal
7064,2019-01-23,5,Vendor_19,1964.43,Standard operational expense,1,1,Normal
7065,2024-12-28,4,Vendor_32,4630.27,Standard operational expense,12,1,Normal
7066,2023-03-19,4,Vendor_80,4786.98,Standard operational expense,3,1,Normal
7067,2019-10-25,6,Vendor_58,6733.4400000000005,Emergency Year-end Fund Utilization,10,1,Normal
7068,2018-04-06,5,Vendor_46,320.99,Standard operational expense,4,1,Normal
7069,2020-09-08,4,Vendor_94,323.2,Standard operational expense,9,1,Normal
7070,2020-01-06,4,Vendor_81,13778.91,Standard operational expense,1,1,Normal
7071,2019-10-18,6,Vendor_26,4613.46,Emergency Year-end Fund Utilization,10,1,Normal
7072,2023-11-09,5,Vendor_7,7604.8,Standard operational expense,11,1,Normal
7073,2019-11-03,5,Vendor_16,8260.26,Standard operational expense,11,1,Normal
7074,2023-08-10,1,Vendor_89,14039.93,Standard operational expense,8,1,Normal
7075,2020-03-08,8,Vendor_67,6560.94,Standard operational expense,3,1,Normal
7076,2022-05-01,3,Vendor_55,14891.79,Standard operational expense,5,1,Normal
7077,2023-01-11,4,Vendor_80,604.7,Standard operational expense,1,1,Normal
7078,2020-11-21,8,Vendor_62,5050.36,Standard operational expense,11,1,Normal
7079,2019-04-04,4,Vendor_6,3428.07,Standard operational expense,4,1,Normal
7080,2019-05-09,4,Vendor_71,9755.92,Standard operational expense,5,1,Normal
7081,2020-07-27,4,Vendor_71,13323.53,Standard operational expense,7,1,Normal
7082,2020-11-22,7,Vendor_86,4595.09,Standard operational expense,11,1,Normal
7083,2022-08-31,5,Vendor_78,13718.57,Standard operational expense,8,1,Normal
7084,2024-10-17,3,Vendor_54,10787.52,Standard operational expense,10,1,Normal
7085,2020-07-30,8,Vendor_49,5456.3,Standard operational expense,7,1,Normal
7086,2018-02-24,5,Vendor_93,14398.85,Standard operational expense,2,1,Normal
7087,2020-10-03,7,Vendor_3,12273.89,Standard operational expense,10,1,Normal
7088,2022-12-03,7,Vendor_2,5901.03,Standard operational expense,12,1,Normal
7089,2022-10-12,6,Vendor_5,16975.02,Emergency Year-end Fund Utilization,10,1,Normal
7090,2023-07-26,3,Vendor_41,14632.45,Standard operational expense,7,1,Normal
7091,2023-09-23,2,Vendor_56,9472.96,Standard operational expense,9,1,Normal
7092,2022-11-13,4,Vendor_65,9897.15,Standard operational expense,11,1,Normal
7093,2021-11-01,5,Vendor_76,4816.61,Standard operational expense,11,1,Normal
7094,2018-04-13,4,Vendor_36,1415.65,Standard operational expense,4,1,Normal
7095,2020-11-15,7,Vendor_38,7661.37,Standard operational expense,11,1,Normal
7096,2022-08-05,2,Vendor_7,13652.48,Standard operational expense,8,1,Normal
7097,2020-12-14,8,Vendor_76,9439.37,Standard operational expense,12,1,Normal
7098,2020-04-10,8,Vendor_99,13165.83,Standard operational expense,4,1,Normal
7099,2018-05-12,5,Vendor_70,13654.19,Standard operational expense,5,1,Normal
7100,2020-12-02,6,Vendor_51,9729.84,Emergency Year-end Fund Utilization,12,1,Normal
7101,2023-05-03,2,Vendor_5,10695.79,Standard operational expense,5,1,Normal
7102,2021-01-29,1,Vendor_28,12102.35,Standard operational expense,1,1,Normal
7103,2020-03-19,7,Vendor_78,229.32,Standard operational expense,3,1,Normal
7104,2020-12-09,6,Vendor_34,65649.54000000001,Emergency Year-end Fund Utilization,12,1,Normal
7105,2019-11-08,1,Vendor_82,9081.16,Standard operational expense,11,1,Normal
7106,2020-11-25,6,Vendor_87,68785.98,Emergency Year-end Fund Utilization,11,1,Normal
7107,2018-08-22,1,Vendor_32,5245.48,Standard operational expense,8,1,Normal
7108,2024-08-01,7,Vendor_94,6488.39,Standard operational expense,8,1,Normal
7109,2022-03-26,7,Vendor_58,12196.27,Standard operational expense,3,1,Normal
7110,2024-06-25,3,Vendor_8,14211.62,Standard operational expense,6,1,Normal
7111,2018-10-23,5,Vendor_27,2432.61,Standard operational expense,10,1,Normal
7112,2022-06-06,8,Vendor_16,11477.25,Standard operational expense,6,1,Normal
7113,2022-03-30,8,Vendor_70,3026.57,Standard operational expense,3,1,Normal
7114,2019-06-13,5,Vendor_64,10309.07,Standard operational expense,6,1,Normal
7115,2018-04-12,1,Vendor_23,654.62,Standard operational expense,4,1,Normal
7116,2021-03-26,3,Vendor_71,5425.95,Standard operational expense,3,1,Normal
7117,2019-02-03,5,Vendor_69,12676.77,Standard operational expense,2,1,Normal
7118,2023-09-14,4,Vendor_92,4100.77,Standard operational expense,9,1,Normal
7119,2023-04-06,8,Vendor_71,1785.02,Standard operational expense,4,1,Normal
7120,2024-07-17,1,Vendor_72,3696.42,Standard operational expense,7,1,Normal
7121,2019-11-11,3,Vendor_42,13055.94,Standard operational expense,11,1,Normal
7122,2024-06-17,7,Vendor_89,13075.51,Standard operational expense,6,1,Normal
7123,2019-11-25,6,Vendor_47,8114.93,Standard operational expense,11,1,Normal
7124,2024-05-30,8,Vendor_66,9351.82,Standard operational expense,5,1,Normal
7125,2022-01-08,4,Vendor_43,8632.55,Standard operational expense,1,1,Normal
7126,2019-01-25,4,Vendor_23,12708.86,Standard operational expense,1,1,Normal
7127,2022-10-11,2,Vendor_68,14632.22,Standard operational expense,10,1,Normal
7128,2023-01-30,1,Vendor_52,8744.8,Standard operational expense,1,1,Normal
7129,2022-05-03,5,Vendor_75,4233.07,Standard operational expense,5,1,Normal
7130,2022-05-24,5,Vendor_56,279.54,Standard operational expense,5,1,Normal
7131,2019-07-06,5,Vendor_68,1181.9,Standard operational expense,7,1,Normal
7132,2023-07-15,2,Vendor_73,9500.82,Standard operational expense,7,1,Normal
7133,2023-01-11,1,Vendor_9,1010.5,Standard operational expense,1,1,Normal
7134,2021-01-29,7,Vendor_73,4651.02,Standard operational expense,1,1,Normal
7135,2022-06-30,3,Vendor_8,1180.48,Standard operational expense,6,1,Normal
7136,2019-01-31,8,Vendor_93,8673.3,Standard operational expense,1,1,Normal
7137,2021-08-22,2,Vendor_78,2260.71,Standard operational expense,8,1,Normal
7138,2018-09-09,3,Vendor_59,13682.44,Standard operational expense,9,1,Normal
7139,2023-07-21,3,Vendor_2,3218.99,Standard operational expense,7,1,Normal
7140,2019-08-03,2,Vendor_63,10332.71,Standard operational expense,8,1,Normal
7141,2023-06-21,8,Vendor_83,6922.08,Standard operational expense,6,1,Normal
7142,2024-01-13,5,Vendor_28,6825.71,Standard operational expense,1,1,Normal
7143,2021-04-26,1,Vendor_5,2511.25,Standard operational expense,4,1,Normal
7144,2021-11-20,6,Vendor_52,1993.56,Emergency Year-end Fund Utilization,11,1,Normal
7145,2018-10-20,7,Vendor_53,196.1,Standard operational expense,10,1,Normal
7146,2023-10-09,6,Vendor_47,9422.53,Standard operational expense,10,1,Normal
7147,2020-02-24,7,Vendor_83,4713.06,Standard operational expense,2,1,Normal
7148,2018-01-28,2,Vendor_66,4215.18,Standard operational expense,1,1,Normal
7149,2020-09-06,4,Vendor_69,11102.53,Standard operational expense,9,1,Normal
7150,2023-02-05,3,Vendor_67,6661.42,Standard operational expense,2,1,Normal
7151,2021-04-20,4,Vendor_15,7256.3,Standard operational expense,4,1,Normal
7152,2018-07-22,2,Vendor_88,9267.45,Standard operational expense,7,1,Normal
7153,2022-07-28,2,Vendor_60,11770.64,Standard operational expense,7,1,Normal
7154,2024-11-15,3,Vendor_34,8664.97,Standard operational expense,11,1,Normal
7155,2020-07-14,3,Vendor_40,6804.08,Standard operational expense,7,1,Normal
7156,2024-06-05,7,Vendor_25,14617.94,Standard operational expense,6,1,Normal
7157,2023-10-20,5,Vendor_84,751.13,Standard operational expense,10,1,Normal
7158,2018-11-05,4,Vendor_19,3434.21,Standard operational expense,11,1,Normal
7159,2024-10-01,8,Vendor_73,2759.23,Standard operational expense,10,1,Normal
7160,2019-03-14,1,Vendor_55,1071.97,Standard operational expense,3,1,Normal
7161,2019-01-18,5,Vendor_23,2131.67,Standard operational expense,1,1,Normal
7162,2018-09-02,5,Vendor_9,2233.22,Standard operational expense,9,1,Normal
7163,2024-02-20,2,Vendor_72,8833.64,Standard operational expense,2,1,Normal
7164,2020-07-18,5,Vendor_29,5280.38,Standard operational expense,7,1,Normal
7165,2020-08-15,4,Vendor_52,10910.92,Standard operational expense,8,1,Normal
7166,2019-05-29,8,Vendor_4,7629.11,Standard operational expense,5,1,Normal
7167,2021-11-06,4,Vendor_31,2395.51,Standard operational expense,11,1,Normal
7168,2024-09-23,3,Vendor_98,12620.53,Standard operational expense,9,1,Normal
7169,2022-09-08,3,Vendor_99,7671.95,Standard operational expense,9,1,Normal
7170,2021-05-13,3,Vendor_21,11603.11,Standard operational expense,5,1,Normal
7171,2023-09-20,3,Vendor_28,8469.23,Standard operational expense,9,1,Normal
7172,2024-02-21,7,Vendor_73,2516.51,Standard operational expense,2,1,Normal
7173,2018-11-04,3,Vendor_19,10867.49,Standard operational expense,11,1,Normal
7174,2022-03-29,3,Vendor_85,1873.5,Standard operational expense,3,1,Normal
7175,2021-03-31,5,Vendor_51,3277.2,Standard operational expense,3,1,Normal
7176,2018-08-03,1,Vendor_28,10854.38,Standard operational expense,8,1,Normal
7177,2021-04-21,2,Vendor_93,8782.51,Standard operational expense,4,1,Normal
7178,2019-10-16,6,Vendor_3,5543.65,Standard operational expense,10,1,Normal
7179,2021-01-22,3,Vendor_18,6901.66,Standard operational expense,1,1,Normal
7180,2022-02-26,7,Vendor_74,11286.74,Standard operational expense,2,1,Normal
7181,2020-06-06,4,Vendor_8,524.22,Standard operational expense,6,1,Normal
7182,2022-08-23,1,Vendor_78,6817.21,Standard operational expense,8,1,Normal
7183,2023-03-08,1,Vendor_90,9748.03,Standard operational expense,3,1,Normal
7184,2024-06-09,3,Vendor_95,981.43,Standard operational expense,6,1,Normal
7185,2020-01-13,4,Vendor_18,10908.69,Standard operational expense,1,1,Normal
7186,2018-10-10,6,Vendor_98,16053.24,Emergency Year-end Fund Utilization,10,1,Normal
7187,2023-11-28,7,Vendor_41,11682.66,Standard operational expense,11,1,Normal
7188,2019-01-06,1,Vendor_75,13900.86,Standard operational expense,1,1,Normal
7189,2020-11-11,2,Vendor_16,7017.52,Standard operational expense,11,1,Normal
7190,2020-11-10,6,Vendor_11,30816.36,Emergency Year-end Fund Utilization,11,1,Normal
7191,2024-08-21,8,Vendor_42,7773.32,Standard operational expense,8,1,Normal
7192,2023-06-16,3,Vendor_73,2671.79,Standard operational expense,6,1,Normal
7193,2019-03-30,4,Vendor_92,2262.94,Standard operational expense,3,1,Normal
7194,2021-02-22,3,Vendor_35,13986.58,Standard operational expense,2,1,Normal
7195,2019-08-04,1,Vendor_12,10514.4,Standard operational expense,8,1,Normal
7196,2023-12-13,3,Vendor_68,8768.61,Standard operational expense,12,1,Normal
7197,2019-12-19,4,Vendor_8,7527.5,Standard operational expense,12,1,Normal
7198,2019-02-10,3,Vendor_85,8897.52,Standard operational expense,2,1,Normal
7199,2021-06-02,5,Vendor_90,8275.98,Standard operational expense,6,1,Normal
7200,2019-05-22,3,Vendor_98,3204.16,Standard operational expense,5,1,Normal
7201,2020-01-22,2,Vendor_29,9133.36,Standard operational expense,1,1,Normal
7202,2023-05-11,5,Vendor_12,13689.81,Standard operational expense,5,1,Normal
7203,2021-12-26,3,Vendor_94,291.25,Standard operational expense,12,1,Normal
7204,2020-02-22,3,Vendor_59,4724.41,Standard operational expense,2,1,Normal
7205,2023-06-16,4,Vendor_78,8829.67,Standard operational expense,6,1,Normal
7206,2023-05-31,8,Vendor_87,6562.55,Standard operational expense,5,1,Normal
7207,2024-01-06,2,Vendor_80,4384.05,Standard operational expense,1,1,Normal
7208,2022-12-29,3,Vendor_60,2343.65,Standard operational expense,12,1,Normal
7209,2019-05-24,4,Vendor_5,1958.38,Standard operational expense,5,1,Normal
7210,2022-12-01,6,Vendor_74,78822.36,Emergency Year-end Fund Utilization,12,-1,Anomaly
7211,2018-09-08,2,Vendor_21,12087.67,Standard operational expense,9,1,Normal
7212,2018-10-23,2,Vendor_82,3558.87,Standard operational expense,10,1,Normal
7213,2019-10-26,6,Vendor_4,31434.48,Emergency Year-end Fund Utilization,10,1,Normal
7214,2022-12-22,6,Vendor_84,87361.56,Emergency Year-end Fund Utilization,12,-1,Anomaly
7215,2020-03-01,8,Vendor_31,14536.21,Standard operational expense,3,1,Normal
7216,2020-12-30,5,Vendor_8,14346.89,Standard operational expense,12,1,Normal
7217,2024-07-07,4,Vendor_29,3566.9,Standard operational expense,7,1,Normal
7218,2021-07-09,5,Vendor_46,9918.37,Standard operational expense,7,1,Normal
7219,2024-06-22,1,Vendor_95,4313.19,Standard operational expense,6,1,Normal
7220,2020-05-21,3,Vendor_68,9524.75,Standard operational expense,5,1,Normal
7221,2020-11-19,4,Vendor_36,4606.59,Standard operational expense,11,1,Normal
7222,2018-11-16,6,Vendor_28,14971.26,Standard operational expense,11,1,Normal
7223,2019-09-26,7,Vendor_68,13317.2,Standard operational expense,9,1,Normal
7224,2024-08-02,5,Vendor_92,11248.05,Standard operational expense,8,1,Normal
7225,2019-04-16,8,Vendor_5,2324.59,Standard operational expense,4,1,Normal
7226,2019-08-25,7,Vendor_3,13136.75,Standard operational expense,8,1,Normal
7227,2018-10-07,5,Vendor_84,9428.24,Standard operational expense,10,1,Normal
7228,2023-10-05,6,Vendor_41,41319.9,Emergency Year-end Fund Utilization,10,1,Normal
7229,2022-11-14,6,Vendor_57,89852.88,Emergency Year-end Fund Utilization,11,-1,Anomaly
7230,2019-03-02,4,Vendor_41,2177.02,Standard operational expense,3,1,Normal
7231,2019-05-30,4,Vendor_57,1116.27,Standard operational expense,5,1,Normal
7232,2023-11-01,2,Vendor_86,13737.13,Standard operational expense,11,1,Normal
7233,2024-11-09,1,Vendor_94,11203.78,Standard operational expense,11,1,Normal
7234,2021-11-06,4,Vendor_70,13054.91,Standard operational expense,11,1,Normal
7235,2018-11-09,6,Vendor_86,8077.68,Emergency Year-end Fund Utilization,11,1,Normal
7236,2022-07-25,5,Vendor_31,10795.49,Standard operational expense,7,1,Normal
7237,2024-11-14,6,Vendor_10,8289.599999999999,Emergency Year-end Fund Utilization,11,1,Normal
7238,2021-06-15,5,Vendor_7,14336.65,Standard operational expense,6,1,Normal
7239,2021-06-10,5,Vendor_67,2373.27,Standard operational expense,6,1,Normal
7240,2021-01-05,1,Vendor_71,12734.64,Standard operational expense,1,1,Normal
7241,2018-08-10,5,Vendor_33,10985.81,Standard operational expense,8,1,Normal
7242,2024-03-18,5,Vendor_1,14276.07,Standard operational expense,3,1,Normal
7243,2021-06-20,2,Vendor_96,11025.81,Standard operational expense,6,1,Normal
7244,2020-10-06,6,Vendor_59,28384.620000000003,Emergency Year-end Fund Utilization,10,1,Normal
7245,2018-01-24,1,Vendor_6,11018.67,Standard operational expense,1,1,Normal
7246,2024-12-19,4,Vendor_41,10928.56,Standard operational expense,12,1,Normal
7247,2024-08-05,5,Vendor_87,8187.88,Standard operational expense,8,1,Normal
7248,2024-05-23,8,Vendor_85,6425.83,Standard operational expense,5,1,Normal
7249,2020-06-17,2,Vendor_6,2487.05,Standard operational expense,6,1,Normal
7250,2020-02-27,7,Vendor_13,2953.74,Standard operational expense,2,1,Normal
7251,2020-01-15,7,Vendor_31,6213.67,Standard operational expense,1,1,Normal
7252,2020-12-21,6,Vendor_16,78141.0,Emergency Year-end Fund Utilization,12,-1,Anomaly
7253,2021-10-26,7,Vendor_43,4086.7,Standard operational expense,10,1,Normal
7254,2020-09-30,4,Vendor_28,4730.27,Standard operational expense,9,1,Normal
7255,2018-09-07,8,Vendor_77,2584.03,Standard operational expense,9,1,Normal
7256,2024-11-05,6,Vendor_14,11916.66,Standard operational expense,11,1,Normal
7257,2022-05-30,2,Vendor_82,5575.15,Standard operational expense,5,1,Normal
7258,2024-11-26,6,Vendor_66,34277.46,Emergency Year-end Fund Utilization,11,1,Normal
7259,2020-11-21,4,Vendor_91,581.3,Standard operational expense,11,1,Normal
7260,2021-08-21,3,Vendor_82,9972.75,Standard operational expense,8,1,Normal
7261,2018-01-01,7,Vendor_69,4487.57,Standard operational expense,1,1,Normal
7262,2023-03-01,1,Vendor_4,12767.24,Standard operational expense,3,1,Normal
7263,2024-02-27,8,Vendor_76,12756.24,Standard operational expense,2,1,Normal
7264,2023-12-28,2,Vendor_92,5234.3,Standard operational expense,12,1,Normal
7265,2018-12-26,3,Vendor_77,14726.41,Standard operational expense,12,1,Normal
7266,2018-11-30,5,Vendor_90,4843.05,Standard operational expense,11,1,Normal
7267,2021-11-18,8,Vendor_80,4167.03,Standard operational expense,11,1,Normal
7268,2022-05-20,4,Vendor_49,1401.49,Standard operational expense,5,1,Normal
7269,2021-10-18,6,Vendor_36,14057.9,Standard operational expense,10,1,Normal
7270,2024-04-16,5,Vendor_91,8632.1,Standard operational expense,4,1,Normal
7271,2021-10-08,6,Vendor_99,60475.5,Emergency Year-end Fund Utilization,10,1,Normal
7272,2021-07-18,2,Vendor_45,14283.07,Standard operational expense,7,1,Normal
7273,2019-07-02,8,Vendor_30,3999.97,Standard operational expense,7,1,Normal
7274,2022-06-09,5,Vendor_31,13582.96,Standard operational expense,6,1,Normal
7275,2021-06-25,8,Vendor_17,12594.77,Standard operational expense,6,1,Normal
7276,2022-04-09,2,Vendor_4,7056.9,Standard operational expense,4,1,Normal
7277,2023-04-13,2,Vendor_38,10026.13,Standard operational expense,4,1,Normal
7278,2023-12-31,3,Vendor_31,12468.09,Standard operational expense,12,1,Normal
7279,2023-05-26,1,Vendor_53,9045.28,Standard operational expense,5,1,Normal
7280,2023-01-22,3,Vendor_72,14111.62,Standard operational expense,1,1,Normal
7281,2021-12-31,5,Vendor_81,570.24,Standard operational expense,12,1,Normal
7282,2024-02-08,5,Vendor_82,11518.55,Standard operational expense,2,1,Normal
7283,2024-02-08,4,Vendor_90,8245.89,Standard operational expense,2,1,Normal
7284,2024-11-06,3,Vendor_42,9294.09,Standard operational expense,11,1,Normal
7285,2024-05-29,4,Vendor_58,2476.41,Standard operational expense,5,1,Normal
7286,2023-01-25,8,Vendor_21,1748.03,Standard operational expense,1,1,Normal
7287,2024-01-18,2,Vendor_83,7619.16,Standard operational expense,1,1,Normal
7288,2024-01-13,7,Vendor_28,12280.0,Standard operational expense,1,1,Normal
7289,2023-09-14,8,Vendor_24,12914.74,Standard operational expense,9,1,Normal
7290,2021-11-12,8,Vendor_67,12711.97,Standard operational expense,11,1,Normal
7291,2023-02-21,8,Vendor_25,8202.85,Standard operational expense,2,1,Normal
7292,2021-09-27,2,Vendor_98,14570.87,Standard operational expense,9,1,Normal
7293,2022-01-08,4,Vendor_27,1931.03,Standard operational expense,1,1,Normal
7294,2023-03-31,7,Vendor_42,3379.48,Standard operational expense,3,1,Normal
7295,2020-12-11,5,Vendor_32,6423.85,Standard operational expense,12,1,Normal
7296,2019-10-26,3,Vendor_73,2754.11,Standard operational expense,10,1,Normal
7297,2018-07-28,7,Vendor_94,3794.38,Standard operational expense,7,1,Normal
7298,2023-10-26,2,Vendor_78,386.24,Standard operational expense,10,1,Normal
7299,2020-07-01,3,Vendor_36,6014.88,Standard operational expense,7,1,Normal
7300,2021-07-18,7,Vendor_56,11707.27,Standard operational expense,7,1,Normal
7301,2024-10-07,8,Vendor_16,13957.28,Standard operational expense,10,1,Normal
7302,2020-07-14,1,Vendor_44,14257.83,Standard operational expense,7,1,Normal
7303,2020-10-11,6,Vendor_18,78458.70000000001,Emergency Year-end Fund Utilization,10,-1,Anomaly
7304,2018-09-18,7,Vendor_76,8797.08,Standard operational expense,9,1,Normal
7305,2018-04-25,4,Vendor_22,9256.48,Standard operational expense,4,1,Normal
7306,2018-06-27,8,Vendor_3,9878.1,Standard operational expense,6,1,Normal
7307,2019-11-02,6,Vendor_41,88270.5,Emergency Year-end Fund Utilization,11,-1,Anomaly
7308,2024-12-08,4,Vendor_10,8060.8,Standard operational expense,12,1,Normal
7309,2023-10-24,7,Vendor_26,5427.9,Standard operational expense,10,1,Normal
7310,2023-04-08,2,Vendor_2,13873.67,Standard operational expense,4,1,Normal
7311,2018-03-07,8,Vendor_23,4762.48,Standard operational expense,3,1,Normal
7312,2018-10-04,7,Vendor_37,229.32,Standard operational expense,10,1,Normal
7313,2021-06-26,1,Vendor_28,11915.89,Standard operational expense,6,1,Normal
7314,2024-11-03,7,Vendor_50,13459.2,Standard operational expense,11,1,Normal
7315,2020-11-08,6,Vendor_72,43244.34,Emergency Year-end Fund Utilization,11,1,Normal
7316,2024-04-12,2,Vendor_76,10014.33,Standard operational expense,4,1,Normal
7317,2021-08-18,1,Vendor_35,12447.06,Standard operational expense,8,1,Normal
7318,2020-08-14,7,Vendor_74,9455.29,Standard operational expense,8,1,Normal
7319,2020-05-05,3,Vendor_69,6428.23,Standard operational expense,5,1,Normal
7320,2018-10-07,3,Vendor_44,4135.46,Standard operational expense,10,1,Normal
7321,2020-08-26,2,Vendor_36,2761.85,Standard operational expense,8,1,Normal
7322,2021-03-11,8,Vendor_32,3228.36,Standard operational expense,3,1,Normal
7323,2018-01-26,7,Vendor_95,3635.15,Standard operational expense,1,1,Normal
7324,2020-12-15,5,Vendor_53,4858.65,Standard operational expense,12,1,Normal
7325,2018-04-11,3,Vendor_11,9275.96,Standard operational expense,4,1,Normal
7326,2022-12-24,2,Vendor_84,7193.76,Standard operational expense,12,1,Normal
7327,2023-03-19,1,Vendor_7,5676.52,Standard operational expense,3,1,Normal
7328,2023-04-20,8,Vendor_1,247.86,Standard operational expense,4,1,Normal
7329,2018-10-14,8,Vendor_91,1657.43,Standard operational expense,10,1,Normal
7330,2020-04-05,8,Vendor_86,2492.38,Standard operational expense,4,1,Normal
7331,2023-09-22,2,Vendor_49,14798.2,Standard operational expense,9,1,Normal
7332,2023-03-19,4,Vendor_94,10181.76,Standard operational expense,3,1,Normal
7333,2018-05-24,1,Vendor_60,8077.42,Standard operational expense,5,1,Normal
7334,2018-04-24,7,Vendor_28,10063.08,Standard operational expense,4,1,Normal
7335,2021-11-28,1,Vendor_36,13374.67,Standard operational expense,11,1,Normal
7336,2024-08-25,5,Vendor_23,4075.42,Standard operational expense,8,1,Normal
7337,2024-11-08,5,Vendor_30,10609.49,Standard operational expense,11,1,Normal
7338,2021-05-30,1,Vendor_26,4399.83,Standard operational expense,5,1,Normal
7339,2024-05-16,1,Vendor_79,3581.98,Standard operational expense,5,1,Normal
7340,2024-12-11,8,Vendor_70,13952.49,Standard operational expense,12,1,Normal
7341,2021-07-23,4,Vendor_21,5223.22,Standard operational expense,7,1,Normal
7342,2021-07-18,7,Vendor_4,14569.0,Standard operational expense,7,1,Normal
7343,2019-10-26,3,Vendor_94,11352.26,Standard operational expense,10,1,Normal
7344,2023-02-17,8,Vendor_11,14733.15,Standard operational expense,2,1,Normal
7345,2022-04-27,5,Vendor_36,857.4,Standard operational expense,4,1,Normal
7346,2021-04-30,5,Vendor_92,3322.22,Standard operational expense,4,1,Normal
7347,2019-03-05,8,Vendor_44,12988.49,Standard operational expense,3,1,Normal
7348,2024-09-15,7,Vendor_41,590.74,Standard operational expense,9,1,Normal
7349,2019-09-29,7,Vendor_3,13229.26,Standard operational expense,9,1,Normal
7350,2020-09-30,5,Vendor_41,6801.04,Standard operational expense,9,1,Normal
7351,2024-11-03,7,Vendor_77,5039.76,Standard operational expense,11,1,Normal
7352,2021-11-16,5,Vendor_37,9123.28,Standard operational expense,11,1,Normal
7353,2024-08-25,1,Vendor_4,9705.98,Standard operational expense,8,1,Normal
7354,2018-11-12,6,Vendor_19,14633.18,Standard operational expense,11,1,Normal
7355,2024-07-30,4,Vendor_65,9328.6,Standard operational expense,7,1,Normal
7356,2021-07-19,4,Vendor_44,10804.02,Standard operational expense,7,1,Normal
7357,2019-12-29,4,Vendor_72,1663.52,Standard operational expense,12,1,Normal
7358,2018-03-27,5,Vendor_1,12863.57,Standard operational expense,3,1,Normal
7359,2020-11-09,1,Vendor_70,4447.0,Standard operational expense,11,1,Normal
7360,2022-11-12,8,Vendor_41,14878.67,Standard operational expense,11,1,Normal
7361,2022-07-09,5,Vendor_82,3016.08,Standard operational expense,7,1,Normal
7362,2018-11-15,1,Vendor_46,3068.86,Standard operational expense,11,1,Normal
7363,2018-05-23,5,Vendor_53,1042.49,Standard operational expense,5,1,Normal
7364,2024-11-23,3,Vendor_57,5941.2,Standard operational expense,11,1,Normal
7365,2019-07-03,8,Vendor_40,8982.36,Standard operational expense,7,1,Normal
7366,2021-10-25,6,Vendor_31,62425.31999999999,Emergency Year-end Fund Utilization,10,1,Normal
7367,2023-02-03,2,Vendor_1,9715.07,Standard operational expense,2,1,Normal
7368,2023-04-07,5,Vendor_21,6789.08,Standard operational expense,4,1,Normal
7369,2022-09-21,5,Vendor_82,14760.53,Standard operational expense,9,1,Normal
7370,2020-02-03,4,Vendor_25,3868.5,Standard operational expense,2,1,Normal
7371,2021-10-13,3,Vendor_25,10578.1,Standard operational expense,10,1,Normal
7372,2021-10-24,6,Vendor_99,48785.88,Emergency Year-end Fund Utilization,10,1,Normal
7373,2022-08-13,7,Vendor_59,10071.14,Standard operational expense,8,1,Normal
7374,2019-06-26,1,Vendor_52,7102.85,Standard operational expense,6,1,Normal
7375,2024-11-25,6,Vendor_6,60158.04,Emergency Year-end Fund Utilization,11,1,Normal
7376,2020-07-05,1,Vendor_37,3899.53,Standard operational expense,7,1,Normal
7377,2024-06-24,5,Vendor_34,7033.55,Standard operational expense,6,1,Normal
7378,2018-05-09,8,Vendor_21,9603.31,Standard operational expense,5,1,Normal
7379,2021-03-31,2,Vendor_23,4778.61,Standard operational expense,3,1,Normal
7380,2019-08-16,7,Vendor_44,5320.85,Standard operational expense,8,1,Normal
7381,2024-03-28,3,Vendor_37,9133.11,Standard operational expense,3,1,Normal
7382,2022-05-30,4,Vendor_24,1545.83,Standard operational expense,5,1,Normal
7383,2021-01-08,4,Vendor_2,308.31,Standard operational expense,1,1,Normal
7384,2024-10-29,8,Vendor_74,5368.72,Standard operational expense,10,1,Normal
7385,2021-06-14,7,Vendor_83,7119.81,Standard operational expense,6,1,Normal
7386,2021-11-23,7,Vendor_81,9950.15,Standard operational expense,11,1,Normal
7387,2018-04-10,4,Vendor_3,4894.38,Standard operational expense,4,1,Normal
7388,2019-11-25,2,Vendor_83,4585.19,Standard operational expense,11,1,Normal
7389,2020-10-27,3,Vendor_84,1143.41,Standard operational expense,10,1,Normal
7390,2022-06-08,3,Vendor_85,7379.86,Standard operational expense,6,1,Normal
7391,2018-04-03,4,Vendor_24,7028.53,Standard operational expense,4,1,Normal
7392,2022-02-17,5,Vendor_39,1649.61,Standard operational expense,2,1,Normal
7393,2018-12-16,6,Vendor_4,84152.1,Emergency Year-end Fund Utilization,12,-1,Anomaly
7394,2019-08-29,5,Vendor_4,534.94,Standard operational expense,8,1,Normal
7395,2019-08-07,8,Vendor_46,12721.29,Standard operational expense,8,1,Normal
7396,2020-08-20,3,Vendor_34,10895.39,Standard operational expense,8,1,Normal
7397,2019-03-22,5,Vendor_24,426.33,Standard operational expense,3,1,Normal
7398,2020-12-03,2,Vendor_29,7783.06,Standard operational expense,12,1,Normal
7399,2024-11-09,6,Vendor_50,82670.22,Emergency Year-end Fund Utilization,11,-1,Anomaly
7400,2019-04-07,5,Vendor_77,1826.2,Standard operational expense,4,1,Normal
7401,2024-05-04,3,Vendor_37,8997.29,Standard operational expense,5,1,Normal
7402,2024-11-20,6,Vendor_3,12364.38,Standard operational expense,11,1,Normal
7403,2019-05-24,3,Vendor_17,1313.67,Standard operational expense,5,1,Normal
7404,2019-11-03,6,Vendor_4,86636.81999999999,Emergency Year-end Fund Utilization,11,-1,Anomaly
7405,2022-11-22,6,Vendor_32,69999.24,Emergency Year-end Fund Utilization,11,1,Normal
7406,2020-07-28,3,Vendor_93,2268.09,Standard operational expense,7,1,Normal
7407,2024-02-27,3,Vendor_29,6449.06,Standard operational expense,2,1,Normal
7408,2022-11-26,5,Vendor_48,14277.98,Standard operational expense,11,1,Normal
7409,2022-01-21,7,Vendor_24,8954.6,Standard operational expense,1,1,Normal
7410,2020-02-27,7,Vendor_76,11051.43,Standard operational expense,2,1,Normal
7411,2024-10-27,7,Vendor_93,118.39,Standard operational expense,10,1,Normal
7412,2022-05-24,7,Vendor_75,12917.06,Standard operational expense,5,1,Normal
7413,2024-08-06,3,Vendor_18,9827.81,Standard operational expense,8,1,Normal
7414,2021-11-20,1,Vendor_17,3704.25,Standard operational expense,11,1,Normal
7415,2018-08-29,5,Vendor_31,8650.84,Standard operational expense,8,1,Normal
7416,2019-09-13,3,Vendor_32,915.91,Standard operational expense,9,1,Normal
7417,2024-05-03,1,Vendor_49,10996.23,Standard operational expense,5,1,Normal
7418,2021-09-12,5,Vendor_39,12684.64,Standard operational expense,9,1,Normal
7419,2021-02-06,5,Vendor_23,6964.51,Standard operational expense,2,1,Normal
7420,2023-09-11,1,Vendor_19,11956.63,Standard operational expense,9,1,Normal
7421,2018-04-16,2,Vendor_67,13550.99,Standard operational expense,4,1,Normal
7422,2018-03-30,4,Vendor_15,10774.16,Standard operational expense,3,1,Normal
7423,2020-06-14,3,Vendor_15,13709.01,Standard operational expense,6,1,Normal
7424,2018-12-27,6,Vendor_73,19367.52,Emergency Year-end Fund Utilization,12,1,Normal
7425,2023-08-15,3,Vendor_62,7478.52,Standard operational expense,8,1,Normal
7426,2018-07-07,5,Vendor_13,1711.98,Standard operational expense,7,1,Normal
7427,2023-07-26,7,Vendor_80,10129.46,Standard operational expense,7,1,Normal
7428,2023-03-07,1,Vendor_6,13983.79,Standard operational expense,3,1,Normal
7429,2022-12-19,8,Vendor_88,10003.43,Standard operational expense,12,1,Normal
7430,2018-07-24,3,Vendor_30,9184.56,Standard operational expense,7,1,Normal
7431,2019-02-04,1,Vendor_86,10352.52,Standard operational expense,2,1,Normal
7432,2020-10-20,6,Vendor_49,63111.96,Emergency Year-end Fund Utilization,10,1,Normal
7433,2018-07-25,2,Vendor_52,9925.63,Standard operational expense,7,1,Normal
7434,2021-09-07,7,Vendor_45,11497.59,Standard operational expense,9,1,Normal
7435,2020-10-12,6,Vendor_20,41240.88,Emergency Year-end Fund Utilization,10,1,Normal
7436,2019-03-09,1,Vendor_88,2222.4,Standard operational expense,3,1,Normal
7437,2023-11-15,3,Vendor_26,9157.03,Standard operational expense,11,1,Normal
7438,2020-10-04,2,Vendor_62,9671.16,Standard operational expense,10,1,Normal
7439,2024-12-20,6,Vendor_11,38327.22,Emergency Year-end Fund Utilization,12,1,Normal
7440,2018-11-19,8,Vendor_39,2115.01,Standard operational expense,11,1,Normal
7441,2023-08-24,4,Vendor_60,3932.28,Standard operational expense,8,1,Normal
7442,2020-12-02,1,Vendor_93,7432.85,Standard operational expense,12,1,Normal
7443,2020-10-11,1,Vendor_32,14205.17,Standard operational expense,10,1,Normal
7444,2019-02-07,7,Vendor_28,4215.52,Standard operational expense,2,1,Normal
7445,2018-09-16,8,Vendor_58,6926.26,Standard operational expense,9,1,Normal
7446,2023-05-28,2,Vendor_15,6640.06,Standard operational expense,5,1,Normal
7447,2021-11-19,6,Vendor_26,81055.56,Emergency Year-end Fund Utilization,11,-1,Anomaly
7448,2019-03-29,1,Vendor_66,11929.18,Standard operational expense,3,1,Normal
7449,2021-11-29,3,Vendor_51,6843.74,Standard operational expense,11,1,Normal
7450,2022-02-08,4,Vendor_11,6930.92,Standard operational expense,2,1,Normal
7451,2024-11-20,8,Vendor_21,9860.86,Standard operational expense,11,1,Normal
7452,2019-11-13,1,Vendor_24,14404.87,Standard operational expense,11,1,Normal
7453,2021-04-13,1,Vendor_38,6343.57,Standard operational expense,4,1,Normal
7454,2022-02-27,7,Vendor_78,4513.61,Standard operational expense,2,1,Normal
7455,2021-09-03,1,Vendor_20,8237.28,Standard operational expense,9,1,Normal
7456,2021-06-02,1,Vendor_26,12604.62,Standard operational expense,6,1,Normal
7457,2021-07-08,3,Vendor_30,14788.44,Standard operational expense,7,1,Normal
7458,2023-06-01,7,Vendor_15,4148.18,Standard operational expense,6,1,Normal
7459,2021-07-04,5,Vendor_34,8818.32,Standard operational expense,7,1,Normal
7460,2019-11-06,6,Vendor_64,87948.42,Emergency Year-end Fund Utilization,11,-1,Anomaly
7461,2018-03-07,5,Vendor_12,10941.65,Standard operational expense,3,1,Normal
7462,2023-03-29,8,Vendor_11,5594.3,Standard operational expense,3,1,Normal
7463,2024-11-02,1,Vendor_28,1232.91,Standard operational expense,11,1,Normal
7464,2023-02-03,1,Vendor_59,4015.02,Standard operational expense,2,1,Normal
7465,2022-02-06,5,Vendor_84,4332.94,Standard operational expense,2,1,Normal
7466,2019-04-07,1,Vendor_70,2443.23,Standard operational expense,4,1,Normal
7467,2019-01-15,1,Vendor_40,5561.25,Standard operational expense,1,1,Normal
7468,2021-11-10,2,Vendor_87,4195.79,Standard operational expense,11,1,Normal
7469,2019-03-21,4,Vendor_19,13818.06,Standard operational expense,3,1,Normal
7470,2018-11-25,4,Vendor_71,12919.26,Standard operational expense,11,1,Normal
7471,2020-02-09,1,Vendor_76,10817.91,Standard operational expense,2,1,Normal
7472,2019-10-05,5,Vendor_51,6750.38,Standard operational expense,10,1,Normal
7473,2024-08-06,1,Vendor_55,14350.09,Standard operational expense,8,1,Normal
7474,2024-05-28,3,Vendor_89,7956.57,Standard operational expense,5,1,Normal
7475,2020-09-19,3,Vendor_95,12307.0,Standard operational expense,9,1,Normal
7476,2024-11-14,6,Vendor_87,46354.44,Emergency Year-end Fund Utilization,11,1,Normal
7477,2020-08-27,8,Vendor_70,6430.1,Standard operational expense,8,1,Normal
7478,2018-08-16,7,Vendor_80,13181.06,Standard operational expense,8,1,Normal
7479,2023-08-23,3,Vendor_84,10810.71,Standard operational expense,8,1,Normal
7480,2021-09-09,4,Vendor_16,8426.05,Standard operational expense,9,1,Normal
7481,2021-03-27,1,Vendor_67,12878.94,Standard operational expense,3,1,Normal
7482,2023-07-26,5,Vendor_96,2654.35,Standard operational expense,7,1,Normal
7483,2018-01-08,8,Vendor_96,2932.32,Standard operational expense,1,1,Normal
7484,2021-08-22,1,Vendor_54,7480.67,Standard operational expense,8,1,Normal
7485,2022-10-15,6,Vendor_72,52913.76,Emergency Year-end Fund Utilization,10,1,Normal
7486,2018-11-13,6,Vendor_69,85908.95999999999,Emergency Year-end Fund Utilization,11,-1,Anomaly
7487,2021-11-14,6,Vendor_36,7888.32,Emergency Year-end Fund Utilization,11,1,Normal
7488,2024-07-24,4,Vendor_3,6600.95,Standard operational expense,7,1,Normal
7489,2022-03-08,5,Vendor_73,12615.12,Standard operational expense,3,1,Normal
7490,2020-03-08,3,Vendor_50,5326.51,Standard operational expense,3,1,Normal
7491,2019-05-30,2,Vendor_27,6209.93,Standard operational expense,5,1,Normal
7492,2023-06-30,2,Vendor_99,13798.98,Standard operational expense,6,1,Normal
7493,2024-05-10,3,Vendor_19,12469.14,Standard operational expense,5,1,Normal
7494,2024-07-20,7,Vendor_2,10588.75,Standard operational expense,7,1,Normal
7495,2018-10-21,5,Vendor_36,11652.4,Standard operational expense,10,1,Normal
7496,2024-11-04,8,Vendor_85,9757.29,Standard operational expense,11,1,Normal
7497,2020-01-07,4,Vendor_99,14961.0,Standard operational expense,1,1,Normal
7498,2021-07-31,5,Vendor_7,8628.97,Standard operational expense,7,1,Normal
7499,2020-07-26,3,Vendor_34,14462.35,Standard operational expense,7,1,Normal
7500,2022-10-03,4,Vendor_54,1839.82,Standard operational expense,10,1,Normal
7501,2024-09-07,3,Vendor_42,4260.9,Standard operational expense,9,1,Normal
7502,2020-07-21,5,Vendor_21,2408.45,Standard operational expense,7,1,Normal
7503,2022-10-24,6,Vendor_17,44340.96,Emergency Year-end Fund Utilization,10,1,Normal
7504,2021-06-02,5,Vendor_12,11710.48,Standard operational expense,6,1,Normal
7505,2019-04-03,8,Vendor_65,807.66,Standard operational expense,4,1,Normal
7506,2022-02-13,8,Vendor_26,11844.41,Standard operational expense,2,1,Normal
7507,2023-09-01,1,Vendor_26,12695.15,Standard operational expense,9,1,Normal
7508,2020-01-15,8,Vendor_32,3844.53,Standard operational expense,1,1,Normal
7509,2021-07-19,5,Vendor_50,13842.61,Standard operational expense,7,1,Normal
7510,2019-09-29,8,Vendor_75,1283.1,Standard operational expense,9,1,Normal
7511,2018-09-06,1,Vendor_16,1827.41,Standard operational expense,9,1,Normal
7512,2024-06-05,1,Vendor_99,6691.24,Standard operational expense,6,1,Normal
7513,2024-10-04,4,Vendor_26,1976.9,Standard operational expense,10,1,Normal
7514,2023-06-04,3,Vendor_45,6823.03,Standard operational expense,6,1,Normal
7515,2022-09-23,5,Vendor_5,4613.24,Standard operational expense,9,1,Normal
7516,2024-01-14,4,Vendor_6,11161.41,Standard operational expense,1,1,Normal
7517,2024-10-03,1,Vendor_41,13902.81,Standard operational expense,10,1,Normal
7518,2023-10-29,7,Vendor_26,10924.9,Standard operational expense,10,1,Normal
7519,2018-10-20,5,Vendor_96,3847.82,Standard operational expense,10,1,Normal
7520,2019-04-22,1,Vendor_91,5327.63,Standard operational expense,4,1,Normal
7521,2024-10-14,6,Vendor_20,80882.94,Emergency Year-end Fund Utilization,10,-1,Anomaly
7522,2019-11-21,8,Vendor_72,7675.35,Standard operational expense,11,1,Normal
7523,2019-12-13,6,Vendor_69,64590.48,Emergency Year-end Fund Utilization,12,1,Normal
7524,2021-12-25,5,Vendor_97,9572.52,Standard operational expense,12,1,Normal
7525,2022-01-28,1,Vendor_80,11919.27,Standard operational expense,1,1,Normal
7526,2020-05-26,2,Vendor_18,8153.81,Standard operational expense,5,1,Normal
7527,2022-11-12,2,Vendor_94,10665.39,Standard operational expense,11,1,Normal
7528,2023-10-01,4,Vendor_13,12335.02,Standard operational expense,10,1,Normal
7529,2023-11-14,1,Vendor_65,14093.47,Standard operational expense,11,1,Normal
7530,2022-09-13,5,Vendor_45,14992.82,Standard operational expense,9,1,Normal
7531,2018-01-05,5,Vendor_34,7834.7,Standard operational expense,1,1,Normal
7532,2022-05-16,7,Vendor_62,1695.98,Standard operational expense,5,1,Normal
7533,2020-04-16,7,Vendor_28,14645.1,Standard operational expense,4,1,Normal
7534,2018-07-17,5,Vendor_26,326.81,Standard operational expense,7,1,Normal
7535,2021-05-17,7,Vendor_64,3641.92,Standard operational expense,5,1,Normal
7536,2022-05-18,8,Vendor_93,4982.78,Standard operational expense,5,1,Normal
7537,2020-10-14,5,Vendor_77,5518.65,Standard operational expense,10,1,Normal
7538,2021-12-10,6,Vendor_68,23214.0,Emergency Year-end Fund Utilization,12,1,Normal
7539,2023-02-27,4,Vendor_73,6185.71,Standard operational expense,2,1,Normal
7540,2024-10-02,6,Vendor_58,13335.75,Standard operational expense,10,1,Normal
7541,2019-01-19,5,Vendor_46,12618.63,Standard operational expense,1,1,Normal
7542,2020-11-15,2,Vendor_32,5869.72,Standard operational expense,11,1,Normal
7543,2020-11-25,3,Vendor_57,7522.71,Standard operational expense,11,1,Normal
7544,2021-07-14,2,Vendor_83,11084.56,Standard operational expense,7,1,Normal
7545,2023-12-28,3,Vendor_18,10691.76,Standard operational expense,12,1,Normal
7546,2021-10-24,5,Vendor_78,14533.49,Standard operational expense,10,1,Normal
7547,2022-08-29,3,Vendor_76,5600.51,Standard operational expense,8,1,Normal
7548,2021-05-11,7,Vendor_26,12636.26,Standard operational expense,5,1,Normal
7549,2022-09-08,1,Vendor_9,9731.69,Standard operational expense,9,1,Normal
7550,2020-04-19,5,Vendor_63,7759.38,Standard operational expense,4,1,Normal
7551,2023-04-24,2,Vendor_22,6608.59,Standard operational expense,4,1,Normal
7552,2020-09-25,3,Vendor_30,5035.28,Standard operational expense,9,1,Normal
7553,2024-03-22,4,Vendor_65,10782.73,Standard operational expense,3,1,Normal
7554,2023-12-22,5,Vendor_55,9265.34,Standard operational expense,12,1,Normal
7555,2019-12-18,3,Vendor_25,13511.44,Standard operational expense,12,1,Normal
7556,2018-07-26,5,Vendor_33,6257.77,Standard operational expense,7,1,Normal
7557,2023-06-01,8,Vendor_17,13500.45,Standard operational expense,6,1,Normal
7558,2024-08-23,2,Vendor_40,712.21,Standard operational expense,8,1,Normal
7559,2023-02-21,2,Vendor_86,9877.02,Standard operational expense,2,1,Normal
7560,2021-04-26,1,Vendor_67,13777.63,Standard operational expense,4,1,Normal
7561,2019-06-18,2,Vendor_80,11491.3,Standard operational expense,6,1,Normal
7562,2020-04-20,5,Vendor_49,1485.3,Standard operational expense,4,1,Normal
7563,2024-08-21,5,Vendor_40,11120.19,Standard operational expense,8,1,Normal
7564,2023-11-04,6,Vendor_21,34631.100000000006,Emergency Year-end Fund Utilization,11,1,Normal
7565,2019-02-02,2,Vendor_18,8821.43,Standard operational expense,2,1,Normal
7566,2022-12-14,6,Vendor_54,2454.11,Standard operational expense,12,1,Normal
7567,2021-07-19,8,Vendor_23,9120.46,Standard operational expense,7,1,Normal
7568,2023-05-15,7,Vendor_33,4719.38,Standard operational expense,5,1,Normal
7569,2020-12-01,8,Vendor_18,4397.79,Standard operational expense,12,1,Normal
7570,2019-08-27,3,Vendor_64,12254.7,Standard operational expense,8,1,Normal
7571,2019-11-07,6,Vendor_97,12219.94,Standard operational expense,11,1,Normal
7572,2023-01-19,3,Vendor_96,6925.23,Standard operational expense,1,1,Normal
7573,2020-12-16,3,Vendor_59,14529.32,Standard operational expense,12,1,Normal
7574,2024-01-27,2,Vendor_3,3718.38,Standard operational expense,1,1,Normal
7575,2020-03-06,1,Vendor_47,2049.83,Standard operational expense,3,1,Normal
7576,2024-07-17,8,Vendor_14,2534.12,Standard operational expense,7,1,Normal
7577,2021-05-03,3,Vendor_65,3704.08,Standard operational expense,5,1,Normal
7578,2022-12-23,2,Vendor_70,14646.42,Standard operational expense,12,1,Normal
7579,2020-11-12,6,Vendor_72,26186.340000000004,Emergency Year-end Fund Utilization,11,1,Normal
7580,2018-02-28,3,Vendor_95,6153.58,Standard operational expense,2,1,Normal
7581,2018-12-05,5,Vendor_52,8347.58,Standard operational expense,12,1,Normal
7582,2022-01-13,1,Vendor_97,315.88,Standard operational expense,1,1,Normal
7583,2018-04-24,2,Vendor_44,13550.13,Standard operational expense,4,1,Normal
7584,2018-01-18,3,Vendor_29,2307.3,Standard operational expense,1,1,Normal
7585,2018-10-08,7,Vendor_13,8555.66,Standard operational expense,10,1,Normal
7586,2022-08-23,3,Vendor_28,3296.35,Standard operational expense,8,1,Normal
7587,2019-08-08,8,Vendor_30,1465.23,Standard operational expense,8,1,Normal
7588,2024-03-18,1,Vendor_64,10201.13,Standard operational expense,3,1,Normal
7589,2024-11-06,6,Vendor_42,59498.34,Emergency Year-end Fund Utilization,11,1,Normal
7590,2021-11-06,7,Vendor_63,4934.54,Standard operational expense,11,1,Normal
7591,2024-07-19,1,Vendor_50,3109.73,Standard operational expense,7,1,Normal
7592,2024-01-05,1,Vendor_42,13189.44,Standard operational expense,1,1,Normal
7593,2023-09-12,4,Vendor_57,9243.79,Standard operational expense,9,1,Normal
7594,2021-05-01,1,Vendor_88,13571.7,Standard operational expense,5,1,Normal
7595,2022-03-22,7,Vendor_61,4172.43,Standard operational expense,3,1,Normal
7596,2024-11-16,2,Vendor_20,11274.33,Standard operational expense,11,1,Normal
7597,2019-07-24,7,Vendor_54,13366.84,Standard operational expense,7,1,Normal
7598,2022-04-20,7,Vendor_4,11593.42,Standard operational expense,4,1,Normal
7599,2023-11-25,3,Vendor_55,14076.03,Standard operational expense,11,1,Normal
7600,2021-02-16,1,Vendor_81,8480.88,Standard operational expense,2,1,Normal
7601,2018-04-06,7,Vendor_92,12215.27,Standard operational expense,4,1,Normal
7602,2021-04-06,2,Vendor_79,11553.79,Standard operational expense,4,1,Normal
7603,2024-12-05,6,Vendor_53,4650.12,Emergency Year-end Fund Utilization,12,1,Normal
7604,2021-03-17,3,Vendor_87,13006.05,Standard operational expense,3,1,Normal
7605,2018-02-20,1,Vendor_10,7297.11,Standard operational expense,2,1,Normal
7606,2019-03-27,3,Vendor_29,8714.86,Standard operational expense,3,1,Normal
7607,2019-08-06,5,Vendor_72,11954.07,Standard operational expense,8,1,Normal
7608,2024-03-23,3,Vendor_60,9782.35,Standard operational expense,3,1,Normal
7609,2022-12-25,4,Vendor_71,4097.49,Standard operational expense,12,1,Normal
7610,2022-09-27,4,Vendor_38,10158.27,Standard operational expense,9,1,Normal
7611,2023-12-05,6,Vendor_76,3885.01,Standard operational expense,12,1,Normal
7612,2018-12-17,7,Vendor_44,10686.88,Standard operational expense,12,1,Normal
7613,2024-12-11,5,Vendor_14,5966.04,Standard operational expense,12,1,Normal
7614,2024-01-29,2,Vendor_97,2590.34,Standard operational expense,1,1,Normal
7615,2020-08-15,5,Vendor_37,11157.78,Standard operational expense,8,1,Normal
7616,2024-12-21,1,Vendor_28,10022.89,Standard operational expense,12,1,Normal
7617,2022-07-31,4,Vendor_90,11094.71,Standard operational expense,7,1,Normal
7618,2018-08-06,2,Vendor_81,4875.6,Standard operational expense,8,1,Normal
7619,2018-10-15,8,Vendor_8,5417.14,Standard operational expense,10,1,Normal
7620,2024-01-15,2,Vendor_79,11808.84,Standard operational expense,1,1,Normal
7621,2018-08-08,3,Vendor_51,2999.48,Standard operational expense,8,1,Normal
7622,2020-04-20,2,Vendor_87,4171.61,Standard operational expense,4,1,Normal
7623,2022-04-18,3,Vendor_96,3230.57,Standard operational expense,4,1,Normal
7624,2019-11-09,6,Vendor_5,64611.600000000006,Emergency Year-end Fund Utilization,11,1,Normal
7625,2024-08-26,4,Vendor_91,8942.13,Standard operational expense,8,1,Normal
7626,2023-07-03,8,Vendor_26,14123.06,Standard operational expense,7,1,Normal
7627,2024-12-15,7,Vendor_88,11072.95,Standard operational expense,12,1,Normal
7628,2019-01-23,1,Vendor_43,14912.53,Standard operational expense,1,-1,Anomaly
7629,2018-01-30,7,Vendor_71,7263.96,Standard operational expense,1,1,Normal
7630,2020-12-10,6,Vendor_49,76799.88,Emergency Year-end Fund Utilization,12,-1,Anomaly
7631,2023-05-15,4,Vendor_64,6762.64,Standard operational expense,5,1,Normal
7632,2024-08-17,3,Vendor_72,14901.9,Standard operational expense,8,1,Normal
7633,2018-11-04,6,Vendor_99,72831.78,Emergency Year-end Fund Utilization,11,1,Normal
7634,2020-05-07,3,Vendor_61,405.13,Standard operational expense,5,1,Normal
7635,2018-01-20,4,Vendor_36,6903.77,Standard operational expense,1,1,Normal
7636,2020-05-30,5,Vendor_21,13864.79,Standard operational expense,5,1,Normal
7637,2022-05-25,4,Vendor_36,9292.98,Standard operational expense,5,1,Normal
7638,2023-08-05,5,Vendor_88,3608.21,Standard operational expense,8,1,Normal
7639,2024-04-18,3,Vendor_37,5686.16,Standard operational expense,4,1,Normal
7640,2023-01-26,5,Vendor_29,14225.98,Standard operational expense,1,1,Normal
7641,2023-06-10,7,Vendor_16,7158.22,Standard operational expense,6,1,Normal
7642,2023-01-11,2,Vendor_97,1446.51,Standard operational expense,1,1,Normal
7643,2022-10-08,8,Vendor_75,4980.52,Standard operational expense,10,1,Normal
7644,2023-10-04,6,Vendor_28,61729.02,Emergency Year-end Fund Utilization,10,1,Normal
7645,2021-11-23,6,Vendor_35,7397.81,Standard operational expense,11,1,Normal
7646,2022-07-05,8,Vendor_88,689.97,Standard operational expense,7,1,Normal
7647,2019-08-26,2,Vendor_29,10914.73,Standard operational expense,8,1,Normal
7648,2019-08-07,4,Vendor_33,6951.87,Standard operational expense,8,1,Normal
7649,2022-11-03,4,Vendor_36,11717.3,Standard operational expense,11,1,Normal
7650,2021-01-05,1,Vendor_58,7452.54,Standard operational expense,1,1,Normal
7651,2023-04-06,8,Vendor_34,3147.7,Standard operational expense,4,1,Normal
7652,2021-03-09,3,Vendor_94,11539.8,Standard operational expense,3,1,Normal
7653,2021-02-26,4,Vendor_90,3605.0,Standard operational expense,2,1,Normal
7654,2023-10-25,6,Vendor_48,27353.22,Emergency Year-end Fund Utilization,10,1,Normal
7655,2022-10-22,4,Vendor_40,5412.48,Standard operational expense,10,1,Normal
7656,2018-05-14,8,Vendor_63,12699.42,Standard operational expense,5,1,Normal
7657,2021-04-01,8,Vendor_37,9661.5,Standard operational expense,4,1,Normal
7658,2024-11-12,1,Vendor_88,4172.68,Standard operational expense,11,1,Normal
7659,2023-12-27,2,Vendor_65,12266.85,Standard operational expense,12,1,Normal
7660,2019-08-19,8,Vendor_58,1012.51,Standard operational expense,8,1,Normal
7661,2024-08-23,8,Vendor_60,334.53,Standard operational expense,8,1,Normal
7662,2018-02-18,3,Vendor_77,8324.86,Standard operational expense,2,1,Normal
7663,2023-03-08,1,Vendor_47,7705.24,Standard operational expense,3,1,Normal
7664,2021-07-08,8,Vendor_13,9034.58,Standard operational expense,7,1,Normal
7665,2020-06-19,7,Vendor_74,989.14,Standard operational expense,6,1,Normal
7666,2019-09-18,3,Vendor_3,3901.81,Standard operational expense,9,1,Normal
7667,2021-09-24,8,Vendor_49,14794.04,Standard operational expense,9,1,Normal
7668,2022-11-11,5,Vendor_80,3065.76,Standard operational expense,11,1,Normal
7669,2022-10-14,7,Vendor_35,9631.09,Standard operational expense,10,1,Normal
7670,2020-01-08,5,Vendor_32,12763.68,Standard operational expense,1,1,Normal
7671,2022-11-17,2,Vendor_67,2352.46,Standard operational expense,11,1,Normal
7672,2021-04-19,3,Vendor_64,179.01,Standard operational expense,4,1,Normal
7673,2022-05-22,1,Vendor_38,4310.6,Standard operational expense,5,1,Normal
7674,2023-01-06,3,Vendor_5,11509.63,Standard operational expense,1,1,Normal
7675,2021-10-02,1,Vendor_57,11700.27,Standard operational expense,10,1,Normal
7676,2021-02-01,3,Vendor_88,12360.55,Standard operational expense,2,1,Normal
7677,2020-06-13,2,Vendor_50,6872.1,Standard operational expense,6,1,Normal
7678,2022-10-07,6,Vendor_1,11463.82,Standard operational expense,10,1,Normal
7679,2022-09-03,7,Vendor_63,1822.32,Standard operational expense,9,1,Normal
7680,2018-09-29,5,Vendor_87,13441.98,Standard operational expense,9,1,Normal
7681,2024-07-21,8,Vendor_94,6219.78,Standard operational expense,7,1,Normal
7682,2024-09-29,1,Vendor_70,11061.76,Standard operational expense,9,1,Normal
7683,2020-01-14,7,Vendor_94,5800.35,Standard operational expense,1,1,Normal
7684,2022-10-12,4,Vendor_68,1843.12,Standard operational expense,10,1,Normal
7685,2024-06-18,8,Vendor_87,3407.96,Standard operational expense,6,1,Normal
7686,2021-04-20,3,Vendor_39,13699.63,Standard operational expense,4,1,Normal
7687,2024-09-12,1,Vendor_28,3752.27,Standard operational expense,9,1,Normal
7688,2018-10-19,6,Vendor_86,7734.85,Standard operational expense,10,1,Normal
7689,2024-11-29,6,Vendor_29,14701.11,Standard operational expense,11,1,Normal
7690,2023-05-16,8,Vendor_38,12414.61,Standard operational expense,5,1,Normal
7691,2018-04-11,2,Vendor_87,8873.68,Standard operational expense,4,1,Normal
7692,2023-11-12,6,Vendor_55,42381.9,Emergency Year-end Fund Utilization,11,1,Normal
7693,2020-02-29,7,Vendor_96,1429.72,Standard operational expense,2,1,Normal
7694,2021-10-15,7,Vendor_10,114.78,Standard operational expense,10,1,Normal
7695,2023-12-08,1,Vendor_17,11685.19,Standard operational expense,12,1,Normal
7696,2020-05-07,7,Vendor_63,1121.33,Standard operational expense,5,1,Normal
7697,2018-09-18,1,Vendor_92,3752.71,Standard operational expense,9,1,Normal
7698,2018-10-05,5,Vendor_55,14531.03,Standard operational expense,10,1,Normal
7699,2023-12-16,4,Vendor_63,12761.75,Standard operational expense,12,1,Normal
7700,2018-08-24,8,Vendor_74,7664.14,Standard operational expense,8,1,Normal
7701,2019-09-05,7,Vendor_32,204.16,Standard operational expense,9,1,Normal
7702,2024-04-21,7,Vendor_77,1224.2,Standard operational expense,4,1,Normal
7703,2019-10-11,2,Vendor_64,10265.46,Standard operational expense,10,1,Normal
7704,2020-10-20,6,Vendor_2,1588.2599999999998,Emergency Year-end Fund Utilization,10,1,Normal
7705,2019-09-27,5,Vendor_88,14430.69,Standard operational expense,9,1,Normal
7706,2020-11-26,3,Vendor_70,5451.64,Standard operational expense,11,1,Normal
7707,2018-10-23,6,Vendor_29,28662.9,Emergency Year-end Fund Utilization,10,1,Normal
7708,2023-07-13,2,Vendor_73,11439.21,Standard operational expense,7,1,Normal
7709,2018-05-29,2,Vendor_62,1627.97,Standard operational expense,5,1,Normal
7710,2021-11-12,7,Vendor_80,4491.51,Standard operational expense,11,1,Normal
7711,2022-04-23,1,Vendor_83,11180.2,Standard operational expense,4,1,Normal
7712,2018-01-17,1,Vendor_12,6269.52,Standard operational expense,1,1,Normal
7713,2019-08-06,7,Vendor_49,13590.36,Standard operational expense,8,1,Normal
7714,2021-11-16,8,Vendor_30,11908.71,Standard operational expense,11,1,Normal
7715,2018-02-01,3,Vendor_16,11682.39,Standard operational expense,2,1,Normal
7716,2019-02-13,4,Vendor_51,10309.64,Standard operational expense,2,1,Normal
7717,2020-07-24,8,Vendor_80,4430.87,Standard operational expense,7,1,Normal
7718,2020-02-22,5,Vendor_27,2306.67,Standard operational expense,2,1,Normal
7719,2024-08-03,3,Vendor_77,7146.51,Standard operational expense,8,1,Normal
7720,2024-10-10,5,Vendor_29,6708.45,Standard operational expense,10,1,Normal
7721,2020-02-05,5,Vendor_51,7666.26,Standard operational expense,2,1,Normal
7722,2021-04-16,4,Vendor_56,349.99,Standard operational expense,4,1,Normal
7723,2023-01-30,7,Vendor_97,6842.06,Standard operational expense,1,1,Normal
7724,2019-05-12,1,Vendor_55,1577.84,Standard operational expense,5,1,Normal
7725,2021-03-06,3,Vendor_73,1126.75,Standard operational expense,3,1,Normal
7726,2019-01-01,7,Vendor_13,5820.91,Standard operational expense,1,1,Normal
7727,2018-08-02,5,Vendor_41,11060.8,Standard operational expense,8,1,Normal
7728,2022-09-13,4,Vendor_9,9995.74,Standard operational expense,9,1,Normal
7729,2021-04-17,8,Vendor_18,13039.1,Standard operational expense,4,1,Normal
7730,2019-07-20,7,Vendor_40,3966.19,Standard operational expense,7,1,Normal
7731,2018-04-28,8,Vendor_47,1118.6,Standard operational expense,4,1,Normal
7732,2023-04-02,5,Vendor_22,1642.58,Standard operational expense,4,1,Normal
7733,2020-03-26,8,Vendor_5,9166.93,Standard operational expense,3,1,Normal
7734,2018-07-12,3,Vendor_61,1734.0,Standard operational expense,7,1,Normal
7735,2020-08-08,8,Vendor_11,1444.6,Standard operational expense,8,1,Normal
7736,2020-07-31,2,Vendor_11,2617.46,Standard operational expense,7,1,Normal
7737,2024-05-07,1,Vendor_36,652.92,Standard operational expense,5,1,Normal
7738,2020-07-11,8,Vendor_99,5480.04,Standard operational expense,7,1,Normal
7739,2021-07-30,5,Vendor_77,6590.62,Standard operational expense,7,1,Normal
7740,2018-02-13,4,Vendor_98,10467.22,Standard operational expense,2,1,Normal
7741,2022-09-02,7,Vendor_36,270.24,Standard operational expense,9,1,Normal
7742,2018-11-07,6,Vendor_18,9037.74,Standard operational expense,11,1,Normal
7743,2022-04-05,3,Vendor_78,13054.74,Standard operational expense,4,1,Normal
7744,2019-04-15,3,Vendor_93,1816.73,Standard operational expense,4,1,Normal
7745,2020-05-31,2,Vendor_72,10657.57,Standard operational expense,5,1,Normal
7746,2020-04-25,2,Vendor_72,3692.94,Standard operational expense,4,1,Normal
7747,2022-12-10,2,Vendor_59,14303.62,Standard operational expense,12,1,Normal
7748,2020-04-30,8,Vendor_2,1891.19,Standard operational expense,4,1,Normal
7749,2022-04-22,3,Vendor_33,14914.08,Standard operational expense,4,1,Normal
7750,2018-09-14,8,Vendor_17,2529.45,Standard operational expense,9,1,Normal
7751,2023-10-06,6,Vendor_84,5367.94,Standard operational expense,10,1,Normal
7752,2024-01-15,5,Vendor_18,6166.34,Standard operational expense,1,1,Normal
7753,2018-10-11,4,Vendor_6,10085.97,Standard operational expense,10,1,Normal
7754,2019-09-06,1,Vendor_94,14637.02,Standard operational expense,9,1,Normal
7755,2018-11-22,6,Vendor_50,12663.06,Emergency Year-end Fund Utilization,11,1,Normal
7756,2023-04-17,7,Vendor_42,9262.67,Standard operational expense,4,1,Normal
7757,2024-06-29,1,Vendor_12,4871.43,Standard operational expense,6,1,Normal
7758,2018-11-16,7,Vendor_26,4145.5,Standard operational expense,11,1,Normal
7759,2019-12-02,2,Vendor_22,5473.85,Standard operational expense,12,1,Normal
7760,2021-04-19,5,Vendor_82,14092.13,Standard operational expense,4,1,Normal
7761,2018-06-04,4,Vendor_66,4818.76,Standard operational expense,6,1,Normal
7762,2024-09-12,5,Vendor_10,12365.62,Standard operational expense,9,1,Normal
7763,2021-10-31,8,Vendor_57,8825.32,Standard operational expense,10,1,Normal
7764,2023-07-25,2,Vendor_11,12925.78,Standard operational expense,7,1,Normal
7765,2019-12-31,1,Vendor_43,4700.42,Standard operational expense,12,1,Normal
7766,2020-04-29,2,Vendor_47,5858.55,Standard operational expense,4,1,Normal
7767,2024-12-26,1,Vendor_71,3786.91,Standard operational expense,12,1,Normal
7768,2018-04-16,3,Vendor_38,4334.74,Standard operational expense,4,1,Normal
7769,2019-01-30,3,Vendor_83,12323.38,Standard operational expense,1,1,Normal
7770,2019-12-23,1,Vendor_29,8886.96,Standard operational expense,12,1,Normal
7771,2023-07-23,8,Vendor_6,1687.4,Standard operational expense,7,1,Normal
7772,2021-12-23,5,Vendor_98,12292.06,Standard operational expense,12,1,Normal
7773,2018-09-01,1,Vendor_6,12669.79,Standard operational expense,9,1,Normal
7774,2018-08-19,7,Vendor_53,13895.1,Standard operational expense,8,1,Normal
7775,2021-11-12,5,Vendor_74,12626.12,Standard operational expense,11,1,Normal
7776,2022-01-19,8,Vendor_58,8258.41,Standard operational expense,1,1,Normal
7777,2022-04-22,7,Vendor_51,13565.58,Standard operational expense,4,1,Normal
7778,2019-11-21,6,Vendor_10,37114.98,Emergency Year-end Fund Utilization,11,1,Normal
7779,2021-04-27,1,Vendor_34,12316.17,Standard operational expense,4,1,Normal
7780,2022-02-25,3,Vendor_74,153.88,Standard operational expense,2,1,Normal
7781,2024-09-29,4,Vendor_85,4228.2,Standard operational expense,9,1,Normal
7782,2020-12-09,6,Vendor_97,77847.9,Emergency Year-end Fund Utilization,12,-1,Anomaly
7783,2021-04-20,1,Vendor_47,3261.74,Standard operational expense,4,1,Normal
7784,2023-12-06,8,Vendor_99,7612.2,Standard operational expense,12,1,Normal
7785,2021-06-17,4,Vendor_22,4520.78,Standard operational expense,6,1,Normal
7786,2020-09-30,2,Vendor_99,11193.15,Standard operational expense,9,1,Normal
7787,2024-06-18,2,Vendor_95,4414.28,Standard operational expense,6,1,Normal
7788,2022-08-18,5,Vendor_83,3855.5,Standard operational expense,8,1,Normal
7789,2019-07-23,7,Vendor_79,11632.48,Standard operational expense,7,1,Normal
7790,2018-11-17,6,Vendor_19,18453.24,Emergency Year-end Fund Utilization,11,1,Normal
7791,2018-05-07,3,Vendor_90,5542.57,Standard operational expense,5,1,Normal
7792,2020-01-15,1,Vendor_4,9971.61,Standard operational expense,1,1,Normal
7793,2021-05-26,4,Vendor_53,10655.87,Standard operational expense,5,1,Normal
7794,2022-01-06,3,Vendor_60,6213.7,Standard operational expense,1,1,Normal
7795,2021-01-21,5,Vendor_85,11837.04,Standard operational expense,1,1,Normal
7796,2019-11-10,7,Vendor_85,11827.68,Standard operational expense,11,1,Normal
7797,2024-06-24,1,Vendor_89,10599.13,Standard operational expense,6,1,Normal
7798,2022-04-30,5,Vendor_95,6845.0,Standard operational expense,4,1,Normal
7799,2022-05-06,2,Vendor_56,13954.65,Standard operational expense,5,1,Normal
7800,2024-03-19,2,Vendor_90,2873.34,Standard operational expense,3,1,Normal
7801,2018-01-19,2,Vendor_43,12004.76,Standard operational expense,1,1,Normal
7802,2019-02-19,4,Vendor_28,3333.27,Standard operational expense,2,1,Normal
7803,2021-04-28,4,Vendor_9,3537.37,Standard operational expense,4,1,Normal
7804,2019-10-12,5,Vendor_15,535.04,Standard operational expense,10,1,Normal
7805,2024-12-15,6,Vendor_40,1021.05,Standard operational expense,12,1,Normal
7806,2022-06-15,3,Vendor_44,13303.19,Standard operational expense,6,1,Normal
7807,2024-11-20,6,Vendor_73,36341.04,Emergency Year-end Fund Utilization,11,1,Normal
7808,2020-01-01,7,Vendor_33,13073.72,Standard operational expense,1,1,Normal
7809,2022-10-20,6,Vendor_44,53605.740000000005,Emergency Year-end Fund Utilization,10,1,Normal
7810,2024-01-02,7,Vendor_11,10074.5,Standard operational expense,1,1,Normal
7811,2022-05-19,4,Vendor_63,4303.28,Standard operational expense,5,1,Normal
7812,2020-11-27,6,Vendor_2,9748.3,Standard operational expense,11,1,Normal
7813,2021-03-09,8,Vendor_80,11807.98,Standard operational expense,3,1,Normal
7814,2021-04-23,7,Vendor_36,3445.36,Standard operational expense,4,1,Normal
7815,2022-07-26,3,Vendor_82,6557.79,Standard operational expense,7,1,Normal
7816,2023-02-26,5,Vendor_15,5272.9,Standard operational expense,2,1,Normal
7817,2023-06-18,3,Vendor_87,3890.39,Standard operational expense,6,1,Normal
7818,2024-10-01,6,Vendor_83,59247.12,Emergency Year-end Fund Utilization,10,1,Normal
7819,2024-06-21,5,Vendor_23,296.38,Standard operational expense,6,1,Normal
7820,2020-10-05,8,Vendor_70,6917.3,Standard operational expense,10,1,Normal
7821,2019-02-11,7,Vendor_24,14278.26,Standard operational expense,2,1,Normal
7822,2019-05-07,1,Vendor_77,9765.38,Standard operational expense,5,1,Normal
7823,2023-12-19,5,Vendor_90,11573.17,Standard operational expense,12,1,Normal
7824,2024-12-20,5,Vendor_98,171.02,Standard operational expense,12,1,Normal
7825,2024-05-07,8,Vendor_88,5319.8,Standard operational expense,5,1,Normal
7826,2022-11-15,4,Vendor_37,13867.44,Standard operational expense,11,1,Normal
7827,2020-06-18,7,Vendor_79,12610.12,Standard operational expense,6,1,Normal
7828,2019-11-28,6,Vendor_76,10662.95,Standard operational expense,11,1,Normal
7829,2021-05-19,2,Vendor_55,8287.17,Standard operational expense,5,1,Normal
7830,2020-09-15,5,Vendor_75,5988.35,Standard operational expense,9,1,Normal
7831,2020-01-24,2,Vendor_23,10608.86,Standard operational expense,1,1,Normal
7832,2019-11-17,6,Vendor_11,80399.81999999999,Emergency Year-end Fund Utilization,11,-1,Anomaly
7833,2020-04-13,5,Vendor_49,9061.85,Standard operational expense,4,1,Normal
7834,2022-12-12,8,Vendor_61,14636.93,Standard operational expense,12,1,Normal
7835,2018-07-05,7,Vendor_86,676.18,Standard operational expense,7,1,Normal
7836,2018-09-03,5,Vendor_42,6491.42,Standard operational expense,9,1,Normal
7837,2018-10-12,4,Vendor_44,7659.72,Standard operational expense,10,1,Normal
7838,2020-06-19,4,Vendor_53,2738.74,Standard operational expense,6,1,Normal
7839,2024-10-19,6,Vendor_2,12030.3,Standard operational expense,10,1,Normal
7840,2020-10-17,6,Vendor_77,84347.1,Emergency Year-end Fund Utilization,10,-1,Anomaly
7841,2019-12-31,3,Vendor_92,2598.69,Standard operational expense,12,1,Normal
7842,2018-04-15,7,Vendor_72,2412.58,Standard operational expense,4,1,Normal
7843,2019-05-24,3,Vendor_47,12484.7,Standard operational expense,5,1,Normal
7844,2020-05-28,3,Vendor_64,13841.04,Standard operational expense,5,1,Normal
7845,2018-11-16,4,Vendor_36,9003.41,Standard operational expense,11,1,Normal
7846,2023-09-08,3,Vendor_85,6466.93,Standard operational expense,9,1,Normal
7847,2020-02-02,8,Vendor_81,12185.59,Standard operational expense,2,1,Normal
7848,2024-11-03,1,Vendor_74,7164.84,Standard operational expense,11,1,Normal
7849,2020-12-12,1,Vendor_72,2449.84,Standard operational expense,12,1,Normal
7850,2019-11-05,5,Vendor_49,3347.53,Standard operational expense,11,1,Normal
7851,2020-06-14,2,Vendor_25,5353.72,Standard operational expense,6,1,Normal
7852,2019-11-07,2,Vendor_49,887.29,Standard operational expense,11,1,Normal
7853,2018-05-27,3,Vendor_51,4410.63,Standard operational expense,5,1,Normal
7854,2019-05-10,1,Vendor_74,3400.36,Standard operational expense,5,1,Normal
7855,2021-02-17,5,Vendor_55,2982.11,Standard operational expense,2,1,Normal
7856,2018-11-27,3,Vendor_48,221.62,Standard operational expense,11,1,Normal
7857,2021-11-01,8,Vendor_14,7545.42,Standard operational expense,11,1,Normal
7858,2022-10-17,2,Vendor_54,3785.34,Standard operational expense,10,1,Normal
7859,2024-05-09,5,Vendor_9,14913.07,Standard operational expense,5,1,Normal
7860,2018-04-24,4,Vendor_21,3383.51,Standard operational expense,4,1,Normal
7861,2022-10-10,1,Vendor_63,853.94,Standard operational expense,10,1,Normal
7862,2020-09-01,2,Vendor_92,2168.37,Standard operational expense,9,1,Normal
7863,2019-11-13,6,Vendor_38,58026.72,Emergency Year-end Fund Utilization,11,1,Normal
7864,2024-05-25,3,Vendor_15,5613.92,Standard operational expense,5,1,Normal
7865,2018-04-18,5,Vendor_68,14423.39,Standard operational expense,4,1,Normal
7866,2020-03-03,8,Vendor_25,964.09,Standard operational expense,3,1,Normal
7867,2018-10-16,4,Vendor_43,378.46,Standard operational expense,10,1,Normal
7868,2021-02-23,1,Vendor_69,2763.5,Standard operational expense,2,1,Normal
7869,2024-02-10,2,Vendor_41,12724.6,Standard operational expense,2,1,Normal
7870,2023-10-19,6,Vendor_39,9278.7,Emergency Year-end Fund Utilization,10,1,Normal
7871,2021-05-16,8,Vendor_74,7575.9,Standard operational expense,5,1,Normal
7872,2020-08-11,5,Vendor_62,3853.91,Standard operational expense,8,1,Normal
7873,2018-10-28,3,Vendor_14,9920.81,Standard operational expense,10,1,Normal
7874,2023-11-24,2,Vendor_51,6983.03,Standard operational expense,11,1,Normal
7875,2022-10-05,3,Vendor_88,1859.08,Standard operational expense,10,1,Normal
7876,2024-06-26,4,Vendor_14,8332.54,Standard operational expense,6,1,Normal
7877,2018-06-09,8,Vendor_17,3751.34,Standard operational expense,6,1,Normal
7878,2024-04-07,8,Vendor_15,14842.84,Standard operational expense,4,1,Normal
7879,2020-05-14,7,Vendor_71,8916.04,Standard operational expense,5,1,Normal
7880,2020-05-14,1,Vendor_16,9623.41,Standard operational expense,5,1,Normal
7881,2018-11-30,3,Vendor_51,2646.36,Standard operational expense,11,1,Normal
7882,2024-12-14,6,Vendor_99,59805.18000000001,Emergency Year-end Fund Utilization,12,1,Normal
7883,2022-08-17,7,Vendor_81,1765.12,Standard operational expense,8,1,Normal
7884,2018-03-13,3,Vendor_15,13818.26,Standard operational expense,3,1,Normal
7885,2022-11-14,7,Vendor_30,10509.01,Standard operational expense,11,1,Normal
7886,2021-08-28,2,Vendor_52,5032.13,Standard operational expense,8,1,Normal
7887,2023-05-17,2,Vendor_3,4884.72,Standard operational expense,5,1,Normal
7888,2022-08-02,5,Vendor_19,6447.48,Standard operational expense,8,1,Normal
7889,2019-07-10,1,Vendor_3,13183.06,Standard operational expense,7,1,Normal
7890,2022-10-29,1,Vendor_38,7270.64,Standard operational expense,10,1,Normal
7891,2023-09-18,7,Vendor_13,2190.21,Standard operational expense,9,1,Normal
7892,2024-11-02,6,Vendor_72,61681.26,Emergency Year-end Fund Utilization,11,1,Normal
7893,2019-09-02,8,Vendor_36,4462.81,Standard operational expense,9,1,Normal
7894,2021-02-10,7,Vendor_59,8195.02,Standard operational expense,2,1,Normal
7895,2018-12-30,5,Vendor_1,2616.14,Standard operational expense,12,1,Normal
7896,2019-11-30,4,Vendor_56,12852.55,Standard operational expense,11,1,Normal
7897,2022-07-02,1,Vendor_98,6004.58,Standard operational expense,7,1,Normal
7898,2018-07-28,5,Vendor_25,7702.18,Standard operational expense,7,1,Normal
7899,2024-12-13,3,Vendor_90,6245.2,Standard operational expense,12,1,Normal
7900,2021-12-23,6,Vendor_82,5982.57,Standard operational expense,12,1,Normal
7901,2024-03-18,3,Vendor_92,8570.86,Standard operational expense,3,1,Normal
7902,2023-08-03,3,Vendor_33,9769.83,Standard operational expense,8,1,Normal
7903,2023-06-23,4,Vendor_38,3574.75,Standard operational expense,6,1,Normal
7904,2018-07-02,4,Vendor_29,5535.28,Standard operational expense,7,1,Normal
7905,2019-01-16,1,Vendor_48,1062.15,Standard operational expense,1,1,Normal
7906,2022-06-26,8,Vendor_36,269.46,Standard operational expense,6,1,Normal
7907,2020-12-29,1,Vendor_57,14952.48,Standard operational expense,12,1,Normal
7908,2022-08-04,1,Vendor_53,2830.47,Standard operational expense,8,1,Normal
7909,2018-02-05,5,Vendor_81,8545.32,Standard operational expense,2,1,Normal
7910,2020-11-26,3,Vendor_34,5916.67,Standard operational expense,11,1,Normal
7911,2023-11-17,6,Vendor_1,2551.74,Emergency Year-end Fund Utilization,11,1,Normal
7912,2018-07-18,2,Vendor_83,7303.55,Standard operational expense,7,1,Normal
7913,2018-08-29,2,Vendor_26,11525.0,Standard operational expense,8,1,Normal
7914,2022-10-29,3,Vendor_24,12282.4,Standard operational expense,10,1,Normal
7915,2024-08-11,5,Vendor_90,13831.73,Standard operational expense,8,1,Normal
7916,2022-03-22,3,Vendor_97,1259.0,Standard operational expense,3,1,Normal
7917,2024-10-29,5,Vendor_10,7365.25,Standard operational expense,10,1,Normal
7918,2022-03-12,8,Vendor_74,14033.24,Standard operational expense,3,1,Normal
7919,2023-09-29,2,Vendor_4,9847.27,Standard operational expense,9,1,Normal
7920,2024-08-29,3,Vendor_94,6257.44,Standard operational expense,8,1,Normal
7921,2019-04-19,8,Vendor_24,12952.72,Standard operational expense,4,1,Normal
7922,2021-04-08,5,Vendor_46,12316.52,Standard operational expense,4,1,Normal
7923,2022-08-25,7,Vendor_83,11106.83,Standard operational expense,8,1,Normal
7924,2023-04-05,4,Vendor_5,4858.64,Standard operational expense,4,1,Normal
7925,2022-06-04,8,Vendor_50,13678.49,Standard operational expense,6,1,Normal
7926,2024-04-25,4,Vendor_3,10618.18,Standard operational expense,4,1,Normal
7927,2023-10-30,7,Vendor_1,7101.1,Standard operational expense,10,1,Normal
7928,2019-02-16,3,Vendor_10,6992.61,Standard operational expense,2,1,Normal
7929,2024-11-07,7,Vendor_9,13396.42,Standard operational expense,11,1,Normal
7930,2018-08-20,3,Vendor_13,4842.45,Standard operational expense,8,1,Normal
7931,2022-11-08,6,Vendor_62,13513.23,Standard operational expense,11,1,Normal
7932,2018-11-14,7,Vendor_87,13043.38,Standard operational expense,11,1,Normal
7933,2019-12-17,6,Vendor_56,2087.76,Standard operational expense,12,1,Normal
7934,2021-02-07,1,Vendor_73,9804.97,Standard operational expense,2,1,Normal
7935,2018-07-21,5,Vendor_88,14621.88,Standard operational expense,7,1,Normal
7936,2019-02-23,3,Vendor_77,1633.01,Standard operational expense,2,1,Normal
7937,2023-02-22,1,Vendor_56,9490.72,Standard operational expense,2,1,Normal
7938,2019-01-29,1,Vendor_99,14223.62,Standard operational expense,1,1,Normal
7939,2019-09-24,1,Vendor_62,4994.63,Standard operational expense,9,1,Normal
7940,2022-08-21,8,Vendor_69,5836.96,Standard operational expense,8,1,Normal
7941,2021-02-21,4,Vendor_41,724.7,Standard operational expense,2,1,Normal
7942,2020-08-16,8,Vendor_47,2074.15,Standard operational expense,8,1,Normal
7943,2024-08-13,5,Vendor_8,13277.35,Standard operational expense,8,1,Normal
7944,2021-05-14,3,Vendor_84,6897.87,Standard operational expense,5,1,Normal
7945,2019-02-11,5,Vendor_46,5665.52,Standard operational expense,2,1,Normal
7946,2019-08-01,8,Vendor_65,3701.24,Standard operational expense,8,1,Normal
7947,2023-04-16,3,Vendor_55,11797.89,Standard operational expense,4,1,Normal
7948,2018-10-22,6,Vendor_48,53745.06,Emergency Year-end Fund Utilization,10,1,Normal
7949,2019-06-09,7,Vendor_67,4254.67,Standard operational expense,6,1,Normal
7950,2021-07-08,4,Vendor_81,2556.27,Standard operational expense,7,1,Normal
7951,2018-11-03,6,Vendor_96,39862.8,Emergency Year-end Fund Utilization,11,1,Normal
7952,2024-06-10,3,Vendor_77,873.02,Standard operational expense,6,1,Normal
7953,2019-09-15,2,Vendor_42,14983.95,Standard operational expense,9,1,Normal
7954,2021-06-06,4,Vendor_79,892.26,Standard operational expense,6,1,Normal
7955,2024-08-19,4,Vendor_86,11011.18,Standard operational expense,8,1,Normal
7956,2024-02-14,1,Vendor_80,3153.87,Standard operational expense,2,1,Normal
7957,2018-07-05,5,Vendor_75,10939.33,Standard operational expense,7,1,Normal
7958,2020-10-22,1,Vendor_95,13363.43,Standard operational expense,10,1,Normal
7959,2022-01-16,8,Vendor_69,2679.74,Standard operational expense,1,1,Normal
7960,2024-02-23,8,Vendor_63,5039.43,Standard operational expense,2,1,Normal
7961,2023-08-28,3,Vendor_99,13515.07,Standard operational expense,8,1,Normal
7962,2024-07-26,7,Vendor_5,1476.67,Standard operational expense,7,1,Normal
7963,2018-08-16,8,Vendor_80,9856.38,Standard operational expense,8,1,Normal
7964,2019-12-25,6,Vendor_49,4964.12,Standard operational expense,12,1,Normal
7965,2022-05-05,7,Vendor_38,4496.06,Standard operational expense,5,1,Normal
7966,2024-12-13,1,Vendor_99,5015.84,Standard operational expense,12,1,Normal
7967,2018-04-21,7,Vendor_50,168.55,Standard operational expense,4,1,Normal
7968,2023-04-26,7,Vendor_9,10116.88,Standard operational expense,4,1,Normal
7969,2020-03-26,4,Vendor_67,13413.46,Standard operational expense,3,1,Normal
7970,2023-08-05,4,Vendor_99,14516.04,Standard operational expense,8,1,Normal
7971,2020-06-14,2,Vendor_88,5640.01,Standard operational expense,6,1,Normal
7972,2020-05-22,3,Vendor_26,11648.96,Standard operational expense,5,1,Normal
7973,2021-12-01,1,Vendor_57,3543.86,Standard operational expense,12,1,Normal
7974,2020-07-07,2,Vendor_95,14811.67,Standard operational expense,7,1,Normal
7975,2020-01-17,4,Vendor_66,13717.36,Standard operational expense,1,1,Normal
7976,2018-11-19,6,Vendor_60,61381.740000000005,Emergency Year-end Fund Utilization,11,1,Normal
7977,2022-06-20,8,Vendor_12,4339.0,Standard operational expense,6,1,Normal
7978,2021-02-19,3,Vendor_67,14070.79,Standard operational expense,2,1,Normal
7979,2022-04-23,8,Vendor_40,6087.11,Standard operational expense,4,1,Normal
7980,2023-05-31,8,Vendor_45,1529.78,Standard operational expense,5,1,Normal
7981,2024-02-26,5,Vendor_13,5608.02,Standard operational expense,2,1,Normal
7982,2021-10-21,7,Vendor_71,9529.65,Standard operational expense,10,1,Normal
7983,2020-09-19,7,Vendor_44,5126.97,Standard operational expense,9,1,Normal
7984,2024-04-20,3,Vendor_78,1066.7,Standard operational expense,4,1,Normal
7985,2018-01-04,7,Vendor_88,4513.29,Standard operational expense,1,1,Normal
7986,2023-03-13,1,Vendor_41,2858.39,Standard operational expense,3,1,Normal
7987,2022-06-10,4,Vendor_25,11496.75,Standard operational expense,6,1,Normal
7988,2024-10-19,3,Vendor_67,14297.09,Standard operational expense,10,1,Normal
7989,2020-06-18,5,Vendor_32,406.66,Standard operational expense,6,1,Normal
7990,2022-06-11,8,Vendor_51,9727.34,Standard operational expense,6,1,Normal
7991,2024-07-18,8,Vendor_1,13738.4,Standard operational expense,7,1,Normal
7992,2020-11-08,5,Vendor_94,3536.23,Standard operational expense,11,1,Normal
7993,2018-03-22,7,Vendor_13,12386.18,Standard operational expense,3,1,Normal
7994,2021-11-20,6,Vendor_97,84135.42,Emergency Year-end Fund Utilization,11,-1,Anomaly
7995,2024-10-02,4,Vendor_78,8856.83,Standard operational expense,10,1,Normal
7996,2021-06-06,3,Vendor_61,9523.29,Standard operational expense,6,1,Normal
7997,2023-04-25,7,Vendor_99,14002.15,Standard operational expense,4,1,Normal
7998,2018-09-24,5,Vendor_83,14266.17,Standard operational expense,9,1,Normal
7999,2023-11-05,6,Vendor_41,74779.14,Emergency Year-end Fund Utilization,11,1,Normal
8000,2021-10-03,1,Vendor_53,12970.86,Standard operational expense,10,1,Normal
8001,2023-11-25,1,Vendor_32,6731.17,Standard operational expense,11,1,Normal
8002,2018-11-15,6,Vendor_57,57744.72,Emergency Year-end Fund Utilization,11,1,Normal
8003,2020-04-09,3,Vendor_93,7149.2,Standard operational expense,4,1,Normal
8004,2021-02-27,5,Vendor_8,12274.85,Standard operational expense,2,1,Normal
8005,2019-02-07,8,Vendor_32,10707.84,Standard operational expense,2,1,Normal
8006,2020-09-07,1,Vendor_81,5723.13,Standard operational expense,9,1,Normal
8007,2018-02-02,7,Vendor_89,6091.55,Standard operational expense,2,1,Normal
8008,2023-09-23,8,Vendor_43,1909.79,Standard operational expense,9,1,Normal
8009,2023-07-24,5,Vendor_91,3552.05,Standard operational expense,7,1,Normal
8010,2020-07-10,3,Vendor_3,14330.46,Standard operational expense,7,1,Normal
8011,2021-12-04,2,Vendor_66,10450.77,Standard operational expense,12,1,Normal
8012,2019-06-24,5,Vendor_44,7779.08,Standard operational expense,6,1,Normal
8013,2021-12-31,8,Vendor_72,7205.23,Standard operational expense,12,1,Normal
8014,2021-10-03,6,Vendor_96,88024.26,Emergency Year-end Fund Utilization,10,-1,Anomaly
8015,2020-11-02,5,Vendor_53,2840.05,Standard operational expense,11,1,Normal
8016,2020-02-20,1,Vendor_60,846.57,Standard operational expense,2,1,Normal
8017,2022-12-29,5,Vendor_93,5980.69,Standard operational expense,12,1,Normal
8018,2021-05-15,4,Vendor_69,3070.53,Standard operational expense,5,1,Normal
8019,2023-07-17,5,Vendor_19,12571.47,Standard operational expense,7,1,Normal
8020,2023-05-25,8,Vendor_1,1540.11,Standard operational expense,5,1,Normal
8021,2022-10-19,4,Vendor_70,13742.35,Standard operational expense,10,1,Normal
8022,2019-12-02,2,Vendor_61,13910.04,Standard operational expense,12,1,Normal
8023,2022-09-17,3,Vendor_99,4090.16,Standard operational expense,9,1,Normal
8024,2024-05-09,7,Vendor_46,14591.9,Standard operational expense,5,1,Normal
8025,2019-06-07,8,Vendor_39,10446.93,Standard operational expense,6,1,Normal
8026,2024-11-03,7,Vendor_75,2339.4,Standard operational expense,11,1,Normal
8027,2018-11-09,6,Vendor_22,9327.96,Emergency Year-end Fund Utilization,11,1,Normal
8028,2019-05-14,3,Vendor_25,4686.13,Standard operational expense,5,1,Normal
8029,2019-09-20,5,Vendor_68,6023.73,Standard operational expense,9,1,Normal
8030,2021-05-29,7,Vendor_87,6180.22,Standard operational expense,5,1,Normal
8031,2019-11-27,4,Vendor_46,5750.69,Standard operational expense,11,1,Normal
8032,2024-09-06,2,Vendor_61,5704.03,Standard operational expense,9,1,Normal
8033,2020-02-16,5,Vendor_49,13925.88,Standard operational expense,2,1,Normal
8034,2019-12-11,6,Vendor_82,46075.5,Emergency Year-end Fund Utilization,12,1,Normal
8035,2024-04-29,3,Vendor_56,3435.25,Standard operational expense,4,1,Normal
8036,2019-04-25,3,Vendor_5,13760.04,Standard operational expense,4,1,Normal
8037,2022-12-19,1,Vendor_68,8842.88,Standard operational expense,12,1,Normal
8038,2024-10-09,3,Vendor_23,4935.95,Standard operational expense,10,1,Normal
8039,2024-07-06,5,Vendor_5,1100.76,Standard operational expense,7,1,Normal
8040,2021-11-23,6,Vendor_88,4494.06,Emergency Year-end Fund Utilization,11,1,Normal
8041,2018-06-28,2,Vendor_47,8611.98,Standard operational expense,6,1,Normal
8042,2022-12-23,6,Vendor_62,3609.65,Standard operational expense,12,1,Normal
8043,2022-10-17,2,Vendor_82,12904.43,Standard operational expense,10,1,Normal
8044,2018-07-04,8,Vendor_78,5168.12,Standard operational expense,7,1,Normal
8045,2018-01-30,5,Vendor_37,858.91,Standard operational expense,1,1,Normal
8046,2021-11-23,6,Vendor_59,21782.04,Emergency Year-end Fund Utilization,11,1,Normal
8047,2023-09-07,2,Vendor_19,11055.19,Standard operational expense,9,1,Normal
8048,2019-11-14,3,Vendor_44,10324.75,Standard operational expense,11,1,Normal
8049,2023-12-01,2,Vendor_19,11468.97,Standard operational expense,12,1,Normal
8050,2023-02-19,5,Vendor_51,14627.12,Standard operational expense,2,1,Normal
8051,2020-10-07,5,Vendor_16,11836.36,Standard operational expense,10,1,Normal
8052,2018-06-12,4,Vendor_67,6499.43,Standard operational expense,6,1,Normal
8053,2022-11-03,5,Vendor_46,2966.51,Standard operational expense,11,1,Normal
8054,2021-08-24,4,Vendor_67,14396.0,Standard operational expense,8,1,Normal
8055,2020-04-21,7,Vendor_81,9418.35,Standard operational expense,4,1,Normal
8056,2019-05-04,8,Vendor_2,4656.22,Standard operational expense,5,1,Normal
8057,2022-10-10,6,Vendor_58,11692.98,Emergency Year-end Fund Utilization,10,1,Normal
8058,2023-02-04,2,Vendor_15,4723.0,Standard operational expense,2,1,Normal
8059,2018-09-29,7,Vendor_46,7788.16,Standard operational expense,9,1,Normal
8060,2022-09-23,4,Vendor_19,2918.66,Standard operational expense,9,1,Normal
8061,2019-09-13,7,Vendor_2,4573.71,Standard operational expense,9,1,Normal
8062,2022-07-13,7,Vendor_21,5739.23,Standard operational expense,7,1,Normal
8063,2018-09-12,8,Vendor_29,2848.89,Standard operational expense,9,1,Normal
8064,2024-11-19,3,Vendor_90,12427.8,Standard operational expense,11,1,Normal
8065,2020-12-27,3,Vendor_12,14693.44,Standard operational expense,12,1,Normal
8066,2020-04-10,2,Vendor_77,8763.18,Standard operational expense,4,1,Normal
8067,2021-08-10,5,Vendor_19,4034.7,Standard operational expense,8,1,Normal
8068,2019-07-01,8,Vendor_91,6364.54,Standard operational expense,7,1,Normal
8069,2020-02-05,4,Vendor_35,12617.69,Standard operational expense,2,1,Normal
8070,2018-11-04,7,Vendor_99,4550.86,Standard operational expense,11,1,Normal
8071,2023-08-31,1,Vendor_6,8806.85,Standard operational expense,8,1,Normal
8072,2018-08-19,2,Vendor_89,8929.6,Standard operational expense,8,1,Normal
8073,2018-12-01,7,Vendor_50,2883.1,Standard operational expense,12,1,Normal
8074,2019-08-17,7,Vendor_15,10129.5,Standard operational expense,8,1,Normal
8075,2019-07-07,3,Vendor_3,10132.14,Standard operational expense,7,1,Normal
8076,2019-05-28,8,Vendor_94,5610.93,Standard operational expense,5,1,Normal
8077,2024-12-20,3,Vendor_65,4558.01,Standard operational expense,12,1,Normal
8078,2019-08-11,4,Vendor_79,12564.18,Standard operational expense,8,1,Normal
8079,2018-04-04,5,Vendor_99,10511.05,Standard operational expense,4,1,Normal
8080,2024-11-21,7,Vendor_44,4506.09,Standard operational expense,11,1,Normal
8081,2022-01-19,3,Vendor_62,5178.54,Standard operational expense,1,1,Normal
8082,2018-01-23,2,Vendor_33,9075.73,Standard operational expense,1,1,Normal
8083,2021-09-18,7,Vendor_60,10276.43,Standard operational expense,9,1,Normal
8084,2018-07-08,8,Vendor_95,2518.39,Standard operational expense,7,1,Normal
8085,2019-08-04,2,Vendor_89,4680.36,Standard operational expense,8,1,Normal
8086,2024-08-31,8,Vendor_81,12250.95,Standard operational expense,8,1,Normal
8087,2024-12-05,1,Vendor_46,4693.04,Standard operational expense,12,1,Normal
8088,2024-09-06,3,Vendor_60,4369.64,Standard operational expense,9,1,Normal
8089,2024-07-21,8,Vendor_47,8715.28,Standard operational expense,7,1,Normal
8090,2024-07-18,7,Vendor_41,13979.64,Standard operational expense,7,1,Normal
8091,2020-11-25,5,Vendor_60,3084.0,Standard operational expense,11,1,Normal
8092,2024-07-09,3,Vendor_30,1373.98,Standard operational expense,7,1,Normal
8093,2018-10-23,6,Vendor_75,14572.81,Standard operational expense,10,1,Normal
8094,2023-08-05,7,Vendor_56,14485.45,Standard operational expense,8,1,Normal
8095,2024-07-16,1,Vendor_65,579.29,Standard operational expense,7,1,Normal
8096,2023-11-15,6,Vendor_13,64243.62,Emergency Year-end Fund Utilization,11,1,Normal
8097,2019-05-12,5,Vendor_95,5996.79,Standard operational expense,5,1,Normal
8098,2021-11-23,2,Vendor_95,6575.69,Standard operational expense,11,1,Normal
8099,2018-07-13,3,Vendor_85,11453.24,Standard operational expense,7,1,Normal
8100,2018-02-28,7,Vendor_21,1391.2,Standard operational expense,2,1,Normal
8101,2023-05-23,8,Vendor_71,11742.66,Standard operational expense,5,1,Normal
8102,2021-09-07,5,Vendor_93,10546.14,Standard operational expense,9,1,Normal
8103,2020-05-25,7,Vendor_22,4305.84,Standard operational expense,5,1,Normal
8104,2018-12-02,1,Vendor_60,761.23,Standard operational expense,12,1,Normal
8105,2021-06-01,5,Vendor_67,9539.35,Standard operational expense,6,1,Normal
8106,2019-05-09,7,Vendor_69,2424.94,Standard operational expense,5,1,Normal
8107,2022-04-13,7,Vendor_31,13298.78,Standard operational expense,4,1,Normal
8108,2021-06-09,2,Vendor_54,5544.33,Standard operational expense,6,1,Normal
8109,2020-08-21,5,Vendor_23,9193.11,Standard operational expense,8,1,Normal
8110,2021-10-20,6,Vendor_54,11795.87,Standard operational expense,10,1,Normal
8111,2018-08-17,3,Vendor_54,3232.0,Standard operational expense,8,1,Normal
8112,2020-09-11,5,Vendor_58,3452.22,Standard operational expense,9,1,Normal
8113,2019-06-16,8,Vendor_93,4444.13,Standard operational expense,6,1,Normal
8114,2019-07-16,2,Vendor_74,8052.14,Standard operational expense,7,1,Normal
8115,2021-07-16,7,Vendor_8,12380.49,Standard operational expense,7,1,Normal
8116,2024-07-19,3,Vendor_21,3281.37,Standard operational expense,7,1,Normal
8117,2024-03-02,4,Vendor_57,5289.66,Standard operational expense,3,1,Normal
8118,2021-11-21,6,Vendor_97,1794.9,Emergency Year-end Fund Utilization,11,1,Normal
8119,2018-03-05,4,Vendor_11,9182.38,Standard operational expense,3,1,Normal
8120,2021-10-07,7,Vendor_93,2931.73,Standard operational expense,10,1,Normal
8121,2021-12-07,6,Vendor_83,86653.74,Emergency Year-end Fund Utilization,12,-1,Anomaly
8122,2021-11-13,3,Vendor_73,12220.47,Standard operational expense,11,1,Normal
8123,2021-11-02,7,Vendor_2,1871.03,Standard operational expense,11,1,Normal
8124,2019-05-07,2,Vendor_8,14611.18,Standard operational expense,5,1,Normal
8125,2023-06-01,7,Vendor_87,12900.49,Standard operational expense,6,1,Normal
8126,2021-09-13,5,Vendor_1,4896.01,Standard operational expense,9,1,Normal
8127,2022-12-05,6,Vendor_87,2122.62,Emergency Year-end Fund Utilization,12,1,Normal
8128,2023-09-11,5,Vendor_68,4854.07,Standard operational expense,9,1,Normal
8129,2023-03-21,4,Vendor_3,1429.4,Standard operational expense,3,1,Normal
8130,2019-10-18,6,Vendor_30,34392.24,Emergency Year-end Fund Utilization,10,1,Normal
8131,2024-11-08,2,Vendor_6,10834.98,Standard operational expense,11,1,Normal
8132,2022-12-21,3,Vendor_89,8062.38,Standard operational expense,12,1,Normal
8133,2024-01-13,5,Vendor_9,10095.44,Standard operational expense,1,1,Normal
8134,2020-11-29,5,Vendor_63,1996.26,Standard operational expense,11,1,Normal
8135,2024-12-23,5,Vendor_26,6374.17,Standard operational expense,12,1,Normal
8136,2021-12-18,3,Vendor_9,2521.04,Standard operational expense,12,1,Normal
8137,2023-05-06,3,Vendor_73,7329.29,Standard operational expense,5,1,Normal
8138,2020-03-04,2,Vendor_85,12884.66,Standard operational expense,3,1,Normal
8139,2023-02-21,3,Vendor_59,8026.34,Standard operational expense,2,1,Normal
8140,2020-11-27,1,Vendor_75,10395.03,Standard operational expense,11,1,Normal
8141,2023-11-18,6,Vendor_48,12051.08,Standard operational expense,11,1,Normal
8142,2023-12-01,6,Vendor_29,28424.76,Emergency Year-end Fund Utilization,12,1,Normal
8143,2021-06-04,5,Vendor_34,4165.78,Standard operational expense,6,1,Normal
8144,2018-04-23,5,Vendor_19,12736.22,Standard operational expense,4,1,Normal
8145,2020-02-15,7,Vendor_25,1020.86,Standard operational expense,2,1,Normal
8146,2022-04-23,7,Vendor_39,13117.11,Standard operational expense,4,1,Normal
8147,2024-04-21,2,Vendor_20,7426.47,Standard operational expense,4,1,Normal
8148,2018-07-28,3,Vendor_42,7592.84,Standard operational expense,7,1,Normal
8149,2022-03-10,4,Vendor_9,11793.16,Standard operational expense,3,1,Normal
8150,2021-12-13,3,Vendor_7,1272.73,Standard operational expense,12,1,Normal
8151,2020-11-14,8,Vendor_94,11256.28,Standard operational expense,11,1,Normal
8152,2018-08-09,1,Vendor_52,2065.37,Standard operational expense,8,1,Normal
8153,2018-12-09,1,Vendor_65,8904.66,Standard operational expense,12,1,Normal
8154,2020-06-10,8,Vendor_67,1615.6,Standard operational expense,6,1,Normal
8155,2023-06-23,2,Vendor_67,5113.07,Standard operational expense,6,1,Normal
8156,2023-01-30,8,Vendor_13,4052.82,Standard operational expense,1,1,Normal
8157,2021-09-06,8,Vendor_75,7785.01,Standard operational expense,9,1,Normal
8158,2024-11-09,4,Vendor_94,8441.52,Standard operational expense,11,1,Normal
8159,2019-10-26,5,Vendor_91,793.45,Standard operational expense,10,1,Normal
8160,2021-04-04,2,Vendor_12,12140.77,Standard operational expense,4,1,Normal
8161,2023-11-13,6,Vendor_10,20039.7,Emergency Year-end Fund Utilization,11,1,Normal
8162,2021-10-09,6,Vendor_51,54007.740000000005,Emergency Year-end Fund Utilization,10,1,Normal
8163,2019-08-08,3,Vendor_68,3241.74,Standard operational expense,8,1,Normal
8164,2019-06-01,3,Vendor_29,12336.87,Standard operational expense,6,1,Normal
8165,2022-10-13,6,Vendor_43,11747.0,Standard operational expense,10,1,Normal
8166,2022-03-08,5,Vendor_91,2475.45,Standard operational expense,3,1,Normal
8167,2019-05-06,2,Vendor_37,377.02,Standard operational expense,5,1,Normal
8168,2022-01-29,2,Vendor_22,5311.12,Standard operational expense,1,1,Normal
8169,2018-05-31,7,Vendor_12,11013.51,Standard operational expense,5,1,Normal
8170,2023-09-02,7,Vendor_52,814.81,Standard operational expense,9,1,Normal
8171,2024-04-05,2,Vendor_46,11650.65,Standard operational expense,4,1,Normal
8172,2019-06-25,1,Vendor_16,13694.06,Standard operational expense,6,1,Normal
8173,2024-12-04,3,Vendor_11,287.76,Standard operational expense,12,1,Normal
8174,2019-03-13,5,Vendor_19,6474.79,Standard operational expense,3,1,Normal
8175,2021-03-29,2,Vendor_55,1681.09,Standard operational expense,3,1,Normal
8176,2024-11-12,1,Vendor_21,9126.73,Standard operational expense,11,1,Normal
8177,2019-09-21,2,Vendor_81,11443.52,Standard operational expense,9,1,Normal
8178,2023-05-01,2,Vendor_65,1562.05,Standard operational expense,5,1,Normal
8179,2020-10-30,7,Vendor_37,14962.83,Standard operational expense,10,1,Normal
8180,2020-12-28,1,Vendor_77,13256.34,Standard operational expense,12,1,Normal
8181,2019-11-21,6,Vendor_65,5884.56,Emergency Year-end Fund Utilization,11,1,Normal
8182,2024-12-19,4,Vendor_49,14587.87,Standard operational expense,12,1,Normal
8183,2022-06-20,3,Vendor_89,6675.01,Standard operational expense,6,1,Normal
8184,2019-10-12,6,Vendor_27,57405.9,Emergency Year-end Fund Utilization,10,1,Normal
8185,2018-04-06,3,Vendor_75,12871.03,Standard operational expense,4,1,Normal
8186,2018-08-28,8,Vendor_64,12478.7,Standard operational expense,8,1,Normal
8187,2021-02-16,8,Vendor_95,1313.47,Standard operational expense,2,1,Normal
8188,2020-01-31,3,Vendor_95,822.83,Standard operational expense,1,1,Normal
8189,2021-03-01,5,Vendor_49,9766.02,Standard operational expense,3,1,Normal
8190,2020-10-26,1,Vendor_32,4320.48,Standard operational expense,10,1,Normal
8191,2024-07-13,7,Vendor_27,5374.21,Standard operational expense,7,1,Normal
8192,2020-01-07,2,Vendor_59,8016.53,Standard operational expense,1,1,Normal
8193,2020-07-12,8,Vendor_31,11908.8,Standard operational expense,7,1,Normal
8194,2022-05-30,2,Vendor_40,13050.55,Standard operational expense,5,1,Normal
8195,2019-08-03,3,Vendor_76,9209.41,Standard operational expense,8,1,Normal
8196,2018-08-15,3,Vendor_80,1197.55,Standard operational expense,8,1,Normal
8197,2018-01-24,3,Vendor_93,9354.93,Standard operational expense,1,1,Normal
8198,2020-05-02,8,Vendor_31,1591.17,Standard operational expense,5,1,Normal
8199,2022-08-06,7,Vendor_50,13808.47,Standard operational expense,8,1,Normal
8200,2023-03-31,5,Vendor_32,3027.12,Standard operational expense,3,1,Normal
8201,2022-10-04,6,Vendor_91,77584.08,Emergency Year-end Fund Utilization,10,-1,Anomaly
8202,2020-10-26,1,Vendor_22,10293.39,Standard operational expense,10,1,Normal
8203,2021-09-09,7,Vendor_18,7642.42,Standard operational expense,9,1,Normal
8204,2019-08-08,7,Vendor_68,2596.69,Standard operational expense,8,1,Normal
8205,2020-03-26,2,Vendor_6,11033.6,Standard operational expense,3,1,Normal
8206,2023-07-31,3,Vendor_47,14278.9,Standard operational expense,7,1,Normal
8207,2021-02-23,1,Vendor_78,7877.9,Standard operational expense,2,1,Normal
8208,2019-11-26,8,Vendor_22,6217.68,Standard operational expense,11,1,Normal
8209,2020-01-18,2,Vendor_89,5295.96,Standard operational expense,1,1,Normal
8210,2018-10-14,8,Vendor_68,2705.64,Standard operational expense,10,1,Normal
8211,2023-11-24,8,Vendor_76,13528.13,Standard operational expense,11,1,Normal
8212,2023-03-30,2,Vendor_44,9852.27,Standard operational expense,3,1,Normal
8213,2018-02-04,4,Vendor_1,9821.45,Standard operational expense,2,1,Normal
8214,2020-03-21,8,Vendor_63,13739.86,Standard operational expense,3,1,Normal
8215,2020-11-22,7,Vendor_66,13641.89,Standard operational expense,11,1,Normal
8216,2023-09-09,2,Vendor_39,8932.9,Standard operational expense,9,1,Normal
8217,2018-06-22,8,Vendor_30,12781.88,Standard operational expense,6,1,Normal
8218,2019-11-23,7,Vendor_5,464.84,Standard operational expense,11,1,Normal
8219,2018-08-02,8,Vendor_11,8713.44,Standard operational expense,8,1,Normal
8220,2020-03-10,5,Vendor_64,1136.46,Standard operational expense,3,1,Normal
8221,2021-12-18,4,Vendor_42,1026.06,Standard operational expense,12,1,Normal
8222,2020-01-31,7,Vendor_1,5073.91,Standard operational expense,1,1,Normal
8223,2023-11-27,8,Vendor_64,4576.72,Standard operational expense,11,1,Normal
8224,2018-07-25,7,Vendor_78,2515.43,Standard operational expense,7,1,Normal
8225,2019-12-20,6,Vendor_16,27873.42,Emergency Year-end Fund Utilization,12,1,Normal
8226,2023-02-15,7,Vendor_21,7310.22,Standard operational expense,2,1,Normal
8227,2019-10-01,6,Vendor_29,9477.32,Standard operational expense,10,1,Normal
8228,2024-07-08,8,Vendor_91,2426.19,Standard operational expense,7,1,Normal
8229,2023-03-05,5,Vendor_4,8808.1,Standard operational expense,3,1,Normal
8230,2021-11-26,6,Vendor_58,6242.86,Standard operational expense,11,1,Normal
8231,2024-11-27,7,Vendor_56,13062.8,Standard operational expense,11,1,Normal
8232,2022-04-05,5,Vendor_87,5311.95,Standard operational expense,4,1,Normal
8233,2020-06-24,3,Vendor_5,1480.28,Standard operational expense,6,1,Normal
8234,2022-03-05,4,Vendor_9,11273.94,Standard operational expense,3,1,Normal
8235,2019-11-13,1,Vendor_64,11867.0,Standard operational expense,11,1,Normal
8236,2018-11-07,2,Vendor_87,14502.8,Standard operational expense,11,1,Normal
8237,2024-10-13,4,Vendor_44,3690.69,Standard operational expense,10,1,Normal
8238,2022-03-04,5,Vendor_4,14232.06,Standard operational expense,3,1,Normal
8239,2024-12-17,3,Vendor_72,9216.34,Standard operational expense,12,1,Normal
8240,2023-12-24,2,Vendor_69,973.75,Standard operational expense,12,1,Normal
8241,2020-07-05,3,Vendor_85,11898.59,Standard operational expense,7,1,Normal
8242,2023-01-27,8,Vendor_4,852.14,Standard operational expense,1,1,Normal
8243,2018-01-04,5,Vendor_38,6890.22,Standard operational expense,1,1,Normal
8244,2024-09-24,5,Vendor_46,9023.28,Standard operational expense,9,1,Normal
8245,2024-12-24,8,Vendor_19,1083.49,Standard operational expense,12,1,Normal
8246,2020-08-10,3,Vendor_42,4161.32,Standard operational expense,8,1,Normal
8247,2023-09-27,1,Vendor_74,3832.25,Standard operational expense,9,1,Normal
8248,2019-12-29,6,Vendor_7,6779.5,Standard operational expense,12,1,Normal
8249,2020-07-28,7,Vendor_42,12492.64,Standard operational expense,7,1,Normal
8250,2020-04-20,4,Vendor_13,578.4,Standard operational expense,4,1,Normal
8251,2021-10-23,6,Vendor_89,2783.16,Emergency Year-end Fund Utilization,10,1,Normal
8252,2018-08-19,4,Vendor_1,13701.33,Standard operational expense,8,1,Normal
8253,2024-10-17,1,Vendor_53,10736.33,Standard operational expense,10,1,Normal
8254,2023-09-15,7,Vendor_18,10450.61,Standard operational expense,9,1,Normal
8255,2019-09-22,1,Vendor_58,11808.62,Standard operational expense,9,1,Normal
8256,2020-11-19,1,Vendor_91,511.29,Standard operational expense,11,1,Normal
8257,2021-06-05,2,Vendor_53,2299.44,Standard operational expense,6,1,Normal
8258,2020-06-20,7,Vendor_42,10854.15,Standard operational expense,6,1,Normal
8259,2024-10-07,6,Vendor_31,9875.28,Emergency Year-end Fund Utilization,10,1,Normal
8260,2024-01-14,8,Vendor_80,2147.41,Standard operational expense,1,1,Normal
8261,2023-03-09,7,Vendor_47,13746.4,Standard operational expense,3,1,Normal
8262,2023-08-20,8,Vendor_24,2162.02,Standard operational expense,8,1,Normal
8263,2019-05-02,8,Vendor_26,12065.39,Standard operational expense,5,1,Normal
8264,2021-12-26,3,Vendor_89,6211.06,Standard operational expense,12,1,Normal
8265,2022-03-06,3,Vendor_70,12115.37,Standard operational expense,3,1,Normal
8266,2020-03-09,7,Vendor_17,1281.07,Standard operational expense,3,1,Normal
8267,2022-09-09,3,Vendor_88,1816.86,Standard operational expense,9,1,Normal
8268,2023-11-29,8,Vendor_40,4884.97,Standard operational expense,11,1,Normal
8269,2021-02-19,2,Vendor_30,9120.83,Standard operational expense,2,1,Normal
8270,2022-12-22,7,Vendor_50,2858.23,Standard operational expense,12,1,Normal
8271,2024-07-12,8,Vendor_44,6537.46,Standard operational expense,7,1,Normal
8272,2023-07-13,1,Vendor_3,2463.96,Standard operational expense,7,1,Normal
8273,2021-10-05,1,Vendor_38,14694.02,Standard operational expense,10,1,Normal
8274,2020-12-02,7,Vendor_33,8892.62,Standard operational expense,12,1,Normal
8275,2019-10-12,6,Vendor_52,3340.1400000000003,Emergency Year-end Fund Utilization,10,1,Normal
8276,2019-12-03,6,Vendor_21,82042.86,Emergency Year-end Fund Utilization,12,-1,Anomaly
8277,2019-10-14,6,Vendor_14,71509.86,Emergency Year-end Fund Utilization,10,-1,Anomaly
8278,2024-01-25,2,Vendor_82,6803.35,Standard operational expense,1,1,Normal
8279,2020-04-07,1,Vendor_33,6236.56,Standard operational expense,4,1,Normal
8280,2020-12-08,4,Vendor_48,9451.86,Standard operational expense,12,1,Normal
8281,2020-10-16,8,Vendor_70,12957.52,Standard operational expense,10,1,Normal
8282,2024-12-15,6,Vendor_7,56818.26,Emergency Year-end Fund Utilization,12,1,Normal
8283,2022-05-29,1,Vendor_24,10454.33,Standard operational expense,5,1,Normal
8284,2019-12-07,8,Vendor_15,1318.81,Standard operational expense,12,1,Normal
8285,2024-10-20,5,Vendor_89,8544.46,Standard operational expense,10,1,Normal
8286,2020-08-27,3,Vendor_88,5742.28,Standard operational expense,8,1,Normal
8287,2022-03-13,2,Vendor_77,696.62,Standard operational expense,3,1,Normal
8288,2024-07-16,8,Vendor_15,7626.18,Standard operational expense,7,1,Normal
8289,2021-09-07,2,Vendor_81,3539.72,Standard operational expense,9,1,Normal
8290,2022-04-05,2,Vendor_17,12906.04,Standard operational expense,4,1,Normal
8291,2018-04-30,2,Vendor_64,7581.15,Standard operational expense,4,1,Normal
8292,2019-12-19,6,Vendor_37,54008.28,Emergency Year-end Fund Utilization,12,1,Normal
8293,2022-06-02,8,Vendor_96,2801.24,Standard operational expense,6,1,Normal
8294,2022-04-13,8,Vendor_73,9563.57,Standard operational expense,4,1,Normal
8295,2021-02-23,4,Vendor_41,10414.17,Standard operational expense,2,1,Normal
8296,2022-09-06,7,Vendor_82,10050.44,Standard operational expense,9,1,Normal
8297,2019-01-30,4,Vendor_92,11205.3,Standard operational expense,1,1,Normal
8298,2018-07-29,5,Vendor_64,12070.78,Standard operational expense,7,1,Normal
8299,2024-06-12,4,Vendor_2,14694.3,Standard operational expense,6,1,Normal
8300,2023-10-05,8,Vendor_97,7373.36,Standard operational expense,10,1,Normal
8301,2022-11-30,6,Vendor_23,5068.62,Standard operational expense,11,1,Normal
8302,2022-05-10,8,Vendor_8,14130.3,Standard operational expense,5,1,Normal
8303,2021-12-18,6,Vendor_94,73196.81999999999,Emergency Year-end Fund Utilization,12,-1,Anomaly
8304,2021-12-07,7,Vendor_89,11694.87,Standard operational expense,12,1,Normal
8305,2020-12-18,8,Vendor_97,10529.59,Standard operational expense,12,1,Normal
8306,2021-09-03,4,Vendor_23,6985.24,Standard operational expense,9,1,Normal
8307,2019-07-12,2,Vendor_28,9946.18,Standard operational expense,7,1,Normal
8308,2018-01-24,7,Vendor_79,13787.79,Standard operational expense,1,1,Normal
8309,2021-12-27,3,Vendor_7,2548.94,Standard operational expense,12,1,Normal
8310,2018-05-01,8,Vendor_12,12279.79,Standard operational expense,5,1,Normal
8311,2022-12-21,1,Vendor_82,4470.59,Standard operational expense,12,1,Normal
8312,2020-10-25,7,Vendor_89,10013.71,Standard operational expense,10,1,Normal
8313,2021-03-11,4,Vendor_35,10309.17,Standard operational expense,3,1,Normal
8314,2021-10-19,2,Vendor_11,9731.26,Standard operational expense,10,1,Normal
8315,2023-10-24,4,Vendor_70,724.84,Standard operational expense,10,1,Normal
8316,2020-02-15,7,Vendor_96,8985.37,Standard operational expense,2,1,Normal
8317,2020-11-17,7,Vendor_82,4701.4,Standard operational expense,11,1,Normal
8318,2024-10-04,4,Vendor_63,3118.97,Standard operational expense,10,1,Normal
8319,2022-11-17,5,Vendor_78,14749.96,Standard operational expense,11,1,Normal
8320,2023-09-16,3,Vendor_19,4136.73,Standard operational expense,9,1,Normal
8321,2019-01-09,2,Vendor_23,9665.19,Standard operational expense,1,1,Normal
8322,2018-05-20,2,Vendor_21,2928.6,Standard operational expense,5,1,Normal
8323,2021-05-27,5,Vendor_12,1036.65,Standard operational expense,5,1,Normal
8324,2018-02-27,1,Vendor_23,3698.1,Standard operational expense,2,1,Normal
8325,2019-01-13,2,Vendor_52,769.31,Standard operational expense,1,1,Normal
8326,2020-10-10,6,Vendor_11,64316.46,Emergency Year-end Fund Utilization,10,1,Normal
8327,2023-07-05,7,Vendor_48,13510.35,Standard operational expense,7,1,Normal
8328,2020-10-08,7,Vendor_80,1856.45,Standard operational expense,10,1,Normal
8329,2022-10-29,5,Vendor_93,1595.47,Standard operational expense,10,1,Normal
8330,2021-05-27,8,Vendor_63,13195.65,Standard operational expense,5,1,Normal
8331,2019-06-25,2,Vendor_98,6890.41,Standard operational expense,6,1,Normal
8332,2019-09-14,1,Vendor_99,9776.07,Standard operational expense,9,1,Normal
8333,2021-08-13,2,Vendor_59,3609.87,Standard operational expense,8,1,Normal
8334,2021-01-18,3,Vendor_94,8820.29,Standard operational expense,1,1,Normal
8335,2022-07-03,3,Vendor_3,7766.44,Standard operational expense,7,1,Normal
8336,2022-10-23,7,Vendor_49,9288.38,Standard operational expense,10,1,Normal
8337,2021-11-01,8,Vendor_44,13713.13,Standard operational expense,11,1,Normal
8338,2020-10-23,2,Vendor_29,10657.29,Standard operational expense,10,1,Normal
8339,2019-10-26,6,Vendor_45,65963.88,Emergency Year-end Fund Utilization,10,1,Normal
8340,2023-05-01,5,Vendor_19,5827.83,Standard operational expense,5,1,Normal
8341,2021-10-24,6,Vendor_77,5391.72,Emergency Year-end Fund Utilization,10,1,Normal
8342,2022-08-21,5,Vendor_48,12561.51,Standard operational expense,8,1,Normal
8343,2024-12-13,1,Vendor_15,2497.46,Standard operational expense,12,1,Normal
8344,2021-02-25,2,Vendor_14,14566.72,Standard operational expense,2,1,Normal
8345,2018-06-22,1,Vendor_75,10778.41,Standard operational expense,6,1,Normal
8346,2018-01-11,1,Vendor_26,1783.89,Standard operational expense,1,1,Normal
8347,2024-06-28,1,Vendor_86,4732.18,Standard operational expense,6,1,Normal
8348,2024-12-01,6,Vendor_90,50986.26,Emergency Year-end Fund Utilization,12,1,Normal
8349,2024-12-27,1,Vendor_75,4132.66,Standard operational expense,12,1,Normal
8350,2024-10-11,6,Vendor_30,11378.88,Emergency Year-end Fund Utilization,10,1,Normal
8351,2023-01-24,7,Vendor_89,5857.75,Standard operational expense,1,1,Normal
8352,2022-10-07,5,Vendor_44,10547.66,Standard operational expense,10,1,Normal
8353,2024-09-03,2,Vendor_14,5577.48,Standard operational expense,9,1,Normal
8354,2020-06-22,8,Vendor_39,14050.49,Standard operational expense,6,1,Normal
8355,2020-05-02,3,Vendor_10,12652.17,Standard operational expense,5,1,Normal
8356,2020-08-30,2,Vendor_14,7319.61,Standard operational expense,8,1,Normal
8357,2021-09-14,7,Vendor_31,14744.51,Standard operational expense,9,1,Normal
8358,2018-11-03,7,Vendor_38,3974.35,Standard operational expense,11,1,Normal
8359,2023-03-12,7,Vendor_90,11975.62,Standard operational expense,3,1,Normal
8360,2018-05-29,8,Vendor_65,10019.91,Standard operational expense,5,1,Normal
8361,2020-12-21,6,Vendor_32,25922.46,Emergency Year-end Fund Utilization,12,1,Normal
8362,2021-10-06,1,Vendor_8,2230.66,Standard operational expense,10,1,Normal
8363,2019-03-19,1,Vendor_2,12459.6,Standard operational expense,3,1,Normal
8364,2024-10-09,2,Vendor_3,11773.85,Standard operational expense,10,1,Normal
8365,2019-11-17,8,Vendor_33,13223.27,Standard operational expense,11,1,Normal
8366,2018-09-01,8,Vendor_82,8845.48,Standard operational expense,9,1,Normal
8367,2022-05-25,1,Vendor_31,6786.58,Standard operational expense,5,1,Normal
8368,2021-03-18,8,Vendor_1,5828.05,Standard operational expense,3,1,Normal
8369,2023-10-11,6,Vendor_66,1504.98,Emergency Year-end Fund Utilization,10,1,Normal
8370,2024-09-21,3,Vendor_62,7100.67,Standard operational expense,9,1,Normal
8371,2019-09-10,5,Vendor_53,6129.92,Standard operational expense,9,1,Normal
8372,2023-12-02,6,Vendor_4,10285.46,Standard operational expense,12,1,Normal
8373,2024-04-10,7,Vendor_15,2746.78,Standard operational expense,4,1,Normal
8374,2024-11-06,8,Vendor_54,11087.43,Standard operational expense,11,1,Normal
8375,2022-05-24,8,Vendor_81,9859.21,Standard operational expense,5,1,Normal
8376,2024-12-23,2,Vendor_7,4329.59,Standard operational expense,12,1,Normal
8377,2020-02-06,4,Vendor_94,10392.27,Standard operational expense,2,1,Normal
8378,2023-03-23,1,Vendor_69,7002.59,Standard operational expense,3,1,Normal
8379,2019-09-12,7,Vendor_74,11257.52,Standard operational expense,9,1,Normal
8380,2021-04-17,8,Vendor_41,2720.03,Standard operational expense,4,1,Normal
8381,2019-02-07,8,Vendor_3,1247.37,Standard operational expense,2,1,Normal
8382,2019-01-20,4,Vendor_48,8203.53,Standard operational expense,1,1,Normal
8383,2021-04-05,5,Vendor_22,6263.01,Standard operational expense,4,1,Normal
8384,2022-02-03,8,Vendor_55,4530.69,Standard operational expense,2,1,Normal
8385,2020-03-31,5,Vendor_88,14709.85,Standard operational expense,3,1,Normal
8386,2020-05-11,8,Vendor_49,3273.39,Standard operational expense,5,1,Normal
8387,2022-11-30,8,Vendor_88,12680.46,Standard operational expense,11,1,Normal
8388,2020-01-21,5,Vendor_95,11577.78,Standard operational expense,1,1,Normal
8389,2020-11-17,6,Vendor_95,9904.68,Emergency Year-end Fund Utilization,11,1,Normal
8390,2020-09-16,4,Vendor_63,12338.95,Standard operational expense,9,1,Normal
8391,2019-12-08,5,Vendor_85,2521.33,Standard operational expense,12,1,Normal
8392,2019-08-29,2,Vendor_69,6849.4,Standard operational expense,8,1,Normal
8393,2019-08-09,8,Vendor_39,6301.67,Standard operational expense,8,1,Normal
8394,2023-08-16,2,Vendor_58,12766.72,Standard operational expense,8,1,Normal
8395,2020-04-25,7,Vendor_75,9384.1,Standard operational expense,4,1,Normal
8396,2023-10-09,6,Vendor_33,23765.34,Emergency Year-end Fund Utilization,10,1,Normal
8397,2024-12-11,4,Vendor_74,933.62,Standard operational expense,12,1,Normal
8398,2024-11-16,3,Vendor_60,13296.32,Standard operational expense,11,1,Normal
8399,2021-02-12,5,Vendor_47,9442.13,Standard operational expense,2,1,Normal
8400,2019-09-04,8,Vendor_7,6945.01,Standard operational expense,9,1,Normal
8401,2020-02-02,1,Vendor_2,4597.29,Standard operational expense,2,1,Normal
8402,2021-03-14,1,Vendor_78,623.89,Standard operational expense,3,1,Normal
8403,2018-07-16,5,Vendor_91,10473.65,Standard operational expense,7,1,Normal
8404,2022-11-30,6,Vendor_8,5208.67,Standard operational expense,11,1,Normal
8405,2023-12-10,6,Vendor_8,61737.9,Emergency Year-end Fund Utilization,12,1,Normal
8406,2019-01-04,8,Vendor_74,8629.04,Standard operational expense,1,1,Normal
8407,2019-11-04,7,Vendor_52,6749.04,Standard operational expense,11,1,Normal
8408,2024-08-21,1,Vendor_96,121.56,Standard operational expense,8,1,Normal
8409,2020-10-25,6,Vendor_60,3042.36,Emergency Year-end Fund Utilization,10,1,Normal
8410,2018-08-28,8,Vendor_95,14302.31,Standard operational expense,8,1,Normal
8411,2021-09-01,4,Vendor_26,8343.23,Standard operational expense,9,1,Normal
8412,2023-04-28,8,Vendor_79,214.38,Standard operational expense,4,1,Normal
8413,2023-09-03,7,Vendor_66,5913.98,Standard operational expense,9,1,Normal
8414,2023-11-19,2,Vendor_83,8705.07,Standard operational expense,11,1,Normal
8415,2020-01-12,7,Vendor_44,14539.27,Standard operational expense,1,1,Normal
8416,2020-04-17,2,Vendor_22,14748.58,Standard operational expense,4,1,Normal
8417,2018-12-31,7,Vendor_40,10574.94,Standard operational expense,12,1,Normal
8418,2022-07-11,1,Vendor_38,960.27,Standard operational expense,7,1,Normal
8419,2023-07-28,3,Vendor_15,9998.99,Standard operational expense,7,1,Normal
8420,2024-10-14,5,Vendor_11,190.45,Standard operational expense,10,1,Normal
8421,2023-12-07,1,Vendor_57,2030.81,Standard operational expense,12,1,Normal
8422,2024-02-18,3,Vendor_81,1688.53,Standard operational expense,2,1,Normal
8423,2024-08-28,4,Vendor_36,14529.38,Standard operational expense,8,1,Normal
8424,2022-12-09,8,Vendor_29,8795.35,Standard operational expense,12,1,Normal
8425,2020-05-25,8,Vendor_77,8964.61,Standard operational expense,5,1,Normal
8426,2019-12-05,6,Vendor_10,50563.98,Emergency Year-end Fund Utilization,12,1,Normal
8427,2018-11-12,6,Vendor_96,54904.5,Emergency Year-end Fund Utilization,11,1,Normal
8428,2021-10-17,2,Vendor_74,1998.49,Standard operational expense,10,1,Normal
8429,2019-03-08,7,Vendor_89,14942.79,Standard operational expense,3,1,Normal
8430,2020-12-09,6,Vendor_74,79055.81999999999,Emergency Year-end Fund Utilization,12,-1,Anomaly
8431,2021-01-31,7,Vendor_33,1819.67,Standard operational expense,1,1,Normal
8432,2024-02-10,3,Vendor_26,2095.37,Standard operational expense,2,1,Normal
8433,2021-12-07,8,Vendor_54,10548.56,Standard operational expense,12,1,Normal
8434,2024-05-31,7,Vendor_58,14766.9,Standard operational expense,5,1,Normal
8435,2018-11-12,2,Vendor_77,14890.56,Standard operational expense,11,1,Normal
8436,2019-04-06,8,Vendor_39,7602.93,Standard operational expense,4,1,Normal
8437,2021-11-07,5,Vendor_89,10269.8,Standard operational expense,11,1,Normal
8438,2022-12-19,7,Vendor_78,4096.82,Standard operational expense,12,1,Normal
8439,2020-07-10,8,Vendor_38,10104.15,Standard operational expense,7,1,Normal
8440,2020-09-08,7,Vendor_89,1196.34,Standard operational expense,9,1,Normal
8441,2021-06-05,5,Vendor_73,11990.45,Standard operational expense,6,1,Normal
8442,2019-02-03,7,Vendor_95,5422.81,Standard operational expense,2,1,Normal
8443,2023-04-14,3,Vendor_7,13677.5,Standard operational expense,4,1,Normal
8444,2021-02-21,8,Vendor_48,13695.88,Standard operational expense,2,1,Normal
8445,2019-09-13,4,Vendor_45,3091.89,Standard operational expense,9,1,Normal
8446,2023-11-13,5,Vendor_4,166.95,Standard operational expense,11,1,Normal
8447,2021-08-19,2,Vendor_31,11380.17,Standard operational expense,8,1,Normal
8448,2022-08-22,3,Vendor_36,11246.73,Standard operational expense,8,1,Normal
8449,2019-05-06,1,Vendor_44,5884.35,Standard operational expense,5,1,Normal
8450,2023-12-13,3,Vendor_68,3964.65,Standard operational expense,12,1,Normal
8451,2019-08-27,2,Vendor_13,2659.31,Standard operational expense,8,1,Normal
8452,2022-07-23,4,Vendor_40,12567.52,Standard operational expense,7,1,Normal
8453,2020-12-16,6,Vendor_87,11816.58,Emergency Year-end Fund Utilization,12,1,Normal
8454,2023-12-14,6,Vendor_52,25155.06,Emergency Year-end Fund Utilization,12,1,Normal
8455,2018-01-28,5,Vendor_17,8494.74,Standard operational expense,1,1,Normal
8456,2018-12-21,6,Vendor_17,42730.2,Emergency Year-end Fund Utilization,12,1,Normal
8457,2018-07-16,5,Vendor_9,2582.94,Standard operational expense,7,1,Normal
8458,2022-07-21,2,Vendor_19,7598.55,Standard operational expense,7,1,Normal
8459,2021-03-27,8,Vendor_79,1761.7,Standard operational expense,3,1,Normal
8460,2023-02-11,5,Vendor_11,1381.79,Standard operational expense,2,1,Normal
8461,2018-08-14,3,Vendor_17,1476.33,Standard operational expense,8,1,Normal
8462,2020-01-05,3,Vendor_23,14495.13,Standard operational expense,1,1,Normal
8463,2018-08-08,5,Vendor_65,6207.95,Standard operational expense,8,1,Normal
8464,2018-07-21,2,Vendor_74,1263.0,Standard operational expense,7,1,Normal
8465,2022-09-10,1,Vendor_76,10165.53,Standard operational expense,9,1,Normal
8466,2020-01-23,1,Vendor_94,8838.37,Standard operational expense,1,1,Normal
8467,2024-02-08,3,Vendor_78,13179.51,Standard operational expense,2,1,Normal
8468,2022-04-25,2,Vendor_11,11864.93,Standard operational expense,4,1,Normal
8469,2021-11-09,2,Vendor_61,7813.92,Standard operational expense,11,1,Normal
8470,2024-04-18,5,Vendor_85,5025.36,Standard operational expense,4,1,Normal
8471,2024-11-27,6,Vendor_28,63026.88,Emergency Year-end Fund Utilization,11,1,Normal
8472,2019-12-07,4,Vendor_21,12717.51,Standard operational expense,12,1,Normal
8473,2021-03-04,2,Vendor_14,1848.41,Standard operational expense,3,1,Normal
8474,2023-10-03,6,Vendor_73,23525.58,Emergency Year-end Fund Utilization,10,1,Normal
8475,2020-12-02,6,Vendor_38,47706.600000000006,Emergency Year-end Fund Utilization,12,1,Normal
8476,2022-01-03,7,Vendor_48,2425.96,Standard operational expense,1,1,Normal
8477,2024-06-21,8,Vendor_58,5119.49,Standard operational expense,6,1,Normal
8478,2022-03-29,7,Vendor_47,996.25,Standard operational expense,3,1,Normal
8479,2020-09-05,2,Vendor_30,11839.45,Standard operational expense,9,1,Normal
8480,2023-06-30,8,Vendor_77,1721.75,Standard operational expense,6,1,Normal
8481,2018-08-12,4,Vendor_28,11151.29,Standard operational expense,8,1,Normal
8482,2022-10-24,6,Vendor_93,14977.58,Standard operational expense,10,1,Normal
8483,2023-10-27,2,Vendor_14,4356.27,Standard operational expense,10,1,Normal
8484,2018-11-26,6,Vendor_62,85895.4,Emergency Year-end Fund Utilization,11,-1,Anomaly
8485,2024-12-15,8,Vendor_84,8030.95,Standard operational expense,12,1,Normal
8486,2020-12-20,5,Vendor_83,5585.52,Standard operational expense,12,1,Normal
8487,2023-10-29,4,Vendor_54,14263.79,Standard operational expense,10,1,Normal
8488,2022-05-26,4,Vendor_25,11343.63,Standard operational expense,5,1,Normal
8489,2022-12-20,2,Vendor_11,8799.55,Standard operational expense,12,1,Normal
8490,2020-07-19,3,Vendor_47,8890.93,Standard operational expense,7,1,Normal
8491,2020-01-23,2,Vendor_77,13361.71,Standard operational expense,1,1,Normal
8492,2019-03-02,3,Vendor_45,13837.94,Standard operational expense,3,1,Normal
8493,2019-07-01,5,Vendor_57,7526.17,Standard operational expense,7,1,Normal
8494,2023-10-04,1,Vendor_16,4721.97,Standard operational expense,10,1,Normal
8495,2022-01-02,8,Vendor_64,12102.51,Standard operational expense,1,1,Normal
8496,2024-03-17,4,Vendor_49,9533.47,Standard operational expense,3,1,Normal
8497,2022-12-26,7,Vendor_7,14052.03,Standard operational expense,12,1,Normal
8498,2022-10-13,8,Vendor_69,7049.62,Standard operational expense,10,1,Normal
8499,2019-08-25,2,Vendor_37,5270.14,Standard operational expense,8,1,Normal
8500,2019-10-01,1,Vendor_41,11320.64,Standard operational expense,10,1,Normal
8501,2021-07-07,3,Vendor_39,2689.61,Standard operational expense,7,1,Normal
8502,2020-11-26,5,Vendor_93,8552.43,Standard operational expense,11,1,Normal
8503,2019-09-29,7,Vendor_92,7884.23,Standard operational expense,9,1,Normal
8504,2018-02-07,7,Vendor_53,1309.74,Standard operational expense,2,1,Normal
8505,2023-12-02,2,Vendor_52,1564.15,Standard operational expense,12,1,Normal
8506,2024-09-28,7,Vendor_14,10152.2,Standard operational expense,9,1,Normal
8507,2024-08-29,8,Vendor_59,1781.97,Standard operational expense,8,1,Normal
8508,2023-10-10,1,Vendor_69,14273.85,Standard operational expense,10,1,Normal
8509,2024-02-13,2,Vendor_36,10737.33,Standard operational expense,2,1,Normal
8510,2021-12-18,6,Vendor_11,12912.13,Standard operational expense,12,1,Normal
8511,2021-12-23,3,Vendor_99,14327.42,Standard operational expense,12,1,Normal
8512,2023-05-21,8,Vendor_37,650.74,Standard operational expense,5,1,Normal
8513,2022-10-08,6,Vendor_46,2117.04,Emergency Year-end Fund Utilization,10,1,Normal
8514,2024-07-24,1,Vendor_45,10904.87,Standard operational expense,7,1,Normal
8515,2022-05-13,3,Vendor_97,6820.47,Standard operational expense,5,1,Normal
8516,2023-11-16,1,Vendor_41,6079.56,Standard operational expense,11,1,Normal
8517,2020-10-25,6,Vendor_38,14679.69,Standard operational expense,10,1,Normal
8518,2019-08-16,2,Vendor_37,14353.86,Standard operational expense,8,1,Normal
8519,2018-07-16,4,Vendor_77,9535.61,Standard operational expense,7,1,Normal
8520,2022-09-14,7,Vendor_27,9384.41,Standard operational expense,9,1,Normal
8521,2021-12-09,3,Vendor_4,7083.34,Standard operational expense,12,1,Normal
8522,2020-12-22,7,Vendor_52,10907.94,Standard operational expense,12,1,Normal
8523,2022-07-05,7,Vendor_8,11671.08,Standard operational expense,7,1,Normal
8524,2018-12-22,6,Vendor_41,65583.24,Emergency Year-end Fund Utilization,12,1,Normal
8525,2023-12-11,1,Vendor_97,7437.53,Standard operational expense,12,1,Normal
8526,2021-10-02,6,Vendor_32,85497.48,Emergency Year-end Fund Utilization,10,-1,Anomaly
8527,2019-02-24,8,Vendor_41,3517.01,Standard operational expense,2,1,Normal
8528,2019-12-08,2,Vendor_9,11981.66,Standard operational expense,12,1,Normal
8529,2022-07-19,1,Vendor_26,10880.7,Standard operational expense,7,1,Normal
8530,2024-03-10,1,Vendor_9,2510.05,Standard operational expense,3,1,Normal
8531,2021-12-08,6,Vendor_52,30642.96,Emergency Year-end Fund Utilization,12,1,Normal
8532,2019-02-07,5,Vendor_48,10911.77,Standard operational expense,2,1,Normal
8533,2024-07-18,7,Vendor_87,7342.5,Standard operational expense,7,1,Normal
8534,2020-12-05,2,Vendor_9,9740.82,Standard operational expense,12,1,Normal
8535,2021-06-08,2,Vendor_77,7396.13,Standard operational expense,6,1,Normal
8536,2018-02-07,3,Vendor_20,9640.25,Standard operational expense,2,1,Normal
8537,2024-12-10,6,Vendor_79,4970.04,Standard operational expense,12,1,Normal
8538,2019-06-09,2,Vendor_24,11643.13,Standard operational expense,6,1,Normal
8539,2019-11-21,7,Vendor_29,11954.89,Standard operational expense,11,1,Normal
8540,2022-03-16,5,Vendor_35,11602.44,Standard operational expense,3,1,Normal
8541,2023-01-31,4,Vendor_70,7561.09,Standard operational expense,1,1,Normal
8542,2024-07-18,2,Vendor_72,11049.34,Standard operational expense,7,1,Normal
8543,2023-03-01,2,Vendor_38,11725.39,Standard operational expense,3,1,Normal
8544,2020-11-07,6,Vendor_97,68223.0,Emergency Year-end Fund Utilization,11,1,Normal
8545,2019-02-01,1,Vendor_29,6040.71,Standard operational expense,2,1,Normal
8546,2023-02-27,5,Vendor_37,13195.2,Standard operational expense,2,1,Normal
8547,2018-07-20,3,Vendor_57,5374.06,Standard operational expense,7,1,Normal
8548,2021-08-18,8,Vendor_24,8232.51,Standard operational expense,8,1,Normal
8549,2023-11-18,5,Vendor_22,4010.21,Standard operational expense,11,1,Normal
8550,2019-10-19,1,Vendor_88,8554.28,Standard operational expense,10,1,Normal
8551,2022-02-12,1,Vendor_27,14472.41,Standard operational expense,2,1,Normal
8552,2022-10-28,5,Vendor_82,5463.98,Standard operational expense,10,1,Normal
8553,2021-05-21,8,Vendor_63,14455.53,Standard operational expense,5,1,Normal
8554,2023-12-06,4,Vendor_22,3438.44,Standard operational expense,12,1,Normal
8555,2023-03-25,5,Vendor_96,9960.88,Standard operational expense,3,1,Normal
8556,2021-02-14,8,Vendor_94,3313.16,Standard operational expense,2,1,Normal
8557,2019-10-24,5,Vendor_90,7824.69,Standard operational expense,10,1,Normal
8558,2019-01-23,3,Vendor_12,656.75,Standard operational expense,1,1,Normal
8559,2019-10-02,4,Vendor_72,14196.74,Standard operational expense,10,1,Normal
8560,2018-03-15,8,Vendor_72,11377.05,Standard operational expense,3,1,Normal
8561,2018-06-24,1,Vendor_56,12755.71,Standard operational expense,6,1,Normal
8562,2019-05-12,5,Vendor_29,11147.16,Standard operational expense,5,1,Normal
8563,2021-10-12,8,Vendor_6,2455.69,Standard operational expense,10,1,Normal
8564,2018-06-25,2,Vendor_18,10616.82,Standard operational expense,6,1,Normal
8565,2021-07-14,3,Vendor_47,11137.7,Standard operational expense,7,1,Normal
8566,2020-08-10,5,Vendor_56,1642.35,Standard operational expense,8,1,Normal
8567,2018-08-22,3,Vendor_55,2243.5,Standard operational expense,8,1,Normal
8568,2023-12-25,2,Vendor_21,7161.33,Standard operational expense,12,1,Normal
8569,2018-02-25,8,Vendor_27,2233.79,Standard operational expense,2,1,Normal
8570,2020-03-23,7,Vendor_63,1006.8,Standard operational expense,3,1,Normal
8571,2020-03-16,5,Vendor_88,1346.48,Standard operational expense,3,1,Normal
8572,2019-09-04,7,Vendor_49,13507.06,Standard operational expense,9,1,Normal
8573,2024-12-21,3,Target_Vendor_A,21000.0,Project Alpha Phase 1,12,1,Normal
8574,2019-11-06,3,Vendor_40,8119.02,Standard operational expense,11,1,Normal
8575,2018-10-04,7,Vendor_88,4588.82,Standard operational expense,10,1,Normal
8576,2018-08-18,7,Vendor_37,3514.4,Standard operational expense,8,1,Normal
8577,2024-12-01,6,Vendor_76,84426.0,Emergency Year-end Fund Utilization,12,-1,Anomaly
8578,2023-11-02,6,Vendor_63,74606.58,Emergency Year-end Fund Utilization,11,1,Normal
8579,2020-09-13,5,Vendor_47,1596.95,Standard operational expense,9,1,Normal
8580,2019-12-14,6,Vendor_73,64332.12,Emergency Year-end Fund Utilization,12,1,Normal
8581,2023-06-15,5,Vendor_88,5836.38,Standard operational expense,6,1,Normal
8582,2018-04-23,8,Vendor_7,3526.94,Standard operational expense,4,1,Normal
8583,2020-12-02,4,Vendor_98,4498.93,Standard operational expense,12,1,Normal
8584,2018-08-18,8,Vendor_31,8734.91,Standard operational expense,8,1,Normal
8585,2020-04-03,7,Vendor_46,11246.2,Standard operational expense,4,1,Normal
8586,2022-12-29,1,Vendor_68,14787.94,Standard operational expense,12,1,Normal
8587,2021-10-15,4,Vendor_13,10444.98,Standard operational expense,10,1,Normal
8588,2019-11-08,5,Vendor_28,6005.33,Standard operational expense,11,1,Normal
8589,2021-06-14,4,Vendor_29,6274.57,Standard operational expense,6,1,Normal
8590,2021-08-09,3,Vendor_99,7308.52,Standard operational expense,8,1,Normal
8591,2022-01-31,2,Vendor_18,3912.15,Standard operational expense,1,1,Normal
8592,2022-02-10,2,Vendor_64,8809.03,Standard operational expense,2,1,Normal
8593,2018-09-02,5,Vendor_52,5778.39,Standard operational expense,9,1,Normal
8594,2018-12-21,6,Vendor_10,57788.100000000006,Emergency Year-end Fund Utilization,12,1,Normal
8595,2023-02-19,7,Vendor_6,10355.79,Standard operational expense,2,1,Normal
8596,2023-11-27,6,Vendor_96,62798.28,Emergency Year-end Fund Utilization,11,1,Normal
8597,2020-07-12,2,Vendor_63,5470.43,Standard operational expense,7,1,Normal
8598,2020-11-11,4,Vendor_29,6457.9,Standard operational expense,11,1,Normal
8599,2024-07-02,2,Vendor_2,2166.49,Standard operational expense,7,1,Normal
8600,2019-09-13,3,Vendor_20,3096.55,Standard operational expense,9,1,Normal
8601,2022-06-06,8,Vendor_4,13010.82,Standard operational expense,6,1,Normal
8602,2020-05-09,5,Vendor_6,148.89,Standard operational expense,5,1,Normal
8603,2019-01-12,1,Vendor_69,10704.27,Standard operational expense,1,1,Normal
8604,2019-08-18,3,Vendor_86,9349.98,Standard operational expense,8,1,Normal
8605,2023-07-01,2,Vendor_17,491.94,Standard operational expense,7,1,Normal
8606,2024-07-01,5,Vendor_69,14197.74,Standard operational expense,7,1,Normal
8607,2023-01-05,7,Vendor_21,4625.72,Standard operational expense,1,1,Normal
8608,2020-11-22,6,Vendor_82,32021.88,Emergency Year-end Fund Utilization,11,1,Normal
8609,2024-10-07,6,Vendor_20,83561.58,Emergency Year-end Fund Utilization,10,-1,Anomaly
8610,2018-08-09,2,Vendor_48,12289.12,Standard operational expense,8,1,Normal
8611,2024-04-29,8,Vendor_36,7506.13,Standard operational expense,4,1,Normal
8612,2019-11-15,4,Vendor_44,10268.5,Standard operational expense,11,1,Normal
8613,2023-05-17,3,Vendor_93,2672.6,Standard operational expense,5,1,Normal
8614,2018-08-07,3,Vendor_86,12556.72,Standard operational expense,8,1,Normal
8615,2021-07-12,3,Vendor_77,14895.17,Standard operational expense,7,1,Normal
8616,2019-09-22,4,Vendor_25,7349.59,Standard operational expense,9,1,Normal
8617,2022-06-21,4,Vendor_30,9154.5,Standard operational expense,6,1,Normal
8618,2018-04-25,1,Vendor_97,11450.05,Standard operational expense,4,1,Normal
8619,2023-02-14,5,Vendor_53,7930.03,Standard operational expense,2,1,Normal
8620,2018-08-14,4,Vendor_66,10158.56,Standard operational expense,8,1,Normal
8621,2018-04-22,4,Vendor_31,1430.86,Standard operational expense,4,1,Normal
8622,2023-03-24,4,Vendor_30,121.61,Standard operational expense,3,1,Normal
8623,2020-06-29,7,Vendor_92,1476.54,Standard operational expense,6,1,Normal
8624,2019-02-08,2,Vendor_30,9267.09,Standard operational expense,2,1,Normal
8625,2022-01-03,1,Vendor_99,6955.46,Standard operational expense,1,1,Normal
8626,2023-05-29,1,Vendor_25,6620.38,Standard operational expense,5,1,Normal
8627,2020-09-26,5,Vendor_94,13214.57,Standard operational expense,9,1,Normal
8628,2024-06-21,5,Vendor_25,278.67,Standard operational expense,6,1,Normal
8629,2019-10-14,3,Vendor_11,12025.07,Standard operational expense,10,1,Normal
8630,2022-12-07,1,Vendor_80,2536.68,Standard operational expense,12,1,Normal
8631,2020-01-26,4,Vendor_41,8707.81,Standard operational expense,1,1,Normal
8632,2024-08-18,7,Vendor_27,11236.9,Standard operational expense,8,1,Normal
8633,2020-04-15,1,Vendor_46,12181.83,Standard operational expense,4,1,Normal
8634,2019-04-07,7,Vendor_18,11533.9,Standard operational expense,4,1,Normal
8635,2018-06-15,7,Vendor_65,9695.54,Standard operational expense,6,1,Normal
8636,2019-08-25,3,Vendor_82,7335.93,Standard operational expense,8,1,Normal
8637,2023-12-14,6,Vendor_63,7924.87,Standard operational expense,12,1,Normal
8638,2023-07-15,1,Vendor_8,406.9,Standard operational expense,7,1,Normal
8639,2024-05-22,7,Vendor_9,10258.75,Standard operational expense,5,1,Normal
8640,2024-03-22,2,Vendor_59,1913.85,Standard operational expense,3,1,Normal
8641,2022-10-23,7,Vendor_75,10997.5,Standard operational expense,10,1,Normal
8642,2024-11-20,4,Vendor_35,2838.0,Standard operational expense,11,1,Normal
8643,2019-10-15,1,Vendor_19,749.07,Standard operational expense,10,1,Normal
8644,2023-10-31,1,Vendor_59,9571.04,Standard operational expense,10,1,Normal
8645,2018-10-09,6,Vendor_93,53072.94,Emergency Year-end Fund Utilization,10,1,Normal
8646,2023-01-24,4,Vendor_90,3977.34,Standard operational expense,1,1,Normal
8647,2018-02-18,7,Vendor_29,13142.57,Standard operational expense,2,1,Normal
8648,2024-01-13,7,Vendor_10,4633.95,Standard operational expense,1,1,Normal
8649,2023-07-17,1,Vendor_27,9743.37,Standard operational expense,7,1,Normal
8650,2023-04-26,7,Vendor_9,9105.95,Standard operational expense,4,1,Normal
8651,2024-04-24,4,Vendor_86,12004.82,Standard operational expense,4,1,Normal
8652,2022-10-11,6,Vendor_70,76396.74,Emergency Year-end Fund Utilization,10,-1,Anomaly
8653,2023-05-07,4,Vendor_25,6721.32,Standard operational expense,5,1,Normal
8654,2022-05-25,4,Vendor_91,14593.11,Standard operational expense,5,1,Normal
8655,2019-07-15,3,Vendor_40,3237.7,Standard operational expense,7,1,Normal
8656,2019-08-20,7,Vendor_80,4429.88,Standard operational expense,8,1,Normal
8657,2023-08-14,2,Vendor_98,1075.41,Standard operational expense,8,1,Normal
8658,2021-12-06,6,Vendor_47,9612.9,Emergency Year-end Fund Utilization,12,1,Normal
8659,2020-10-06,5,Vendor_44,11385.47,Standard operational expense,10,1,Normal
8660,2019-03-16,5,Vendor_1,360.5,Standard operational expense,3,1,Normal
8661,2023-07-24,3,Vendor_7,1452.62,Standard operational expense,7,1,Normal
8662,2021-05-22,8,Vendor_57,9266.33,Standard operational expense,5,1,Normal
8663,2024-03-13,3,Vendor_60,9996.29,Standard operational expense,3,1,Normal
8664,2024-08-26,5,Vendor_93,9839.3,Standard operational expense,8,1,Normal
8665,2021-01-23,3,Vendor_62,1857.6,Standard operational expense,1,1,Normal
8666,2024-06-22,3,Vendor_79,3976.73,Standard operational expense,6,1,Normal
8667,2023-07-17,3,Vendor_75,13815.49,Standard operational expense,7,1,Normal
8668,2018-10-24,1,Vendor_87,1381.46,Standard operational expense,10,1,Normal
8669,2022-03-28,2,Vendor_14,4722.37,Standard operational expense,3,1,Normal
8670,2020-03-12,7,Vendor_23,14482.1,Standard operational expense,3,1,Normal
8671,2020-05-02,2,Vendor_85,1710.23,Standard operational expense,5,1,Normal
8672,2022-11-23,4,Vendor_5,3032.35,Standard operational expense,11,1,Normal
8673,2022-12-15,6,Vendor_29,43406.76,Emergency Year-end Fund Utilization,12,1,Normal
8674,2022-06-24,8,Vendor_64,11899.26,Standard operational expense,6,1,Normal
8675,2024-06-04,4,Vendor_55,2989.05,Standard operational expense,6,1,Normal
8676,2020-01-27,7,Vendor_40,6415.72,Standard operational expense,1,1,Normal
8677,2023-10-01,8,Vendor_46,12212.22,Standard operational expense,10,1,Normal
8678,2022-06-24,1,Vendor_5,7740.05,Standard operational expense,6,1,Normal
8679,2019-07-27,8,Vendor_85,4022.14,Standard operational expense,7,1,Normal
8680,2021-12-02,7,Vendor_95,2415.38,Standard operational expense,12,1,Normal
8681,2024-05-19,4,Vendor_20,6804.94,Standard operational expense,5,1,Normal
8682,2018-03-11,4,Vendor_3,7277.66,Standard operational expense,3,1,Normal
8683,2024-03-31,7,Vendor_83,1487.79,Standard operational expense,3,1,Normal
8684,2019-11-09,6,Vendor_38,22578.06,Emergency Year-end Fund Utilization,11,1,Normal
8685,2022-11-15,6,Vendor_15,62221.14,Emergency Year-end Fund Utilization,11,1,Normal
8686,2021-11-22,6,Vendor_34,9857.64,Emergency Year-end Fund Utilization,11,1,Normal
8687,2023-08-17,8,Vendor_62,14640.7,Standard operational expense,8,1,Normal
8688,2021-08-13,3,Vendor_66,7053.43,Standard operational expense,8,1,Normal
8689,2020-01-03,3,Vendor_71,4323.3,Standard operational expense,1,1,Normal
8690,2024-10-02,6,Vendor_20,11885.38,Standard operational expense,10,1,Normal
8691,2024-09-25,3,Vendor_93,821.5,Standard operational expense,9,1,Normal
8692,2022-09-19,5,Vendor_32,14859.43,Standard operational expense,9,1,Normal
8693,2022-05-01,2,Vendor_47,4382.94,Standard operational expense,5,1,Normal
8694,2024-08-31,3,Vendor_91,14893.88,Standard operational expense,8,1,Normal
8695,2018-02-27,2,Vendor_61,5661.85,Standard operational expense,2,1,Normal
8696,2022-11-20,3,Vendor_61,14475.28,Standard operational expense,11,1,Normal
8697,2021-09-16,4,Vendor_27,7562.68,Standard operational expense,9,1,Normal
8698,2024-02-09,7,Vendor_67,9099.58,Standard operational expense,2,1,Normal
8699,2023-08-23,3,Vendor_21,10842.35,Standard operational expense,8,1,Normal
8700,2022-12-08,5,Vendor_95,8601.45,Standard operational expense,12,1,Normal
8701,2019-09-10,3,Vendor_46,13841.54,Standard operational expense,9,1,Normal
8702,2020-03-05,5,Vendor_94,10225.87,Standard operational expense,3,1,Normal
8703,2024-12-28,7,Vendor_3,2481.67,Standard operational expense,12,1,Normal
8704,2023-06-20,4,Vendor_45,1122.04,Standard operational expense,6,1,Normal
8705,2023-10-11,8,Vendor_78,11881.95,Standard operational expense,10,1,Normal
8706,2020-09-25,4,Vendor_4,846.88,Standard operational expense,9,1,Normal
8707,2018-01-16,3,Vendor_91,3635.42,Standard operational expense,1,1,Normal
8708,2021-05-01,5,Vendor_3,4155.77,Standard operational expense,5,1,Normal
8709,2022-01-30,5,Vendor_44,11978.01,Standard operational expense,1,1,Normal
8710,2022-02-23,1,Vendor_67,11549.65,Standard operational expense,2,1,Normal
8711,2022-12-29,8,Vendor_18,9818.35,Standard operational expense,12,1,Normal
8712,2018-12-06,6,Vendor_88,76789.79999999999,Emergency Year-end Fund Utilization,12,-1,Anomaly
8713,2020-02-02,1,Vendor_98,10666.07,Standard operational expense,2,1,Normal
8714,2022-09-20,3,Vendor_85,8435.28,Standard operational expense,9,1,Normal
8715,2019-12-08,4,Vendor_44,14599.98,Standard operational expense,12,1,Normal
8716,2019-11-13,6,Vendor_38,3812.88,Standard operational expense,11,1,Normal
8717,2024-12-04,3,Vendor_26,990.75,Standard operational expense,12,1,Normal
8718,2022-05-09,5,Vendor_19,5616.8,Standard operational expense,5,1,Normal
8719,2018-02-11,1,Vendor_3,4964.71,Standard operational expense,2,1,Normal
8720,2022-08-22,4,Vendor_53,6713.15,Standard operational expense,8,1,Normal
8721,2020-12-17,6,Vendor_50,37296.0,Emergency Year-end Fund Utilization,12,1,Normal
8722,2021-12-02,1,Vendor_17,5290.97,Standard operational expense,12,1,Normal
8723,2018-01-16,5,Vendor_52,8536.18,Standard operational expense,1,1,Normal
8724,2018-04-17,3,Vendor_25,11423.0,Standard operational expense,4,1,Normal
8725,2019-11-09,6,Vendor_21,37307.58,Emergency Year-end Fund Utilization,11,1,Normal
8726,2023-07-02,3,Vendor_57,10463.19,Standard operational expense,7,1,Normal
8727,2021-08-05,7,Vendor_53,8734.35,Standard operational expense,8,1,Normal
8728,2024-12-24,7,Vendor_77,5944.08,Standard operational expense,12,1,Normal
8729,2018-12-16,4,Vendor_81,5122.45,Standard operational expense,12,1,Normal
8730,2018-11-07,3,Vendor_42,5555.69,Standard operational expense,11,1,Normal
8731,2018-10-07,7,Vendor_55,5274.6,Standard operational expense,10,1,Normal
8732,2020-06-28,7,Vendor_4,3658.49,Standard operational expense,6,1,Normal
8733,2021-08-02,4,Vendor_73,5223.82,Standard operational expense,8,1,Normal
8734,2022-12-27,3,Vendor_86,10471.54,Standard operational expense,12,1,Normal
8735,2022-06-28,1,Vendor_84,11693.15,Standard operational expense,6,1,Normal
8736,2020-05-09,5,Vendor_68,8931.65,Standard operational expense,5,1,Normal
8737,2020-04-02,3,Vendor_73,13225.76,Standard operational expense,4,1,Normal
8738,2020-09-20,8,Vendor_98,4653.55,Standard operational expense,9,1,Normal
8739,2018-11-29,5,Vendor_74,10674.27,Standard operational expense,11,1,Normal
8740,2018-04-09,4,Vendor_70,4102.31,Standard operational expense,4,1,Normal
8741,2022-02-09,1,Vendor_22,277.11,Standard operational expense,2,1,Normal
8742,2019-01-02,2,Vendor_22,3382.26,Standard operational expense,1,1,Normal
8743,2022-01-21,4,Vendor_83,13422.26,Standard operational expense,1,1,Normal
8744,2020-11-13,3,Vendor_17,10174.63,Standard operational expense,11,1,Normal
8745,2022-10-04,6,Vendor_90,13485.55,Standard operational expense,10,1,Normal
8746,2021-06-20,2,Vendor_91,8449.45,Standard operational expense,6,1,Normal
8747,2024-09-18,4,Vendor_95,14526.18,Standard operational expense,9,1,Normal
8748,2021-09-12,4,Vendor_18,11520.18,Standard operational expense,9,1,Normal
8749,2024-11-24,5,Vendor_5,12481.96,Standard operational expense,11,1,Normal
8750,2019-10-02,7,Vendor_57,3814.24,Standard operational expense,10,1,Normal
8751,2018-06-23,1,Vendor_58,6187.6,Standard operational expense,6,1,Normal
8752,2021-07-28,1,Vendor_16,6655.41,Standard operational expense,7,1,Normal
8753,2019-11-15,2,Vendor_93,12783.65,Standard operational expense,11,1,Normal
8754,2021-08-17,5,Vendor_27,13523.92,Standard operational expense,8,1,Normal
8755,2019-06-22,3,Vendor_65,12543.55,Standard operational expense,6,1,Normal
8756,2021-04-01,5,Vendor_68,12062.88,Standard operational expense,4,1,Normal
8757,2022-12-19,4,Vendor_73,3548.66,Standard operational expense,12,1,Normal
8758,2021-12-03,6,Vendor_29,88300.92,Emergency Year-end Fund Utilization,12,-1,Anomaly
8759,2023-12-10,2,Vendor_86,2727.32,Standard operational expense,12,1,Normal
8760,2023-01-12,4,Vendor_46,8005.0,Standard operational expense,1,1,Normal
8761,2019-10-21,6,Vendor_72,10925.2,Standard operational expense,10,1,Normal
8762,2018-10-03,4,Vendor_55,6914.47,Standard operational expense,10,1,Normal
8763,2018-09-03,7,Vendor_58,4471.52,Standard operational expense,9,1,Normal
8764,2018-01-01,7,Vendor_52,12226.04,Standard operational expense,1,1,Normal
8765,2022-11-03,4,Vendor_18,6551.26,Standard operational expense,11,1,Normal
8766,2021-06-02,1,Vendor_58,5859.6,Standard operational expense,6,1,Normal
8767,2020-12-24,5,Vendor_69,4397.26,Standard operational expense,12,1,Normal
8768,2019-11-17,5,Vendor_51,6452.55,Standard operational expense,11,1,Normal
8769,2022-09-29,4,Vendor_71,2056.56,Standard operational expense,9,1,Normal
8770,2018-11-21,6,Vendor_78,12592.32,Standard operational expense,11,1,Normal
8771,2020-12-28,4,Vendor_69,5718.96,Standard operational expense,12,1,Normal
8772,2021-12-14,5,Vendor_67,13376.81,Standard operational expense,12,1,Normal
8773,2021-01-17,3,Vendor_22,4037.19,Standard operational expense,1,1,Normal
8774,2019-02-26,3,Vendor_3,13652.38,Standard operational expense,2,1,Normal
8775,2022-07-30,8,Vendor_18,9547.94,Standard operational expense,7,1,Normal
8776,2024-08-31,2,Vendor_1,6411.3,Standard operational expense,8,1,Normal
8777,2022-07-11,8,Vendor_12,3392.63,Standard operational expense,7,1,Normal
8778,2019-05-23,5,Vendor_13,14497.12,Standard operational expense,5,1,Normal
8779,2020-01-30,8,Vendor_18,3762.89,Standard operational expense,1,1,Normal
8780,2024-12-21,6,Vendor_71,12933.12,Standard operational expense,12,1,Normal
8781,2020-07-12,7,Vendor_80,14741.0,Standard operational expense,7,1,Normal
8782,2024-07-17,3,Vendor_48,13342.78,Standard operational expense,7,1,Normal
8783,2019-05-26,3,Vendor_47,7042.82,Standard operational expense,5,1,Normal
8784,2018-12-11,4,Vendor_20,11228.79,Standard operational expense,12,1,Normal
8785,2024-03-26,3,Vendor_76,8664.43,Standard operational expense,3,1,Normal
8786,2024-10-16,7,Vendor_79,13620.48,Standard operational expense,10,1,Normal
8787,2021-12-05,3,Vendor_15,3735.41,Standard operational expense,12,1,Normal
8788,2024-07-21,7,Vendor_13,10881.41,Standard operational expense,7,1,Normal
8789,2023-07-29,4,Vendor_52,13964.33,Standard operational expense,7,1,Normal
8790,2024-10-04,4,Vendor_27,8493.22,Standard operational expense,10,1,Normal
8791,2024-10-01,4,Vendor_59,12267.46,Standard operational expense,10,1,Normal
8792,2020-11-05,1,Vendor_33,8973.24,Standard operational expense,11,1,Normal
8793,2019-11-25,5,Vendor_65,347.85,Standard operational expense,11,1,Normal
8794,2020-07-07,7,Vendor_94,6595.8,Standard operational expense,7,1,Normal
8795,2024-10-22,2,Vendor_75,14462.72,Standard operational expense,10,1,Normal
8796,2020-03-30,5,Vendor_54,14422.18,Standard operational expense,3,1,Normal
8797,2022-03-25,1,Vendor_37,14830.29,Standard operational expense,3,1,Normal
8798,2020-12-31,3,Vendor_96,5396.32,Standard operational expense,12,1,Normal
8799,2020-04-19,4,Vendor_96,11451.58,Standard operational expense,4,1,Normal
8800,2021-12-03,7,Vendor_13,8062.62,Standard operational expense,12,1,Normal
8801,2024-10-23,7,Vendor_50,14210.83,Standard operational expense,10,1,Normal
8802,2018-11-04,4,Vendor_25,11506.2,Standard operational expense,11,1,Normal
8803,2020-04-05,8,Vendor_3,8735.58,Standard operational expense,4,1,Normal
8804,2024-08-16,8,Vendor_98,1039.57,Standard operational expense,8,1,Normal
8805,2022-11-10,2,Vendor_52,2260.44,Standard operational expense,11,1,Normal
8806,2024-08-11,8,Vendor_86,14714.07,Standard operational expense,8,1,Normal
8807,2020-11-06,6,Vendor_5,82079.81999999999,Emergency Year-end Fund Utilization,11,-1,Anomaly
8808,2023-10-02,5,Vendor_91,13735.61,Standard operational expense,10,1,Normal
8809,2022-07-13,4,Vendor_33,9321.47,Standard operational expense,7,1,Normal
8810,2024-03-05,5,Vendor_27,5189.39,Standard operational expense,3,1,Normal
8811,2020-05-17,3,Vendor_75,14472.14,Standard operational expense,5,1,Normal
8812,2018-11-09,6,Vendor_14,873.54,Standard operational expense,11,1,Normal
8813,2018-03-18,3,Vendor_10,7002.98,Standard operational expense,3,1,Normal
8814,2024-03-17,8,Vendor_71,1459.09,Standard operational expense,3,1,Normal
8815,2022-08-05,3,Vendor_12,3864.46,Standard operational expense,8,1,Normal
8816,2020-09-14,2,Vendor_68,3837.51,Standard operational expense,9,1,Normal
8817,2022-04-03,3,Vendor_96,9524.99,Standard operational expense,4,1,Normal
8818,2018-01-28,4,Vendor_72,2177.31,Standard operational expense,1,1,Normal
8819,2023-09-04,7,Vendor_30,451.56,Standard operational expense,9,1,Normal
8820,2018-06-14,8,Vendor_74,5009.49,Standard operational expense,6,1,Normal
8821,2018-03-10,8,Vendor_1,6775.96,Standard operational expense,3,1,Normal
8822,2024-07-26,7,Vendor_87,2175.01,Standard operational expense,7,1,Normal
8823,2018-07-05,8,Vendor_73,11647.9,Standard operational expense,7,1,Normal
8824,2018-05-16,3,Vendor_32,2288.93,Standard operational expense,5,1,Normal
8825,2020-08-21,1,Vendor_9,9399.66,Standard operational expense,8,1,Normal
8826,2023-01-12,1,Vendor_29,6646.02,Standard operational expense,1,1,Normal
8827,2020-05-07,3,Vendor_33,6299.81,Standard operational expense,5,1,Normal
8828,2024-07-26,3,Vendor_29,12850.77,Standard operational expense,7,1,Normal
8829,2023-07-18,8,Vendor_34,515.86,Standard operational expense,7,1,Normal
8830,2024-12-16,6,Vendor_72,30805.14,Emergency Year-end Fund Utilization,12,1,Normal
8831,2024-04-04,7,Vendor_98,12166.92,Standard operational expense,4,1,Normal
8832,2020-05-28,3,Vendor_68,8378.07,Standard operational expense,5,1,Normal
8833,2020-09-04,5,Vendor_61,9721.62,Standard operational expense,9,1,Normal
8834,2020-02-23,5,Vendor_5,1918.22,Standard operational expense,2,1,Normal
8835,2022-01-06,8,Vendor_70,3523.97,Standard operational expense,1,1,Normal
8836,2019-05-06,7,Vendor_56,6027.12,Standard operational expense,5,1,Normal
8837,2023-04-03,3,Vendor_10,8209.47,Standard operational expense,4,1,Normal
8838,2022-12-09,6,Vendor_70,62331.36,Emergency Year-end Fund Utilization,12,1,Normal
8839,2023-05-22,1,Vendor_50,10704.04,Standard operational expense,5,1,Normal
8840,2021-09-10,8,Vendor_5,8478.55,Standard operational expense,9,1,Normal
8841,2019-08-19,3,Vendor_60,1212.63,Standard operational expense,8,1,Normal
8842,2020-01-03,7,Vendor_67,6783.68,Standard operational expense,1,1,Normal
8843,2024-10-22,5,Vendor_12,9753.41,Standard operational expense,10,1,Normal
8844,2022-02-19,3,Vendor_33,2018.13,Standard operational expense,2,1,Normal
8845,2018-07-26,5,Vendor_55,13789.05,Standard operational expense,7,1,Normal
8846,2021-08-24,5,Vendor_15,9317.32,Standard operational expense,8,1,Normal
8847,2018-03-24,1,Vendor_72,5867.95,Standard operational expense,3,1,Normal
8848,2024-04-02,5,Vendor_30,1875.49,Standard operational expense,4,1,Normal
8849,2022-11-08,6,Vendor_27,46630.68,Emergency Year-end Fund Utilization,11,1,Normal
8850,2018-08-26,3,Vendor_75,8896.43,Standard operational expense,8,1,Normal
8851,2021-09-22,7,Vendor_93,13103.68,Standard operational expense,9,1,Normal
8852,2024-11-24,6,Vendor_37,24751.92,Emergency Year-end Fund Utilization,11,1,Normal
8853,2019-11-08,6,Vendor_57,48714.96,Emergency Year-end Fund Utilization,11,1,Normal
8854,2020-09-04,4,Vendor_17,2630.34,Standard operational expense,9,1,Normal
8855,2021-05-23,3,Vendor_95,2678.29,Standard operational expense,5,1,Normal
8856,2023-08-16,4,Vendor_36,11625.14,Standard operational expense,8,1,Normal
8857,2023-01-01,3,Vendor_92,5427.7,Standard operational expense,1,1,Normal
8858,2018-07-26,5,Vendor_40,13870.79,Standard operational expense,7,1,Normal
8859,2024-12-09,5,Vendor_81,6602.26,Standard operational expense,12,1,Normal
8860,2018-07-30,4,Vendor_24,2870.42,Standard operational expense,7,1,Normal
8861,2021-12-17,8,Vendor_54,12760.27,Standard operational expense,12,1,Normal
8862,2018-11-26,6,Vendor_52,29890.14,Emergency Year-end Fund Utilization,11,1,Normal
8863,2019-12-16,6,Vendor_67,11169.34,Standard operational expense,12,1,Normal
8864,2022-11-14,6,Vendor_39,43338.78,Emergency Year-end Fund Utilization,11,1,Normal
8865,2022-09-21,7,Vendor_93,14764.39,Standard operational expense,9,1,Normal
8866,2022-07-18,5,Vendor_58,13081.14,Standard operational expense,7,1,Normal
8867,2018-01-11,8,Vendor_43,9679.82,Standard operational expense,1,1,Normal
8868,2022-04-21,2,Vendor_36,4481.66,Standard operational expense,4,1,Normal
8869,2022-05-04,3,Vendor_93,13827.97,Standard operational expense,5,1,Normal
8870,2022-03-22,4,Vendor_74,12186.88,Standard operational expense,3,1,Normal
8871,2023-03-05,5,Vendor_96,10940.37,Standard operational expense,3,1,Normal
8872,2024-05-18,7,Vendor_82,9194.77,Standard operational expense,5,1,Normal
8873,2022-02-15,4,Vendor_96,1683.43,Standard operational expense,2,1,Normal
8874,2019-05-10,2,Vendor_63,4198.8,Standard operational expense,5,1,Normal
8875,2020-10-27,4,Vendor_50,11976.86,Standard operational expense,10,1,Normal
8876,2020-11-23,3,Vendor_10,2734.83,Standard operational expense,11,1,Normal
8877,2019-01-02,2,Vendor_42,10567.24,Standard operational expense,1,1,Normal
8878,2020-11-13,6,Vendor_87,59881.31999999999,Emergency Year-end Fund Utilization,11,1,Normal
8879,2023-10-27,2,Vendor_27,9957.25,Standard operational expense,10,1,Normal
8880,2018-01-08,1,Vendor_81,10189.03,Standard operational expense,1,1,Normal
8881,2021-12-03,6,Vendor_99,51610.8,Emergency Year-end Fund Utilization,12,1,Normal
8882,2020-11-15,3,Vendor_69,14620.96,Standard operational expense,11,1,Normal
8883,2020-11-23,6,Vendor_30,58103.22,Emergency Year-end Fund Utilization,11,1,Normal
8884,2024-02-04,1,Vendor_84,12782.79,Standard operational expense,2,1,Normal
8885,2020-12-13,3,Vendor_8,4907.98,Standard operational expense,12,1,Normal
8886,2024-12-21,2,Vendor_46,1764.42,Standard operational expense,12,1,Normal
8887,2020-11-24,5,Vendor_51,10460.7,Standard operational expense,11,1,Normal
8888,2018-05-16,2,Vendor_44,724.72,Standard operational expense,5,1,Normal
8889,2021-09-24,3,Vendor_13,1771.15,Standard operational expense,9,1,Normal
8890,2024-01-31,5,Vendor_87,5392.97,Standard operational expense,1,1,Normal
8891,2020-08-06,7,Vendor_40,10468.94,Standard operational expense,8,1,Normal
8892,2020-11-12,4,Vendor_34,11547.9,Standard operational expense,11,1,Normal
8893,2020-08-21,8,Vendor_27,4248.82,Standard operational expense,8,1,Normal
8894,2022-05-02,2,Vendor_40,14414.17,Standard operational expense,5,1,Normal
8895,2024-01-12,7,Vendor_84,11103.4,Standard operational expense,1,1,Normal
8896,2021-04-30,1,Vendor_29,1859.57,Standard operational expense,4,1,Normal
8897,2019-12-02,4,Vendor_27,14277.12,Standard operational expense,12,1,Normal
8898,2021-03-09,1,Vendor_94,11328.02,Standard operational expense,3,1,Normal
8899,2019-11-07,6,Vendor_73,5942.79,Standard operational expense,11,1,Normal
8900,2021-03-08,4,Vendor_85,11536.59,Standard operational expense,3,1,Normal
8901,2022-03-16,1,Vendor_52,3676.5,Standard operational expense,3,1,Normal
8902,2019-07-27,1,Vendor_72,4515.05,Standard operational expense,7,1,Normal
8903,2018-10-20,5,Vendor_80,3730.3,Standard operational expense,10,1,Normal
8904,2021-11-09,1,Vendor_64,1319.78,Standard operational expense,11,1,Normal
8905,2024-01-23,7,Vendor_52,446.08,Standard operational expense,1,1,Normal
8906,2023-12-09,6,Vendor_59,13810.11,Standard operational expense,12,1,Normal
8907,2021-03-07,2,Vendor_52,14828.3,Standard operational expense,3,1,Normal
8908,2022-04-03,4,Vendor_25,9067.53,Standard operational expense,4,1,Normal
8909,2018-02-06,4,Vendor_29,6091.74,Standard operational expense,2,1,Normal
8910,2022-11-20,6,Vendor_92,66769.5,Emergency Year-end Fund Utilization,11,1,Normal
8911,2023-08-06,7,Vendor_74,4608.81,Standard operational expense,8,1,Normal
8912,2024-05-29,3,Vendor_43,4322.05,Standard operational expense,5,1,Normal
8913,2021-01-21,7,Vendor_53,5152.24,Standard operational expense,1,1,Normal
8914,2021-05-23,7,Vendor_25,8124.25,Standard operational expense,5,1,Normal
8915,2021-02-22,1,Vendor_37,6198.16,Standard operational expense,2,1,Normal
8916,2018-06-07,2,Vendor_65,6013.18,Standard operational expense,6,1,Normal
8917,2021-10-20,6,Vendor_60,14832.54,Emergency Year-end Fund Utilization,10,1,Normal
8918,2024-09-14,2,Vendor_52,6190.02,Standard operational expense,9,1,Normal
8919,2024-11-28,7,Vendor_81,3201.2,Standard operational expense,11,1,Normal
8920,2019-09-30,1,Vendor_94,3021.21,Standard operational expense,9,1,Normal
8921,2020-09-16,4,Vendor_89,12039.91,Standard operational expense,9,1,Normal
8922,2018-01-20,7,Vendor_60,12304.64,Standard operational expense,1,1,Normal
8923,2019-11-06,2,Vendor_78,2636.8,Standard operational expense,11,1,Normal
8924,2019-07-11,5,Vendor_38,8343.99,Standard operational expense,7,1,Normal
8925,2019-05-19,7,Vendor_4,6519.21,Standard operational expense,5,1,Normal
8926,2021-10-02,5,Vendor_21,10569.53,Standard operational expense,10,1,Normal
8927,2022-06-25,8,Vendor_32,8839.86,Standard operational expense,6,1,Normal
8928,2023-08-01,1,Vendor_71,1737.97,Standard operational expense,8,1,Normal
8929,2019-04-24,4,Vendor_90,6780.42,Standard operational expense,4,1,Normal
8930,2021-10-19,2,Vendor_43,2185.7,Standard operational expense,10,1,Normal
8931,2019-07-29,1,Vendor_48,14690.6,Standard operational expense,7,1,Normal
8932,2019-02-04,3,Vendor_51,11614.56,Standard operational expense,2,1,Normal
8933,2019-01-18,3,Vendor_64,2739.55,Standard operational expense,1,1,Normal
8934,2020-05-22,5,Vendor_70,8939.41,Standard operational expense,5,1,Normal
8935,2019-01-22,7,Vendor_79,6404.96,Standard operational expense,1,1,Normal
8936,2022-05-18,2,Vendor_31,8134.5,Standard operational expense,5,1,Normal
8937,2018-01-11,1,Vendor_95,9603.88,Standard operational expense,1,1,Normal
8938,2024-11-08,6,Vendor_87,35356.74,Emergency Year-end Fund Utilization,11,1,Normal
8939,2020-04-03,5,Vendor_47,6571.84,Standard operational expense,4,1,Normal
8940,2018-01-19,1,Vendor_45,5098.12,Standard operational expense,1,1,Normal
8941,2024-10-28,2,Vendor_44,10942.21,Standard operational expense,10,1,Normal
8942,2024-03-20,2,Vendor_15,6011.46,Standard operational expense,3,1,Normal
8943,2024-03-09,8,Vendor_3,12036.97,Standard operational expense,3,1,Normal
8944,2024-04-13,4,Vendor_94,3568.27,Standard operational expense,4,1,Normal
8945,2023-10-21,8,Vendor_43,12243.49,Standard operational expense,10,1,Normal
8946,2018-09-03,5,Vendor_37,6780.66,Standard operational expense,9,1,Normal
8947,2024-06-16,8,Vendor_27,14323.72,Standard operational expense,6,1,Normal
8948,2020-03-02,3,Vendor_78,4096.19,Standard operational expense,3,1,Normal
8949,2020-03-23,8,Vendor_64,3484.5,Standard operational expense,3,1,Normal
8950,2021-10-26,7,Vendor_32,9484.22,Standard operational expense,10,1,Normal
8951,2020-01-14,1,Vendor_41,13629.37,Standard operational expense,1,1,Normal
8952,2021-10-07,4,Vendor_85,9437.48,Standard operational expense,10,1,Normal
8953,2019-06-14,3,Vendor_65,9607.73,Standard operational expense,6,1,Normal
8954,2024-10-21,5,Vendor_9,14196.05,Standard operational expense,10,1,Normal
8955,2018-10-13,6,Vendor_95,33006.600000000006,Emergency Year-end Fund Utilization,10,1,Normal
8956,2023-08-06,7,Vendor_5,615.91,Standard operational expense,8,1,Normal
8957,2023-03-04,7,Vendor_20,5147.36,Standard operational expense,3,1,Normal
8958,2024-03-27,5,Vendor_4,10068.08,Standard operational expense,3,1,Normal
8959,2022-10-15,7,Vendor_69,5944.07,Standard operational expense,10,1,Normal
8960,2021-11-30,7,Vendor_8,2466.36,Standard operational expense,11,1,Normal
8961,2023-12-16,3,Vendor_90,4426.33,Standard operational expense,12,1,Normal
8962,2022-03-28,7,Vendor_58,4134.13,Standard operational expense,3,1,Normal
8963,2019-05-29,1,Vendor_92,5051.18,Standard operational expense,5,1,Normal
8964,2022-01-11,4,Vendor_50,14569.45,Standard operational expense,1,1,Normal
8965,2021-02-01,1,Vendor_70,8966.94,Standard operational expense,2,1,Normal
8966,2020-11-03,5,Vendor_82,6139.75,Standard operational expense,11,1,Normal
8967,2019-10-13,6,Vendor_17,47467.92,Emergency Year-end Fund Utilization,10,1,Normal
8968,2024-12-04,6,Vendor_53,13500.56,Standard operational expense,12,1,Normal
8969,2018-06-09,4,Vendor_80,5784.28,Standard operational expense,6,1,Normal
8970,2024-11-17,6,Vendor_66,65497.86,Emergency Year-end Fund Utilization,11,1,Normal
8971,2024-04-30,4,Vendor_40,9749.27,Standard operational expense,4,1,Normal
8972,2018-08-21,5,Vendor_36,1343.02,Standard operational expense,8,1,Normal
8973,2023-05-04,4,Vendor_36,14483.46,Standard operational expense,5,1,Normal
8974,2018-09-13,2,Vendor_45,8947.99,Standard operational expense,9,1,Normal
8975,2020-02-11,2,Vendor_55,12603.96,Standard operational expense,2,1,Normal
8976,2022-05-14,2,Vendor_2,9720.03,Standard operational expense,5,1,Normal
8977,2023-12-17,5,Vendor_17,4321.21,Standard operational expense,12,1,Normal
8978,2018-12-08,3,Vendor_3,8921.68,Standard operational expense,12,1,Normal
8979,2021-10-23,6,Vendor_49,31044.9,Emergency Year-end Fund Utilization,10,1,Normal
8980,2022-11-14,2,Vendor_35,2357.13,Standard operational expense,11,1,Normal
8981,2021-12-01,8,Vendor_10,4516.97,Standard operational expense,12,1,Normal
8982,2020-09-12,7,Vendor_23,11870.59,Standard operational expense,9,1,Normal
8983,2023-11-13,8,Vendor_92,13859.2,Standard operational expense,11,1,Normal
8984,2023-11-14,1,Vendor_29,9879.58,Standard operational expense,11,1,Normal
8985,2018-07-26,2,Vendor_71,11030.35,Standard operational expense,7,1,Normal
8986,2023-06-21,5,Vendor_83,12956.07,Standard operational expense,6,1,Normal
8987,2018-11-13,5,Vendor_69,8171.35,Standard operational expense,11,1,Normal
8988,2022-11-03,6,Vendor_90,22325.7,Emergency Year-end Fund Utilization,11,1,Normal
8989,2019-08-23,3,Vendor_73,447.75,Standard operational expense,8,1,Normal
8990,2018-12-14,8,Vendor_25,9611.35,Standard operational expense,12,1,Normal
8991,2020-01-14,7,Vendor_5,423.03,Standard operational expense,1,1,Normal
8992,2020-08-28,3,Vendor_65,12993.25,Standard operational expense,8,1,Normal
8993,2024-05-18,2,Vendor_19,4950.9,Standard operational expense,5,1,Normal
8994,2018-01-16,5,Vendor_68,6276.62,Standard operational expense,1,1,Normal
8995,2022-10-07,6,Vendor_24,12138.72,Emergency Year-end Fund Utilization,10,1,Normal
8996,2023-09-01,7,Vendor_39,14719.58,Standard operational expense,9,1,Normal
8997,2021-12-04,1,Vendor_42,4934.65,Standard operational expense,12,1,Normal
8998,2024-02-07,2,Vendor_69,11073.36,Standard operational expense,2,1,Normal
8999,2018-09-23,4,Vendor_48,7936.81,Standard operational expense,9,1,Normal
9000,2020-05-28,2,Vendor_52,4514.77,Standard operational expense,5,1,Normal
9001,2020-12-21,4,Vendor_54,13531.13,Standard operational expense,12,1,Normal
9002,2018-04-11,7,Vendor_35,3039.07,Standard operational expense,4,1,Normal
9003,2024-08-03,7,Vendor_16,226.7,Standard operational expense,8,1,Normal
9004,2021-03-13,3,Vendor_93,7120.37,Standard operational expense,3,1,Normal
9005,2020-07-04,4,Vendor_8,4439.39,Standard operational expense,7,1,Normal
9006,2024-04-14,7,Vendor_64,12457.09,Standard operational expense,4,1,Normal
9007,2024-10-11,6,Vendor_12,41407.02,Emergency Year-end Fund Utilization,10,1,Normal
9008,2020-09-06,4,Vendor_31,9391.12,Standard operational expense,9,1,Normal
9009,2021-09-27,7,Vendor_92,3020.36,Standard operational expense,9,1,Normal
9010,2019-08-10,8,Vendor_10,7560.25,Standard operational expense,8,1,Normal
9011,2020-11-27,3,Vendor_42,3729.68,Standard operational expense,11,1,Normal
9012,2022-04-17,4,Vendor_4,12050.14,Standard operational expense,4,1,Normal
9013,2018-04-06,7,Vendor_16,3942.17,Standard operational expense,4,1,Normal
9014,2022-08-30,8,Vendor_7,10603.31,Standard operational expense,8,1,Normal
9015,2022-12-18,6,Vendor_82,14317.62,Emergency Year-end Fund Utilization,12,1,Normal
9016,2020-05-28,2,Vendor_33,13902.71,Standard operational expense,5,1,Normal
9017,2019-03-31,2,Vendor_72,14285.39,Standard operational expense,3,1,Normal
9018,2020-10-10,8,Vendor_78,11323.19,Standard operational expense,10,1,Normal
9019,2023-11-07,5,Vendor_84,11754.18,Standard operational expense,11,1,Normal
9020,2020-08-02,4,Vendor_32,13289.37,Standard operational expense,8,1,Normal
9021,2021-02-09,4,Vendor_17,2803.86,Standard operational expense,2,1,Normal
9022,2019-06-14,8,Vendor_75,10985.76,Standard operational expense,6,1,Normal
9023,2024-10-12,4,Vendor_3,11004.12,Standard operational expense,10,1,Normal
9024,2019-11-27,6,Vendor_40,79251.66,Emergency Year-end Fund Utilization,11,-1,Anomaly
9025,2023-10-17,6,Vendor_15,4632.75,Standard operational expense,10,1,Normal
9026,2018-10-23,7,Vendor_33,9959.44,Standard operational expense,10,1,Normal
9027,2021-10-29,5,Vendor_63,11149.93,Standard operational expense,10,1,Normal
9028,2018-11-01,1,Vendor_66,7505.31,Standard operational expense,11,1,Normal
9029,2018-08-18,5,Vendor_22,1962.03,Standard operational expense,8,1,Normal
9030,2018-04-09,7,Vendor_36,218.09,Standard operational expense,4,1,Normal
9031,2019-06-24,2,Vendor_65,11752.64,Standard operational expense,6,1,Normal
9032,2024-09-10,4,Vendor_20,913.47,Standard operational expense,9,1,Normal
9033,2018-08-21,8,Vendor_23,13897.99,Standard operational expense,8,1,Normal
9034,2018-09-01,1,Vendor_46,5861.8,Standard operational expense,9,1,Normal
9035,2023-10-24,3,Vendor_87,8717.71,Standard operational expense,10,1,Normal
9036,2020-05-30,1,Vendor_22,7771.71,Standard operational expense,5,1,Normal
9037,2018-12-04,6,Vendor_7,22198.2,Emergency Year-end Fund Utilization,12,1,Normal
9038,2024-11-01,6,Vendor_94,5519.46,Emergency Year-end Fund Utilization,11,1,Normal
9039,2024-02-09,2,Vendor_14,3030.96,Standard operational expense,2,1,Normal
9040,2023-05-15,1,Vendor_82,13794.13,Standard operational expense,5,1,Normal
9041,2019-08-25,7,Vendor_77,13205.6,Standard operational expense,8,1,Normal
9042,2018-12-21,7,Vendor_19,9285.54,Standard operational expense,12,1,Normal
9043,2021-01-07,7,Vendor_23,7141.29,Standard operational expense,1,1,Normal
9044,2019-10-05,6,Vendor_11,75778.02,Emergency Year-end Fund Utilization,10,-1,Anomaly
9045,2021-12-03,5,Vendor_19,9908.68,Standard operational expense,12,1,Normal
9046,2020-08-26,1,Vendor_74,9423.04,Standard operational expense,8,1,Normal
9047,2020-11-11,8,Vendor_6,12193.37,Standard operational expense,11,1,Normal
9048,2022-12-04,4,Vendor_8,7105.49,Standard operational expense,12,1,Normal
9049,2018-09-09,5,Vendor_64,14563.64,Standard operational expense,9,1,Normal
9050,2020-03-01,5,Vendor_46,950.58,Standard operational expense,3,1,Normal
9051,2022-02-04,3,Vendor_20,9741.02,Standard operational expense,2,1,Normal
9052,2020-10-03,6,Vendor_18,2689.98,Emergency Year-end Fund Utilization,10,1,Normal
9053,2021-10-03,6,Vendor_19,1837.98,Emergency Year-end Fund Utilization,10,1,Normal
9054,2021-06-26,1,Vendor_10,8533.8,Standard operational expense,6,1,Normal
9055,2022-10-15,1,Vendor_29,4464.08,Standard operational expense,10,1,Normal
9056,2018-08-11,8,Vendor_98,8171.46,Standard operational expense,8,1,Normal
9057,2022-10-24,4,Vendor_89,12738.73,Standard operational expense,10,1,Normal
9058,2021-09-19,8,Vendor_39,9507.39,Standard operational expense,9,1,Normal
9059,2021-10-03,1,Vendor_34,8561.68,Standard operational expense,10,1,Normal
9060,2023-07-02,7,Vendor_92,13193.5,Standard operational expense,7,1,Normal
9061,2019-03-15,3,Vendor_7,12419.34,Standard operational expense,3,1,Normal
9062,2022-01-10,3,Vendor_9,14290.63,Standard operational expense,1,1,Normal
9063,2024-04-14,5,Vendor_65,14072.33,Standard operational expense,4,1,Normal
9064,2023-11-02,5,Vendor_51,12553.71,Standard operational expense,11,1,Normal
9065,2020-09-07,3,Vendor_81,5319.52,Standard operational expense,9,1,Normal
9066,2019-02-23,7,Vendor_55,4182.94,Standard operational expense,2,1,Normal
9067,2024-01-30,2,Vendor_44,701.8,Standard operational expense,1,1,Normal
9068,2024-12-27,1,Vendor_62,12335.37,Standard operational expense,12,1,Normal
9069,2019-07-16,2,Vendor_52,10574.8,Standard operational expense,7,1,Normal
9070,2018-02-09,8,Vendor_73,8701.3,Standard operational expense,2,1,Normal
9071,2023-02-19,5,Vendor_2,7407.99,Standard operational expense,2,1,Normal
9072,2022-02-01,2,Vendor_39,2564.01,Standard operational expense,2,1,Normal
9073,2022-11-18,6,Vendor_58,5838.9,Standard operational expense,11,1,Normal
9074,2023-05-18,3,Vendor_48,13124.01,Standard operational expense,5,1,Normal
9075,2024-11-21,6,Vendor_5,8962.16,Standard operational expense,11,1,Normal
9076,2021-05-06,2,Vendor_66,8762.95,Standard operational expense,5,1,Normal
9077,2018-11-23,6,Vendor_83,7009.15,Standard operational expense,11,1,Normal
9078,2024-12-23,4,Vendor_94,497.01,Standard operational expense,12,1,Normal
9079,2023-11-24,6,Vendor_60,2980.5,Standard operational expense,11,1,Normal
9080,2018-02-16,2,Vendor_25,4278.03,Standard operational expense,2,1,Normal
9081,2022-05-21,7,Vendor_69,4434.73,Standard operational expense,5,1,Normal
9082,2020-03-18,4,Vendor_40,5313.24,Standard operational expense,3,1,Normal
9083,2019-12-09,6,Vendor_69,89472.72,Emergency Year-end Fund Utilization,12,-1,Anomaly
9084,2019-10-24,6,Vendor_41,50807.16,Emergency Year-end Fund Utilization,10,1,Normal
9085,2023-08-02,4,Vendor_33,9502.62,Standard operational expense,8,1,Normal
9086,2021-08-15,5,Vendor_38,11937.01,Standard operational expense,8,1,Normal
9087,2020-11-15,6,Vendor_30,69606.78,Emergency Year-end Fund Utilization,11,1,Normal
9088,2019-10-12,6,Vendor_55,81153.36,Emergency Year-end Fund Utilization,10,-1,Anomaly
9089,2024-01-28,5,Vendor_4,13744.51,Standard operational expense,1,1,Normal
9090,2018-03-13,7,Vendor_71,2238.38,Standard operational expense,3,1,Normal
9091,2019-07-31,4,Vendor_73,7262.2,Standard operational expense,7,1,Normal
9092,2022-04-08,8,Vendor_78,5384.92,Standard operational expense,4,1,Normal
9093,2024-02-16,4,Vendor_83,5418.58,Standard operational expense,2,1,Normal
9094,2023-07-15,5,Vendor_70,1953.61,Standard operational expense,7,1,Normal
9095,2020-02-23,7,Vendor_25,8268.82,Standard operational expense,2,1,Normal
9096,2020-04-26,2,Vendor_75,12062.45,Standard operational expense,4,1,Normal
9097,2021-10-16,5,Vendor_50,1241.06,Standard operational expense,10,1,Normal
9098,2018-10-03,8,Vendor_23,2172.74,Standard operational expense,10,1,Normal
9099,2022-08-04,5,Vendor_58,11223.31,Standard operational expense,8,1,Normal
9100,2018-01-27,1,Vendor_14,1502.81,Standard operational expense,1,1,Normal
9101,2024-12-23,6,Vendor_68,9785.5,Standard operational expense,12,1,Normal
9102,2022-05-10,7,Vendor_45,3600.56,Standard operational expense,5,1,Normal
9103,2024-12-20,8,Vendor_23,9557.69,Standard operational expense,12,1,Normal
9104,2024-01-02,4,Vendor_84,6829.99,Standard operational expense,1,1,Normal
9105,2021-04-05,5,Vendor_54,14953.43,Standard operational expense,4,1,Normal
9106,2023-07-01,2,Vendor_65,626.73,Standard operational expense,7,1,Normal
9107,2018-12-09,5,Vendor_63,13015.75,Standard operational expense,12,1,Normal
9108,2020-12-25,8,Vendor_17,10212.68,Standard operational expense,12,1,Normal
9109,2018-06-20,7,Vendor_34,3772.74,Standard operational expense,6,1,Normal
9110,2018-01-01,7,Vendor_2,8822.34,Standard operational expense,1,1,Normal
9111,2020-01-20,4,Vendor_19,11705.07,Standard operational expense,1,1,Normal
9112,2022-12-25,3,Vendor_68,12432.9,Standard operational expense,12,1,Normal
9113,2023-08-17,5,Vendor_41,12646.8,Standard operational expense,8,1,Normal
9114,2021-11-07,6,Vendor_54,73473.72,Emergency Year-end Fund Utilization,11,1,Normal
9115,2023-11-06,7,Vendor_97,2937.4,Standard operational expense,11,1,Normal
9116,2020-04-02,4,Vendor_69,12896.94,Standard operational expense,4,1,Normal
9117,2020-02-08,3,Vendor_34,5124.42,Standard operational expense,2,1,Normal
9118,2019-05-12,8,Vendor_59,12836.69,Standard operational expense,5,1,Normal
9119,2022-06-23,8,Vendor_51,1370.21,Standard operational expense,6,1,Normal
9120,2018-01-22,4,Vendor_65,12228.31,Standard operational expense,1,1,Normal
9121,2023-01-02,7,Vendor_65,11328.84,Standard operational expense,1,1,Normal
9122,2023-02-17,4,Vendor_72,9967.63,Standard operational expense,2,1,Normal
9123,2020-09-13,2,Vendor_25,2417.12,Standard operational expense,9,1,Normal
9124,2023-12-23,6,Vendor_40,40630.26,Emergency Year-end Fund Utilization,12,1,Normal
9125,2024-05-23,5,Vendor_74,103.59,Standard operational expense,5,1,Normal
9126,2023-03-31,7,Vendor_68,3227.14,Standard operational expense,3,1,Normal
9127,2020-04-16,2,Vendor_50,7577.12,Standard operational expense,4,1,Normal
9128,2023-08-16,3,Vendor_57,3642.0,Standard operational expense,8,1,Normal
9129,2023-02-02,8,Vendor_90,2051.63,Standard operational expense,2,1,Normal
9130,2020-10-13,6,Vendor_84,16416.0,Emergency Year-end Fund Utilization,10,1,Normal
9131,2023-12-03,4,Vendor_51,5171.64,Standard operational expense,12,1,Normal
9132,2019-07-15,5,Vendor_36,13353.37,Standard operational expense,7,1,Normal
9133,2018-10-18,6,Vendor_63,14704.33,Standard operational expense,10,1,Normal
9134,2019-08-17,5,Vendor_69,10629.82,Standard operational expense,8,1,Normal
9135,2019-01-16,1,Vendor_30,10618.51,Standard operational expense,1,1,Normal
9136,2022-02-07,8,Vendor_14,4394.22,Standard operational expense,2,1,Normal
9137,2019-10-23,8,Vendor_25,14551.15,Standard operational expense,10,1,Normal
9138,2023-11-13,4,Vendor_70,529.35,Standard operational expense,11,1,Normal
9139,2021-04-14,4,Vendor_31,1253.69,Standard operational expense,4,1,Normal
9140,2019-04-04,5,Vendor_67,9057.01,Standard operational expense,4,1,Normal
9141,2021-09-16,5,Vendor_53,9385.08,Standard operational expense,9,1,Normal
9142,2018-12-11,8,Vendor_47,3855.68,Standard operational expense,12,1,Normal
9143,2018-12-12,7,Vendor_69,7922.39,Standard operational expense,12,1,Normal
9144,2024-11-19,3,Vendor_12,4655.6,Standard operational expense,11,1,Normal
9145,2018-09-16,7,Vendor_58,4193.85,Standard operational expense,9,1,Normal
9146,2024-07-19,5,Vendor_4,2851.94,Standard operational expense,7,1,Normal
9147,2019-12-18,6,Vendor_16,56960.04,Emergency Year-end Fund Utilization,12,1,Normal
9148,2019-06-09,8,Vendor_48,5820.88,Standard operational expense,6,1,Normal
9149,2021-10-15,3,Vendor_41,13954.1,Standard operational expense,10,1,Normal
9150,2020-11-10,7,Vendor_95,5076.36,Standard operational expense,11,1,Normal
9151,2018-12-16,1,Vendor_72,12220.44,Standard operational expense,12,1,Normal
9152,2022-04-19,8,Vendor_83,12328.34,Standard operational expense,4,1,Normal
9153,2022-02-21,3,Vendor_62,5227.22,Standard operational expense,2,1,Normal
9154,2023-09-12,8,Vendor_26,3331.67,Standard operational expense,9,1,Normal
9155,2024-09-23,1,Vendor_29,4574.02,Standard operational expense,9,1,Normal
9156,2024-06-04,7,Vendor_78,14745.11,Standard operational expense,6,1,Normal
9157,2018-09-18,2,Vendor_63,10097.27,Standard operational expense,9,1,Normal
9158,2023-01-23,7,Vendor_37,6858.24,Standard operational expense,1,1,Normal
9159,2018-12-01,6,Vendor_33,632.36,Standard operational expense,12,1,Normal
9160,2024-09-03,8,Vendor_71,879.37,Standard operational expense,9,1,Normal
9161,2020-07-29,4,Vendor_65,12733.07,Standard operational expense,7,1,Normal
9162,2021-06-22,8,Vendor_19,2867.39,Standard operational expense,6,1,Normal
9163,2021-10-28,8,Vendor_32,10486.31,Standard operational expense,10,1,Normal
9164,2024-10-24,4,Vendor_94,10727.26,Standard operational expense,10,1,Normal
9165,2020-05-31,4,Vendor_87,2158.48,Standard operational expense,5,1,Normal
9166,2021-05-27,5,Vendor_62,9245.6,Standard operational expense,5,1,Normal
9167,2023-09-10,2,Vendor_10,8452.02,Standard operational expense,9,1,Normal
9168,2019-11-09,3,Vendor_25,13877.89,Standard operational expense,11,1,Normal
9169,2022-04-02,3,Vendor_87,8335.88,Standard operational expense,4,1,Normal
9170,2024-01-03,3,Vendor_52,530.26,Standard operational expense,1,1,Normal
9171,2018-05-21,8,Vendor_92,471.09,Standard operational expense,5,1,Normal
9172,2021-10-10,5,Vendor_93,940.57,Standard operational expense,10,1,Normal
9173,2021-01-15,4,Vendor_9,1937.38,Standard operational expense,1,1,Normal
9174,2021-10-07,6,Vendor_92,10804.4,Standard operational expense,10,1,Normal
9175,2020-08-28,7,Vendor_59,11269.12,Standard operational expense,8,1,Normal
9176,2018-06-15,2,Vendor_92,10945.7,Standard operational expense,6,1,Normal
9177,2020-07-23,1,Vendor_57,998.43,Standard operational expense,7,1,Normal
9178,2024-03-12,2,Vendor_82,13323.44,Standard operational expense,3,1,Normal
9179,2019-03-02,8,Vendor_34,7649.07,Standard operational expense,3,1,Normal
9180,2018-06-27,3,Vendor_43,12186.63,Standard operational expense,6,1,Normal
9181,2024-05-02,8,Vendor_19,14654.83,Standard operational expense,5,1,Normal
9182,2022-09-25,7,Vendor_53,14098.49,Standard operational expense,9,1,Normal
9183,2023-01-20,8,Vendor_92,11019.22,Standard operational expense,1,1,Normal
9184,2023-05-02,8,Vendor_51,6158.33,Standard operational expense,5,1,Normal
9185,2019-02-21,5,Vendor_26,6055.68,Standard operational expense,2,1,Normal
9186,2018-11-07,6,Vendor_43,81668.88,Emergency Year-end Fund Utilization,11,-1,Anomaly
9187,2024-11-16,6,Vendor_80,84253.86,Emergency Year-end Fund Utilization,11,-1,Anomaly
9188,2018-09-26,1,Vendor_14,8769.99,Standard operational expense,9,1,Normal
9189,2019-10-19,1,Vendor_73,1627.17,Standard operational expense,10,1,Normal
9190,2022-12-26,6,Vendor_53,60634.38,Emergency Year-end Fund Utilization,12,1,Normal
9191,2022-07-26,2,Vendor_61,8928.68,Standard operational expense,7,1,Normal
9192,2020-12-01,6,Vendor_17,10499.19,Standard operational expense,12,1,Normal
9193,2019-12-08,6,Vendor_93,86184.24,Emergency Year-end Fund Utilization,12,-1,Anomaly
9194,2024-04-29,1,Vendor_36,1167.46,Standard operational expense,4,1,Normal
9195,2023-12-30,4,Vendor_81,1140.57,Standard operational expense,12,1,Normal
9196,2019-02-20,1,Vendor_49,12034.68,Standard operational expense,2,1,Normal
9197,2024-02-11,3,Vendor_95,8193.35,Standard operational expense,2,1,Normal
9198,2019-11-16,2,Vendor_48,11209.97,Standard operational expense,11,1,Normal
9199,2018-12-07,4,Vendor_89,5621.33,Standard operational expense,12,1,Normal
9200,2021-02-05,3,Vendor_69,10488.02,Standard operational expense,2,1,Normal
9201,2022-10-02,2,Vendor_32,2576.1,Standard operational expense,10,1,Normal
9202,2024-10-15,8,Vendor_77,7593.03,Standard operational expense,10,1,Normal
9203,2019-09-07,8,Vendor_34,2105.38,Standard operational expense,9,1,Normal
9204,2024-07-18,1,Vendor_45,14253.88,Standard operational expense,7,1,Normal
9205,2021-10-23,7,Vendor_71,11065.79,Standard operational expense,10,1,Normal
9206,2018-12-11,6,Vendor_94,52311.84,Emergency Year-end Fund Utilization,12,1,Normal
9207,2018-06-25,7,Vendor_98,1980.51,Standard operational expense,6,1,Normal
9208,2022-11-23,4,Vendor_70,8298.96,Standard operational expense,11,1,Normal
9209,2019-03-21,2,Vendor_58,4556.31,Standard operational expense,3,1,Normal
9210,2020-03-05,8,Vendor_3,8916.74,Standard operational expense,3,1,Normal
9211,2022-10-18,7,Vendor_11,5888.8,Standard operational expense,10,1,Normal
9212,2024-05-22,3,Vendor_43,2741.24,Standard operational expense,5,1,Normal
9213,2018-06-17,5,Vendor_42,4892.45,Standard operational expense,6,1,Normal
9214,2018-03-19,3,Vendor_21,9228.57,Standard operational expense,3,1,Normal
9215,2021-05-09,5,Vendor_53,7818.48,Standard operational expense,5,1,Normal
9216,2018-10-29,5,Vendor_88,3205.95,Standard operational expense,10,1,Normal
9217,2022-02-26,3,Vendor_64,2494.72,Standard operational expense,2,1,Normal
9218,2019-10-06,6,Vendor_81,43461.12,Emergency Year-end Fund Utilization,10,1,Normal
9219,2024-11-26,5,Vendor_82,7543.08,Standard operational expense,11,1,Normal
9220,2019-10-11,3,Vendor_2,11688.63,Standard operational expense,10,1,Normal
9221,2020-06-02,3,Vendor_39,7709.19,Standard operational expense,6,1,Normal
9222,2021-09-05,7,Vendor_44,1013.43,Standard operational expense,9,1,Normal
9223,2018-12-19,3,Vendor_32,2096.46,Standard operational expense,12,1,Normal
9224,2023-07-23,7,Vendor_63,14102.77,Standard operational expense,7,1,Normal
9225,2024-07-11,8,Vendor_58,10892.15,Standard operational expense,7,1,Normal
9226,2023-11-22,4,Vendor_7,1317.55,Standard operational expense,11,1,Normal
9227,2018-10-24,6,Vendor_97,89947.31999999999,Emergency Year-end Fund Utilization,10,-1,Anomaly
9228,2024-01-30,8,Vendor_1,11728.31,Standard operational expense,1,1,Normal
9229,2019-12-15,5,Vendor_93,10106.93,Standard operational expense,12,1,Normal
9230,2021-11-15,6,Vendor_75,2485.13,Standard operational expense,11,1,Normal
9231,2024-04-13,1,Vendor_58,7978.77,Standard operational expense,4,1,Normal
9232,2020-01-13,1,Vendor_46,5258.1,Standard operational expense,1,1,Normal
9233,2021-10-08,2,Vendor_9,11248.69,Standard operational expense,10,1,Normal
9234,2020-11-04,3,Vendor_25,2656.47,Standard operational expense,11,1,Normal
9235,2022-09-11,5,Vendor_34,4754.72,Standard operational expense,9,1,Normal
9236,2018-01-27,2,Vendor_4,4661.69,Standard operational expense,1,1,Normal
9237,2020-12-26,2,Vendor_40,6148.12,Standard operational expense,12,1,Normal
9238,2018-08-03,1,Vendor_3,6983.8,Standard operational expense,8,1,Normal
9239,2018-01-01,1,Vendor_76,7447.2,Standard operational expense,1,1,Normal
9240,2023-03-01,8,Vendor_10,433.6,Standard operational expense,3,1,Normal
9241,2021-12-11,6,Vendor_22,1288.57,Standard operational expense,12,1,Normal
9242,2024-07-14,3,Vendor_75,14796.24,Standard operational expense,7,1,Normal
9243,2021-07-17,7,Vendor_44,7534.84,Standard operational expense,7,1,Normal
9244,2019-02-08,4,Vendor_65,10529.49,Standard operational expense,2,1,Normal
9245,2022-03-27,7,Vendor_92,7011.57,Standard operational expense,3,1,Normal
9246,2020-03-23,7,Vendor_13,7556.68,Standard operational expense,3,1,Normal
9247,2024-05-28,7,Vendor_47,9857.79,Standard operational expense,5,1,Normal
9248,2023-11-27,2,Vendor_14,12316.35,Standard operational expense,11,1,Normal
9249,2023-09-22,5,Vendor_65,450.75,Standard operational expense,9,1,Normal
9250,2018-05-29,2,Vendor_98,9990.68,Standard operational expense,5,1,Normal
9251,2021-01-12,3,Vendor_7,7376.71,Standard operational expense,1,1,Normal
9252,2021-01-14,4,Vendor_4,1791.9,Standard operational expense,1,1,Normal
9253,2020-10-09,4,Vendor_59,6290.23,Standard operational expense,10,1,Normal
9254,2018-09-27,7,Vendor_48,8997.2,Standard operational expense,9,1,Normal
9255,2021-08-01,4,Vendor_29,9727.78,Standard operational expense,8,1,Normal
9256,2024-09-04,8,Vendor_13,725.41,Standard operational expense,9,1,Normal
9257,2018-11-19,6,Vendor_52,20796.84,Emergency Year-end Fund Utilization,11,1,Normal
9258,2024-11-20,6,Vendor_5,55778.81999999999,Emergency Year-end Fund Utilization,11,1,Normal
9259,2020-07-08,3,Vendor_59,14057.85,Standard operational expense,7,1,Normal
9260,2021-08-07,7,Vendor_11,5425.85,Standard operational expense,8,1,Normal
9261,2018-05-24,8,Vendor_65,8318.73,Standard operational expense,5,1,Normal
9262,2021-11-04,6,Vendor_75,5863.200000000001,Emergency Year-end Fund Utilization,11,1,Normal
9263,2024-02-06,1,Vendor_98,13133.91,Standard operational expense,2,1,Normal
9264,2021-02-07,8,Vendor_22,14366.96,Standard operational expense,2,1,Normal
9265,2020-09-12,5,Vendor_9,14128.95,Standard operational expense,9,1,Normal
9266,2019-06-01,2,Vendor_12,4311.51,Standard operational expense,6,1,Normal
9267,2018-11-12,4,Vendor_27,11265.42,Standard operational expense,11,1,Normal
9268,2022-02-27,7,Vendor_17,11071.35,Standard operational expense,2,1,Normal
9269,2022-12-07,7,Vendor_62,5731.22,Standard operational expense,12,1,Normal
9270,2023-11-20,6,Vendor_24,85545.36,Emergency Year-end Fund Utilization,11,-1,Anomaly
9271,2022-11-30,2,Vendor_12,9679.2,Standard operational expense,11,1,Normal
9272,2020-09-07,7,Vendor_32,6671.52,Standard operational expense,9,1,Normal
9273,2021-11-28,3,Vendor_81,1622.83,Standard operational expense,11,1,Normal
9274,2021-01-21,1,Vendor_66,13317.42,Standard operational expense,1,1,Normal
9275,2024-11-12,5,Vendor_60,13643.08,Standard operational expense,11,1,Normal
9276,2023-09-08,4,Vendor_34,6304.24,Standard operational expense,9,1,Normal
9277,2018-05-20,4,Vendor_19,2725.87,Standard operational expense,5,1,Normal
9278,2023-08-22,1,Vendor_76,8424.9,Standard operational expense,8,1,Normal
9279,2024-04-25,8,Vendor_90,11144.54,Standard operational expense,4,1,Normal
9280,2024-03-21,8,Vendor_65,10225.71,Standard operational expense,3,1,Normal
9281,2022-12-12,2,Vendor_61,11734.63,Standard operational expense,12,1,Normal
9282,2020-06-29,3,Vendor_37,3125.43,Standard operational expense,6,1,Normal
9283,2022-08-12,2,Vendor_99,8946.69,Standard operational expense,8,1,Normal
9284,2020-11-06,7,Vendor_26,10189.72,Standard operational expense,11,1,Normal
9285,2018-10-05,5,Vendor_64,11565.06,Standard operational expense,10,1,Normal
9286,2019-11-06,3,Vendor_82,11930.52,Standard operational expense,11,1,Normal
9287,2021-09-09,1,Vendor_11,5298.46,Standard operational expense,9,1,Normal
9288,2020-02-12,2,Vendor_57,12716.0,Standard operational expense,2,1,Normal
9289,2022-10-19,2,Vendor_74,4591.38,Standard operational expense,10,1,Normal
9290,2018-03-15,4,Vendor_14,7838.69,Standard operational expense,3,1,Normal
9291,2022-07-23,8,Vendor_42,9060.37,Standard operational expense,7,1,Normal
9292,2018-12-25,2,Vendor_9,4506.07,Standard operational expense,12,1,Normal
9293,2022-04-25,8,Vendor_72,1731.81,Standard operational expense,4,1,Normal
9294,2024-04-21,5,Vendor_81,9807.79,Standard operational expense,4,1,Normal
9295,2018-11-25,2,Vendor_85,3110.74,Standard operational expense,11,1,Normal
9296,2020-09-29,7,Vendor_23,5495.47,Standard operational expense,9,1,Normal
9297,2024-04-09,8,Vendor_84,7309.96,Standard operational expense,4,1,Normal
9298,2022-01-05,2,Vendor_77,10758.77,Standard operational expense,1,1,Normal
9299,2019-05-10,3,Vendor_2,2707.33,Standard operational expense,5,1,Normal
9300,2023-11-13,5,Vendor_68,5555.63,Standard operational expense,11,1,Normal
9301,2020-03-12,3,Vendor_89,14579.85,Standard operational expense,3,1,Normal
9302,2022-06-27,8,Vendor_15,179.66,Standard operational expense,6,1,Normal
9303,2018-09-18,3,Vendor_57,599.25,Standard operational expense,9,1,Normal
9304,2021-12-07,4,Vendor_19,12227.25,Standard operational expense,12,1,Normal
9305,2019-12-18,3,Vendor_80,5077.77,Standard operational expense,12,1,Normal
9306,2019-12-05,6,Vendor_5,26534.28,Emergency Year-end Fund Utilization,12,1,Normal
9307,2020-07-17,3,Vendor_17,12017.89,Standard operational expense,7,1,Normal
9308,2018-03-29,7,Vendor_42,2114.07,Standard operational expense,3,1,Normal
9309,2022-11-07,6,Vendor_99,21655.2,Emergency Year-end Fund Utilization,11,1,Normal
9310,2021-07-30,4,Vendor_28,12310.05,Standard operational expense,7,1,Normal
9311,2021-04-18,1,Vendor_18,5017.7,Standard operational expense,4,1,Normal
9312,2019-02-10,4,Vendor_82,5147.7,Standard operational expense,2,1,Normal
9313,2020-12-23,7,Vendor_85,4997.77,Standard operational expense,12,1,Normal
9314,2018-11-09,3,Vendor_50,9424.84,Standard operational expense,11,1,Normal
9315,2021-11-01,6,Vendor_16,8111.4,Standard operational expense,11,1,Normal
9316,2019-02-03,5,Vendor_24,9020.28,Standard operational expense,2,1,Normal
9317,2023-04-27,3,Vendor_55,13854.11,Standard operational expense,4,1,Normal
9318,2024-06-26,8,Vendor_30,8522.97,Standard operational expense,6,1,Normal
9319,2019-02-06,3,Vendor_30,6230.5,Standard operational expense,2,1,Normal
9320,2023-08-28,5,Vendor_9,8925.15,Standard operational expense,8,1,Normal
9321,2018-06-09,8,Vendor_18,14314.24,Standard operational expense,6,1,Normal
9322,2019-06-18,4,Vendor_77,6621.73,Standard operational expense,6,1,Normal
9323,2022-06-22,1,Vendor_1,9099.42,Standard operational expense,6,1,Normal
9324,2020-08-13,7,Vendor_20,6257.2,Standard operational expense,8,1,Normal
9325,2021-01-11,8,Vendor_29,14048.28,Standard operational expense,1,1,Normal
9326,2021-03-26,7,Vendor_30,10801.84,Standard operational expense,3,1,Normal
9327,2022-08-16,8,Vendor_87,3315.55,Standard operational expense,8,1,Normal
9328,2021-02-20,7,Vendor_37,4634.02,Standard operational expense,2,1,Normal
9329,2018-11-10,4,Vendor_37,8742.25,Standard operational expense,11,1,Normal
9330,2020-10-26,1,Vendor_97,9224.37,Standard operational expense,10,1,Normal
9331,2023-11-07,6,Vendor_42,5521.59,Standard operational expense,11,1,Normal
9332,2024-09-06,2,Vendor_34,7954.06,Standard operational expense,9,1,Normal
9333,2023-11-13,6,Vendor_96,57792.9,Emergency Year-end Fund Utilization,11,1,Normal
9334,2024-12-25,7,Vendor_56,9284.96,Standard operational expense,12,1,Normal
9335,2021-08-25,2,Vendor_42,3955.55,Standard operational expense,8,1,Normal
9336,2019-03-09,3,Vendor_10,6077.76,Standard operational expense,3,1,Normal
9337,2020-12-31,5,Vendor_86,633.77,Standard operational expense,12,1,Normal
9338,2018-10-31,8,Vendor_81,13958.1,Standard operational expense,10,1,Normal
9339,2019-05-11,1,Vendor_40,4846.52,Standard operational expense,5,1,Normal
9340,2024-07-07,1,Vendor_70,2464.98,Standard operational expense,7,1,Normal
9341,2024-06-25,1,Vendor_28,14005.23,Standard operational expense,6,1,Normal
9342,2023-01-02,3,Vendor_26,10380.9,Standard operational expense,1,1,Normal
9343,2020-07-02,4,Vendor_15,10540.05,Standard operational expense,7,1,Normal
9344,2021-11-26,6,Vendor_60,49040.100000000006,Emergency Year-end Fund Utilization,11,1,Normal
9345,2018-04-22,7,Vendor_30,1201.53,Standard operational expense,4,1,Normal
9346,2018-10-27,6,Vendor_94,6717.23,Standard operational expense,10,1,Normal
9347,2023-03-06,3,Vendor_90,7267.96,Standard operational expense,3,1,Normal
9348,2023-11-09,6,Vendor_20,28741.74,Emergency Year-end Fund Utilization,11,1,Normal
9349,2022-02-26,7,Vendor_48,4218.07,Standard operational expense,2,1,Normal
9350,2021-03-25,3,Vendor_48,10441.66,Standard operational expense,3,1,Normal
9351,2023-05-16,4,Vendor_12,11243.07,Standard operational expense,5,1,Normal
9352,2022-05-14,1,Vendor_83,4712.3,Standard operational expense,5,1,Normal
9353,2024-06-24,7,Vendor_39,4316.58,Standard operational expense,6,1,Normal
9354,2022-02-05,8,Vendor_43,1195.95,Standard operational expense,2,1,Normal
9355,2023-08-06,1,Vendor_67,4846.43,Standard operational expense,8,1,Normal
9356,2019-09-16,8,Vendor_4,4779.16,Standard operational expense,9,1,Normal
9357,2021-09-06,1,Vendor_88,1457.2,Standard operational expense,9,1,Normal
9358,2019-06-27,4,Vendor_82,7953.62,Standard operational expense,6,1,Normal
9359,2020-09-20,4,Vendor_24,4198.29,Standard operational expense,9,1,Normal
9360,2020-03-17,7,Vendor_50,12943.66,Standard operational expense,3,1,Normal
9361,2022-03-15,4,Vendor_68,2720.16,Standard operational expense,3,1,Normal
9362,2018-06-30,5,Vendor_54,3937.28,Standard operational expense,6,1,Normal
9363,2023-11-08,7,Vendor_65,7740.03,Standard operational expense,11,1,Normal
9364,2019-05-03,4,Vendor_59,7754.8,Standard operational expense,5,1,Normal
9365,2021-10-29,7,Vendor_3,10662.68,Standard operational expense,10,1,Normal
9366,2021-08-30,7,Vendor_25,5621.96,Standard operational expense,8,1,Normal
9367,2019-02-06,4,Vendor_67,14813.13,Standard operational expense,2,1,Normal
9368,2023-11-07,7,Vendor_44,10601.17,Standard operational expense,11,1,Normal
9369,2021-04-17,3,Vendor_21,3634.76,Standard operational expense,4,1,Normal
9370,2019-01-13,5,Vendor_32,1357.61,Standard operational expense,1,1,Normal
9371,2022-09-17,1,Vendor_87,3096.91,Standard operational expense,9,1,Normal
9372,2020-11-29,1,Vendor_18,10313.22,Standard operational expense,11,1,Normal
9373,2021-09-15,8,Vendor_98,970.05,Standard operational expense,9,1,Normal
9374,2018-11-24,2,Vendor_27,5649.53,Standard operational expense,11,1,Normal
9375,2024-07-20,3,Vendor_39,4410.39,Standard operational expense,7,1,Normal
9376,2024-10-17,5,Vendor_50,5940.34,Standard operational expense,10,1,Normal
9377,2019-05-28,4,Vendor_90,5321.39,Standard operational expense,5,1,Normal
9378,2021-03-31,3,Vendor_32,2178.59,Standard operational expense,3,1,Normal
9379,2021-12-19,7,Vendor_61,8862.04,Standard operational expense,12,1,Normal
9380,2018-12-30,4,Vendor_65,732.59,Standard operational expense,12,1,Normal
9381,2019-05-25,8,Vendor_48,4225.52,Standard operational expense,5,1,Normal
9382,2020-08-26,8,Vendor_32,6762.59,Standard operational expense,8,1,Normal
9383,2021-11-18,1,Vendor_98,11143.08,Standard operational expense,11,1,Normal
9384,2020-09-15,5,Vendor_3,7334.93,Standard operational expense,9,1,Normal
9385,2023-05-29,7,Vendor_55,552.57,Standard operational expense,5,1,Normal
9386,2018-10-03,6,Vendor_8,46253.76,Emergency Year-end Fund Utilization,10,1,Normal
9387,2019-11-14,6,Vendor_15,52979.34,Emergency Year-end Fund Utilization,11,1,Normal
9388,2020-11-08,6,Vendor_42,35060.7,Emergency Year-end Fund Utilization,11,1,Normal
9389,2023-02-09,3,Vendor_14,9339.7,Standard operational expense,2,1,Normal
9390,2019-03-21,2,Vendor_49,12158.83,Standard operational expense,3,1,Normal
9391,2019-12-20,5,Vendor_27,11694.21,Standard operational expense,12,1,Normal
9392,2018-11-19,3,Vendor_61,8219.56,Standard operational expense,11,1,Normal
9393,2021-10-25,6,Vendor_3,4296.79,Standard operational expense,10,1,Normal
9394,2020-11-18,1,Vendor_86,10532.52,Standard operational expense,11,1,Normal
9395,2023-10-07,1,Vendor_25,2013.09,Standard operational expense,10,1,Normal
9396,2018-07-09,7,Vendor_3,6616.34,Standard operational expense,7,1,Normal
9397,2022-10-27,2,Vendor_26,6717.51,Standard operational expense,10,1,Normal
9398,2021-07-16,7,Vendor_84,12478.62,Standard operational expense,7,1,Normal
9399,2020-11-12,8,Vendor_87,1652.25,Standard operational expense,11,1,Normal
9400,2024-07-14,7,Vendor_6,174.15,Standard operational expense,7,1,Normal
9401,2024-09-20,2,Vendor_96,5031.2,Standard operational expense,9,1,Normal
9402,2021-11-12,6,Vendor_5,7482.48,Emergency Year-end Fund Utilization,11,1,Normal
9403,2021-01-07,1,Vendor_89,2802.98,Standard operational expense,1,1,Normal
9404,2018-10-16,6,Vendor_17,69485.58,Emergency Year-end Fund Utilization,10,-1,Anomaly
9405,2018-12-10,4,Vendor_78,10869.9,Standard operational expense,12,1,Normal
9406,2020-10-27,6,Vendor_29,1046.93,Standard operational expense,10,1,Normal
9407,2018-06-23,7,Vendor_53,14880.72,Standard operational expense,6,1,Normal
9408,2020-10-05,1,Vendor_29,2159.62,Standard operational expense,10,1,Normal
9409,2021-06-28,7,Vendor_95,12905.23,Standard operational expense,6,1,Normal
9410,2021-05-19,1,Vendor_38,9768.59,Standard operational expense,5,1,Normal
9411,2019-05-10,3,Vendor_33,13791.83,Standard operational expense,5,1,Normal
9412,2023-07-30,5,Vendor_59,5820.33,Standard operational expense,7,1,Normal
9413,2022-10-08,4,Vendor_96,11354.57,Standard operational expense,10,1,Normal
9414,2022-04-03,2,Vendor_77,13494.33,Standard operational expense,4,1,Normal
9415,2022-05-21,4,Vendor_71,510.53,Standard operational expense,5,1,Normal
9416,2024-11-11,5,Vendor_72,12772.3,Standard operational expense,11,1,Normal
9417,2024-08-22,7,Vendor_99,10539.9,Standard operational expense,8,1,Normal
9418,2022-12-23,7,Vendor_11,4055.55,Standard operational expense,12,1,Normal
9419,2019-12-21,8,Vendor_43,4787.05,Standard operational expense,12,1,Normal
9420,2019-02-10,2,Vendor_69,11737.32,Standard operational expense,2,1,Normal
9421,2020-12-05,2,Vendor_8,12181.46,Standard operational expense,12,1,Normal
9422,2019-01-02,1,Vendor_83,2630.76,Standard operational expense,1,1,Normal
9423,2022-09-26,5,Vendor_69,9207.19,Standard operational expense,9,1,Normal
9424,2018-12-24,8,Vendor_97,12044.28,Standard operational expense,12,1,Normal
9425,2018-09-13,3,Vendor_99,13152.74,Standard operational expense,9,1,Normal
9426,2019-08-07,7,Vendor_86,11634.2,Standard operational expense,8,1,Normal
9427,2023-02-15,5,Vendor_70,2729.92,Standard operational expense,2,1,Normal
9428,2023-10-01,5,Vendor_3,13611.48,Standard operational expense,10,1,Normal
9429,2023-11-12,7,Vendor_86,459.27,Standard operational expense,11,1,Normal
9430,2019-11-06,6,Vendor_95,45937.2,Emergency Year-end Fund Utilization,11,1,Normal
9431,2023-08-04,5,Vendor_70,13727.15,Standard operational expense,8,1,Normal
9432,2019-02-08,7,Vendor_75,2308.24,Standard operational expense,2,1,Normal
9433,2023-11-20,8,Vendor_58,1460.71,Standard operational expense,11,1,Normal
9434,2018-09-07,7,Vendor_95,9653.32,Standard operational expense,9,1,Normal
9435,2021-07-27,5,Vendor_41,9128.14,Standard operational expense,7,1,Normal
9436,2023-04-29,5,Vendor_2,13340.75,Standard operational expense,4,1,Normal
9437,2018-09-05,4,Vendor_91,8654.92,Standard operational expense,9,1,Normal
9438,2019-07-22,2,Vendor_37,3099.39,Standard operational expense,7,1,Normal
9439,2021-09-15,5,Vendor_85,14902.63,Standard operational expense,9,1,Normal
9440,2020-05-19,1,Vendor_81,4974.94,Standard operational expense,5,1,Normal
9441,2023-11-02,6,Vendor_64,17889.72,Emergency Year-end Fund Utilization,11,1,Normal
9442,2023-07-09,4,Vendor_71,14852.46,Standard operational expense,7,1,Normal
9443,2024-12-01,5,Vendor_62,6573.86,Standard operational expense,12,1,Normal
9444,2022-03-18,8,Vendor_82,2590.06,Standard operational expense,3,1,Normal
9445,2022-03-04,8,Vendor_93,14067.86,Standard operational expense,3,1,Normal
9446,2020-10-20,7,Vendor_81,13512.1,Standard operational expense,10,1,Normal
9447,2022-05-30,5,Vendor_32,6189.94,Standard operational expense,5,1,Normal
9448,2019-09-13,8,Vendor_74,9720.8,Standard operational expense,9,1,Normal
9449,2024-09-08,4,Vendor_26,4393.76,Standard operational expense,9,1,Normal
9450,2018-09-01,7,Vendor_22,9974.04,Standard operational expense,9,1,Normal
9451,2020-12-23,6,Vendor_46,13653.3,Emergency Year-end Fund Utilization,12,1,Normal
9452,2020-01-19,8,Vendor_44,2962.31,Standard operational expense,1,1,Normal
9453,2024-04-04,4,Vendor_76,1623.66,Standard operational expense,4,1,Normal
9454,2024-02-27,2,Vendor_84,1285.46,Standard operational expense,2,1,Normal
9455,2021-12-12,2,Vendor_87,9387.29,Standard operational expense,12,1,Normal
9456,2018-02-23,8,Vendor_54,10070.83,Standard operational expense,2,1,Normal
9457,2024-10-19,5,Vendor_81,8765.84,Standard operational expense,10,1,Normal
9458,2024-10-25,7,Vendor_54,14700.37,Standard operational expense,10,1,Normal
9459,2022-01-26,8,Vendor_43,13437.01,Standard operational expense,1,1,Normal
9460,2018-09-27,3,Vendor_18,7114.78,Standard operational expense,9,1,Normal
9461,2021-01-06,4,Vendor_49,12875.32,Standard operational expense,1,1,Normal
9462,2023-04-12,5,Vendor_81,12110.99,Standard operational expense,4,1,Normal
9463,2024-11-14,1,Vendor_27,3904.62,Standard operational expense,11,1,Normal
9464,2023-11-02,6,Vendor_86,63680.88,Emergency Year-end Fund Utilization,11,1,Normal
9465,2023-03-08,2,Vendor_77,14432.45,Standard operational expense,3,1,Normal
9466,2020-01-12,5,Vendor_73,8533.54,Standard operational expense,1,1,Normal
9467,2018-11-17,6,Vendor_28,11344.02,Emergency Year-end Fund Utilization,11,1,Normal
9468,2022-12-29,8,Vendor_78,10815.87,Standard operational expense,12,1,Normal
9469,2018-03-30,1,Vendor_54,4145.68,Standard operational expense,3,1,Normal
9470,2019-08-31,8,Vendor_24,7965.07,Standard operational expense,8,1,Normal
9471,2024-12-24,6,Vendor_64,2040.9,Emergency Year-end Fund Utilization,12,1,Normal
9472,2023-12-16,6,Vendor_33,72840.78,Emergency Year-end Fund Utilization,12,-1,Anomaly
9473,2018-07-15,5,Vendor_79,6182.06,Standard operational expense,7,1,Normal
9474,2018-04-02,8,Vendor_12,11831.94,Standard operational expense,4,1,Normal
9475,2020-04-14,7,Vendor_86,13592.25,Standard operational expense,4,1,Normal
9476,2019-06-19,3,Vendor_80,14285.34,Standard operational expense,6,1,Normal
9477,2020-11-18,6,Vendor_95,71389.38,Emergency Year-end Fund Utilization,11,1,Normal
9478,2023-10-06,6,Vendor_9,51219.36,Emergency Year-end Fund Utilization,10,1,Normal
9479,2024-03-04,7,Vendor_52,3447.9,Standard operational expense,3,1,Normal
9480,2023-07-01,2,Vendor_90,8672.99,Standard operational expense,7,1,Normal
9481,2022-01-19,8,Vendor_5,12002.49,Standard operational expense,1,1,Normal
9482,2018-05-10,5,Vendor_19,12172.57,Standard operational expense,5,1,Normal
9483,2018-12-25,3,Vendor_46,1738.03,Standard operational expense,12,1,Normal
9484,2021-03-23,2,Vendor_26,9846.77,Standard operational expense,3,1,Normal
9485,2020-04-18,8,Vendor_97,2890.36,Standard operational expense,4,1,Normal
9486,2023-05-18,2,Vendor_51,14215.5,Standard operational expense,5,1,Normal
9487,2019-11-17,6,Vendor_45,33283.98,Emergency Year-end Fund Utilization,11,1,Normal
9488,2022-11-14,6,Vendor_31,80370.12,Emergency Year-end Fund Utilization,11,-1,Anomaly
9489,2024-08-11,5,Vendor_45,4395.98,Standard operational expense,8,1,Normal
9490,2022-02-25,4,Vendor_52,12002.71,Standard operational expense,2,1,Normal
9491,2019-07-18,4,Vendor_62,6722.18,Standard operational expense,7,1,Normal
9492,2021-12-04,3,Vendor_88,14701.46,Standard operational expense,12,1,Normal
9493,2021-10-26,6,Vendor_53,427.89,Standard operational expense,10,1,Normal
9494,2021-06-24,4,Vendor_2,5359.09,Standard operational expense,6,1,Normal
9495,2022-11-04,6,Vendor_65,80839.08,Emergency Year-end Fund Utilization,11,-1,Anomaly
9496,2018-09-03,3,Vendor_69,4029.33,Standard operational expense,9,1,Normal
9497,2022-11-11,6,Vendor_74,54838.44,Emergency Year-end Fund Utilization,11,1,Normal
9498,2020-11-14,2,Vendor_95,13132.43,Standard operational expense,11,1,Normal
9499,2018-06-09,2,Vendor_10,6206.61,Standard operational expense,6,1,Normal
9500,2023-04-26,7,Vendor_14,14906.58,Standard operational expense,4,1,Normal
9501,2019-01-22,8,Vendor_16,2917.46,Standard operational expense,1,1,Normal
9502,2019-12-02,4,Vendor_2,3669.32,Standard operational expense,12,1,Normal
9503,2023-01-27,8,Vendor_18,11844.87,Standard operational expense,1,1,Normal
9504,2022-01-18,1,Vendor_7,5033.01,Standard operational expense,1,1,Normal
9505,2021-05-16,3,Vendor_6,7210.31,Standard operational expense,5,1,Normal
9506,2018-05-28,7,Vendor_22,1927.48,Standard operational expense,5,1,Normal
9507,2019-08-20,2,Vendor_34,6419.47,Standard operational expense,8,1,Normal
9508,2024-12-21,3,Vendor_30,1569.93,Standard operational expense,12,1,Normal
9509,2020-07-11,7,Vendor_43,10975.31,Standard operational expense,7,1,Normal
9510,2021-11-16,6,Vendor_83,27870.66,Emergency Year-end Fund Utilization,11,1,Normal
9511,2019-05-01,8,Vendor_9,10401.95,Standard operational expense,5,1,Normal
9512,2022-12-07,6,Vendor_36,14834.3,Standard operational expense,12,1,Normal
9513,2021-05-18,4,Vendor_83,7970.55,Standard operational expense,5,1,Normal
9514,2019-10-25,4,Vendor_49,11800.52,Standard operational expense,10,1,Normal
9515,2020-07-08,5,Vendor_91,13784.29,Standard operational expense,7,1,Normal
9516,2018-12-24,7,Vendor_34,1104.48,Standard operational expense,12,1,Normal
9517,2023-03-22,1,Vendor_72,2423.39,Standard operational expense,3,1,Normal
9518,2021-11-04,6,Vendor_59,2562.12,Emergency Year-end Fund Utilization,11,1,Normal
9519,2019-08-24,7,Vendor_59,5651.39,Standard operational expense,8,1,Normal
9520,2022-01-14,5,Vendor_99,7433.67,Standard operational expense,1,1,Normal
9521,2023-08-15,8,Vendor_90,8580.16,Standard operational expense,8,1,Normal
9522,2022-04-28,4,Vendor_11,10930.1,Standard operational expense,4,1,Normal
9523,2024-01-19,1,Vendor_26,4963.51,Standard operational expense,1,1,Normal
9524,2022-07-22,4,Vendor_87,8518.36,Standard operational expense,7,1,Normal
9525,2021-02-03,5,Vendor_50,8410.93,Standard operational expense,2,1,Normal
9526,2022-03-26,1,Vendor_78,10012.69,Standard operational expense,3,1,Normal
9527,2023-09-15,2,Vendor_62,4426.82,Standard operational expense,9,1,Normal
9528,2020-01-24,5,Vendor_48,9033.72,Standard operational expense,1,1,Normal
9529,2021-03-19,7,Vendor_75,12133.59,Standard operational expense,3,1,Normal
9530,2021-02-14,7,Vendor_48,2767.6,Standard operational expense,2,1,Normal
9531,2022-01-11,5,Vendor_41,7212.74,Standard operational expense,1,1,Normal
9532,2019-06-01,4,Vendor_17,2816.71,Standard operational expense,6,1,Normal
9533,2023-11-08,4,Vendor_52,4978.14,Standard operational expense,11,1,Normal
9534,2022-11-20,3,Vendor_97,440.93,Standard operational expense,11,1,Normal
9535,2022-10-24,8,Vendor_66,9839.16,Standard operational expense,10,1,Normal
9536,2024-05-04,3,Vendor_58,2026.13,Standard operational expense,5,1,Normal
9537,2021-11-11,8,Vendor_75,11225.22,Standard operational expense,11,1,Normal
9538,2020-05-02,5,Vendor_85,3284.17,Standard operational expense,5,1,Normal
9539,2021-09-14,1,Vendor_66,10953.48,Standard operational expense,9,1,Normal
9540,2019-03-11,7,Vendor_92,1652.64,Standard operational expense,3,1,Normal
9541,2022-12-19,6,Vendor_18,33637.8,Emergency Year-end Fund Utilization,12,1,Normal
9542,2018-10-30,2,Vendor_28,13060.92,Standard operational expense,10,1,Normal
9543,2018-01-14,4,Vendor_73,2551.08,Standard operational expense,1,1,Normal
9544,2021-04-11,5,Vendor_56,1021.05,Standard operational expense,4,1,Normal
9545,2023-01-18,4,Vendor_31,14243.69,Standard operational expense,1,1,Normal
9546,2018-02-18,5,Vendor_9,4759.84,Standard operational expense,2,1,Normal
9547,2023-12-29,2,Vendor_87,2896.44,Standard operational expense,12,1,Normal
9548,2022-11-13,5,Vendor_67,14880.64,Standard operational expense,11,1,Normal
9549,2018-10-21,2,Vendor_59,5193.93,Standard operational expense,10,1,Normal
9550,2024-09-30,5,Vendor_62,13106.29,Standard operational expense,9,1,Normal
9551,2023-10-08,8,Vendor_25,8919.79,Standard operational expense,10,1,Normal
9552,2024-01-23,1,Vendor_3,11336.8,Standard operational expense,1,1,Normal
9553,2024-10-01,2,Vendor_27,4505.17,Standard operational expense,10,1,Normal
9554,2024-07-21,3,Vendor_84,8704.35,Standard operational expense,7,1,Normal
9555,2019-07-18,1,Vendor_80,7421.45,Standard operational expense,7,1,Normal
9556,2020-10-31,4,Vendor_77,11864.3,Standard operational expense,10,1,Normal
9557,2018-01-15,1,Vendor_11,4058.02,Standard operational expense,1,1,Normal
9558,2022-07-15,8,Vendor_20,14786.68,Standard operational expense,7,1,Normal
9559,2022-10-30,6,Vendor_54,13215.66,Standard operational expense,10,1,Normal
9560,2022-10-09,7,Vendor_58,13348.46,Standard operational expense,10,1,Normal
9561,2024-09-18,7,Vendor_38,7837.73,Standard operational expense,9,1,Normal
9562,2021-11-27,4,Vendor_98,9682.24,Standard operational expense,11,1,Normal
9563,2024-11-25,6,Vendor_79,30034.620000000003,Emergency Year-end Fund Utilization,11,1,Normal
9564,2024-01-02,1,Vendor_2,9107.57,Standard operational expense,1,1,Normal
9565,2023-10-15,6,Vendor_50,755.98,Standard operational expense,10,1,Normal
9566,2019-07-26,8,Vendor_48,8153.5,Standard operational expense,7,1,Normal
9567,2019-11-19,6,Vendor_86,70869.72,Emergency Year-end Fund Utilization,11,1,Normal
9568,2021-12-05,3,Vendor_70,9032.63,Standard operational expense,12,1,Normal
9569,2023-09-05,2,Vendor_67,5586.63,Standard operational expense,9,1,Normal
9570,2021-11-16,6,Vendor_10,51941.52,Emergency Year-end Fund Utilization,11,1,Normal
9571,2021-11-04,5,Vendor_46,13908.86,Standard operational expense,11,1,Normal
9572,2020-12-08,6,Vendor_72,8079.24,Standard operational expense,12,1,Normal
9573,2024-10-30,2,Vendor_43,6307.32,Standard operational expense,10,1,Normal
9574,2020-12-19,5,Vendor_78,13499.44,Standard operational expense,12,1,Normal
9575,2021-05-10,3,Vendor_23,1818.98,Standard operational expense,5,1,Normal
9576,2021-04-03,4,Vendor_58,13356.68,Standard operational expense,4,1,Normal
9577,2022-05-08,4,Vendor_85,7552.05,Standard operational expense,5,1,Normal
9578,2021-10-04,4,Vendor_33,10476.97,Standard operational expense,10,1,Normal
9579,2019-03-15,5,Vendor_28,11869.33,Standard operational expense,3,1,Normal
9580,2020-09-14,2,Vendor_6,9400.52,Standard operational expense,9,1,Normal
9581,2022-07-19,2,Vendor_28,5743.83,Standard operational expense,7,1,Normal
9582,2023-07-18,5,Vendor_7,6753.7,Standard operational expense,7,1,Normal
9583,2018-07-13,8,Vendor_36,7394.21,Standard operational expense,7,1,Normal
9584,2024-04-24,1,Vendor_14,14368.38,Standard operational expense,4,1,Normal
9585,2022-08-18,7,Vendor_43,3511.46,Standard operational expense,8,1,Normal
9586,2021-11-07,6,Vendor_48,66166.5,Emergency Year-end Fund Utilization,11,1,Normal
9587,2024-02-15,2,Vendor_62,8126.36,Standard operational expense,2,1,Normal
9588,2021-02-02,5,Vendor_72,5131.07,Standard operational expense,2,1,Normal
9589,2022-08-24,5,Vendor_58,5055.48,Standard operational expense,8,1,Normal
9590,2024-11-13,5,Vendor_23,1593.04,Standard operational expense,11,1,Normal
9591,2023-09-06,7,Vendor_59,6111.56,Standard operational expense,9,1,Normal
9592,2018-10-23,2,Vendor_23,8866.69,Standard operational expense,10,1,Normal
9593,2020-11-25,6,Vendor_39,10183.96,Standard operational expense,11,1,Normal
9594,2021-05-29,4,Vendor_83,11001.34,Standard operational expense,5,1,Normal
9595,2024-03-25,1,Vendor_28,14611.19,Standard operational expense,3,1,Normal
9596,2022-02-06,3,Vendor_23,14820.77,Standard operational expense,2,1,Normal
9597,2023-04-25,3,Vendor_16,2467.57,Standard operational expense,4,1,Normal
9598,2019-04-20,1,Vendor_5,10067.1,Standard operational expense,4,1,Normal
9599,2022-09-06,8,Vendor_98,2880.43,Standard operational expense,9,1,Normal
9600,2021-04-10,1,Vendor_15,8237.0,Standard operational expense,4,1,Normal
9601,2019-12-09,3,Vendor_89,4647.59,Standard operational expense,12,1,Normal
9602,2024-10-17,6,Vendor_35,24294.48,Emergency Year-end Fund Utilization,10,1,Normal
9603,2019-05-15,8,Vendor_22,9662.62,Standard operational expense,5,1,Normal
9604,2021-03-06,8,Vendor_37,13588.75,Standard operational expense,3,1,Normal
9605,2020-07-29,7,Vendor_14,9181.41,Standard operational expense,7,1,Normal
9606,2023-01-18,8,Vendor_36,6207.73,Standard operational expense,1,1,Normal
9607,2020-09-12,1,Vendor_19,3798.98,Standard operational expense,9,1,Normal
9608,2019-03-01,8,Vendor_7,4302.8,Standard operational expense,3,1,Normal
9609,2022-12-03,6,Vendor_94,69969.78,Emergency Year-end Fund Utilization,12,1,Normal
9610,2018-03-07,7,Vendor_6,7666.89,Standard operational expense,3,1,Normal
9611,2022-12-15,5,Vendor_68,5488.21,Standard operational expense,12,1,Normal
9612,2018-08-23,3,Vendor_75,4191.01,Standard operational expense,8,1,Normal
9613,2023-11-16,1,Vendor_96,14133.19,Standard operational expense,11,1,Normal
9614,2024-10-10,3,Vendor_17,13997.69,Standard operational expense,10,1,Normal
9615,2024-03-25,2,Vendor_15,14868.85,Standard operational expense,3,1,Normal
9616,2021-11-11,5,Vendor_54,10806.02,Standard operational expense,11,1,Normal
9617,2021-08-30,5,Vendor_50,10371.77,Standard operational expense,8,1,Normal
9618,2022-12-19,4,Vendor_71,5089.14,Standard operational expense,12,1,Normal
9619,2022-03-07,8,Vendor_90,169.37,Standard operational expense,3,1,Normal
9620,2023-11-20,6,Vendor_97,1386.98,Standard operational expense,11,1,Normal
9621,2022-05-22,8,Vendor_46,11916.67,Standard operational expense,5,1,Normal
9622,2018-12-05,8,Vendor_26,1584.36,Standard operational expense,12,1,Normal
9623,2021-02-25,5,Vendor_72,14052.68,Standard operational expense,2,1,Normal
9624,2024-03-13,2,Vendor_63,13738.44,Standard operational expense,3,1,Normal
9625,2020-06-06,7,Vendor_7,4237.6,Standard operational expense,6,1,Normal
9626,2020-10-22,1,Vendor_76,4161.64,Standard operational expense,10,1,Normal
9627,2022-10-04,5,Vendor_91,2335.33,Standard operational expense,10,1,Normal
9628,2022-06-06,2,Vendor_23,13226.52,Standard operational expense,6,1,Normal
9629,2018-11-15,6,Vendor_87,30998.76,Emergency Year-end Fund Utilization,11,1,Normal
9630,2024-01-06,8,Vendor_56,11299.08,Standard operational expense,1,1,Normal
9631,2019-06-09,4,Vendor_7,5901.48,Standard operational expense,6,1,Normal
9632,2019-12-02,5,Vendor_62,3928.18,Standard operational expense,12,1,Normal
9633,2019-11-26,2,Vendor_11,5357.36,Standard operational expense,11,1,Normal
9634,2020-12-04,6,Vendor_94,9833.04,Emergency Year-end Fund Utilization,12,1,Normal
9635,2020-08-30,7,Vendor_45,4998.77,Standard operational expense,8,1,Normal
9636,2020-04-21,5,Vendor_42,10085.9,Standard operational expense,4,1,Normal
9637,2018-10-12,8,Vendor_60,14078.2,Standard operational expense,10,1,Normal
9638,2024-09-01,4,Vendor_6,13830.41,Standard operational expense,9,1,Normal
9639,2023-04-04,1,Vendor_23,5717.6,Standard operational expense,4,1,Normal
9640,2019-07-08,7,Vendor_96,8942.16,Standard operational expense,7,1,Normal
9641,2021-05-25,8,Vendor_29,1381.67,Standard operational expense,5,1,Normal
9642,2021-11-16,6,Vendor_45,68358.72,Emergency Year-end Fund Utilization,11,1,Normal
9643,2023-11-26,6,Vendor_66,39512.58,Emergency Year-end Fund Utilization,11,1,Normal
9644,2023-10-09,6,Vendor_71,39903.24,Emergency Year-end Fund Utilization,10,1,Normal
9645,2020-12-14,6,Vendor_92,19712.1,Emergency Year-end Fund Utilization,12,1,Normal
9646,2019-09-08,8,Vendor_65,1110.24,Standard operational expense,9,1,Normal
9647,2023-09-07,1,Vendor_70,6916.07,Standard operational expense,9,1,Normal
9648,2018-03-26,5,Vendor_33,9168.02,Standard operational expense,3,1,Normal
9649,2024-05-02,1,Vendor_73,14482.34,Standard operational expense,5,1,Normal
9650,2019-01-23,2,Vendor_27,6204.19,Standard operational expense,1,1,Normal
9651,2019-11-07,1,Vendor_37,12044.53,Standard operational expense,11,1,Normal
9652,2020-03-19,8,Vendor_4,13792.3,Standard operational expense,3,1,Normal
9653,2024-08-16,1,Vendor_45,1030.37,Standard operational expense,8,1,Normal
9654,2019-04-17,4,Vendor_96,11140.8,Standard operational expense,4,1,Normal
9655,2022-03-06,4,Vendor_21,11840.0,Standard operational expense,3,1,Normal
9656,2023-11-24,8,Vendor_96,7896.17,Standard operational expense,11,1,Normal
9657,2021-07-29,4,Vendor_52,6147.12,Standard operational expense,7,1,Normal
9658,2022-12-23,6,Vendor_58,85248.0,Emergency Year-end Fund Utilization,12,-1,Anomaly
9659,2020-11-27,3,Vendor_71,11987.8,Standard operational expense,11,1,Normal
9660,2023-10-09,6,Vendor_46,51688.38,Emergency Year-end Fund Utilization,10,1,Normal
9661,2023-06-22,2,Vendor_79,2587.89,Standard operational expense,6,1,Normal
9662,2024-06-24,8,Vendor_78,7531.25,Standard operational expense,6,1,Normal
9663,2018-05-07,3,Vendor_50,12939.28,Standard operational expense,5,1,Normal
9664,2022-06-29,1,Vendor_7,3163.3,Standard operational expense,6,1,Normal
9665,2020-12-10,6,Vendor_65,18382.74,Emergency Year-end Fund Utilization,12,1,Normal
9666,2023-05-19,4,Vendor_67,4969.23,Standard operational expense,5,1,Normal
9667,2023-10-03,5,Vendor_63,7405.41,Standard operational expense,10,1,Normal
9668,2019-03-14,4,Vendor_54,871.12,Standard operational expense,3,1,Normal
9669,2021-12-15,4,Vendor_20,1642.87,Standard operational expense,12,1,Normal
9670,2024-10-20,6,Vendor_86,17289.48,Emergency Year-end Fund Utilization,10,1,Normal
9671,2020-10-20,4,Vendor_55,1044.98,Standard operational expense,10,1,Normal
9672,2018-06-29,4,Vendor_41,14224.93,Standard operational expense,6,1,Normal
9673,2019-03-26,5,Vendor_3,12901.15,Standard operational expense,3,1,Normal
9674,2021-06-11,8,Vendor_98,8652.37,Standard operational expense,6,1,Normal
9675,2023-03-30,4,Vendor_84,10707.97,Standard operational expense,3,1,Normal
9676,2019-10-09,6,Vendor_27,60429.78,Emergency Year-end Fund Utilization,10,1,Normal
9677,2022-01-15,5,Vendor_30,13896.8,Standard operational expense,1,1,Normal
9678,2024-03-25,1,Vendor_23,6255.7,Standard operational expense,3,1,Normal
9679,2024-11-24,6,Vendor_15,12278.09,Standard operational expense,11,1,Normal
9680,2023-06-01,5,Vendor_40,7318.62,Standard operational expense,6,1,Normal
9681,2024-02-13,7,Vendor_92,4170.18,Standard operational expense,2,1,Normal
9682,2020-06-10,4,Vendor_43,12505.05,Standard operational expense,6,1,Normal
9683,2024-01-31,7,Vendor_25,9783.19,Standard operational expense,1,1,Normal
9684,2022-05-05,3,Vendor_31,7048.2,Standard operational expense,5,1,Normal
9685,2018-12-24,6,Vendor_2,36662.28,Emergency Year-end Fund Utilization,12,1,Normal
9686,2024-10-02,6,Vendor_17,75561.66,Emergency Year-end Fund Utilization,10,-1,Anomaly
9687,2021-10-23,5,Vendor_88,2229.76,Standard operational expense,10,1,Normal
9688,2021-12-09,4,Vendor_53,9718.86,Standard operational expense,12,1,Normal
9689,2021-04-25,4,Vendor_67,9869.2,Standard operational expense,4,1,Normal
9690,2022-01-31,1,Vendor_47,5240.94,Standard operational expense,1,1,Normal
9691,2024-06-22,1,Vendor_35,3696.28,Standard operational expense,6,1,Normal
9692,2023-07-08,5,Vendor_96,573.93,Standard operational expense,7,1,Normal
9693,2021-06-29,8,Vendor_62,11910.27,Standard operational expense,6,1,Normal
9694,2021-10-23,6,Vendor_58,11017.56,Emergency Year-end Fund Utilization,10,1,Normal
9695,2019-05-15,2,Vendor_71,6317.86,Standard operational expense,5,1,Normal
9696,2022-02-19,3,Vendor_15,7319.18,Standard operational expense,2,1,Normal
9697,2019-12-24,8,Vendor_62,14185.91,Standard operational expense,12,1,Normal
9698,2020-09-22,2,Vendor_54,10568.55,Standard operational expense,9,1,Normal
9699,2020-09-19,8,Vendor_51,10621.55,Standard operational expense,9,1,Normal
9700,2022-11-12,2,Vendor_85,5803.3,Standard operational expense,11,1,Normal
9701,2023-10-18,1,Vendor_85,9849.46,Standard operational expense,10,1,Normal
9702,2023-02-24,4,Vendor_80,5796.88,Standard operational expense,2,1,Normal
9703,2023-12-16,6,Vendor_61,56454.78,Emergency Year-end Fund Utilization,12,1,Normal
9704,2018-09-09,8,Vendor_98,11203.98,Standard operational expense,9,1,Normal
9705,2019-08-23,7,Vendor_1,973.98,Standard operational expense,8,1,Normal
9706,2018-10-30,4,Vendor_39,8299.23,Standard operational expense,10,1,Normal
9707,2020-10-23,8,Vendor_54,1838.79,Standard operational expense,10,1,Normal
9708,2019-06-09,5,Vendor_27,12405.85,Standard operational expense,6,1,Normal
9709,2023-08-20,4,Vendor_15,13253.03,Standard operational expense,8,1,Normal
9710,2021-08-19,1,Vendor_81,11999.45,Standard operational expense,8,1,Normal
9711,2024-02-14,8,Vendor_4,5534.58,Standard operational expense,2,1,Normal
9712,2021-04-15,1,Vendor_54,10974.81,Standard operational expense,4,1,Normal
9713,2020-10-22,5,Vendor_60,3346.61,Standard operational expense,10,1,Normal
9714,2019-01-03,3,Vendor_40,14787.91,Standard operational expense,1,1,Normal
9715,2019-04-25,5,Vendor_24,10015.33,Standard operational expense,4,1,Normal
9716,2020-12-07,6,Vendor_56,52195.31999999999,Emergency Year-end Fund Utilization,12,1,Normal
9717,2019-08-13,7,Vendor_56,9685.17,Standard operational expense,8,1,Normal
9718,2018-11-13,1,Vendor_20,5203.56,Standard operational expense,11,1,Normal
9719,2023-05-16,7,Vendor_73,10164.8,Standard operational expense,5,1,Normal
9720,2020-03-09,7,Vendor_76,8560.41,Standard operational expense,3,1,Normal
9721,2023-09-26,3,Vendor_24,8159.95,Standard operational expense,9,1,Normal
9722,2021-08-06,7,Vendor_24,2093.1,Standard operational expense,8,1,Normal
9723,2020-12-23,7,Vendor_98,12454.68,Standard operational expense,12,1,Normal
9724,2021-06-16,3,Vendor_93,10372.08,Standard operational expense,6,1,Normal
9725,2021-10-30,6,Vendor_39,13629.29,Standard operational expense,10,1,Normal
9726,2022-11-08,6,Vendor_43,11679.68,Standard operational expense,11,1,Normal
9727,2020-02-27,4,Vendor_85,5521.06,Standard operational expense,2,1,Normal
9728,2018-07-20,7,Vendor_25,5393.69,Standard operational expense,7,1,Normal
9729,2019-07-02,2,Vendor_9,2834.28,Standard operational expense,7,1,Normal
9730,2021-09-20,5,Vendor_16,14598.42,Standard operational expense,9,1,Normal
9731,2024-02-20,2,Vendor_97,6515.4,Standard operational expense,2,1,Normal
9732,2019-03-06,8,Vendor_49,7159.43,Standard operational expense,3,1,Normal
9733,2023-04-13,5,Vendor_59,6692.05,Standard operational expense,4,1,Normal
9734,2018-04-21,4,Vendor_91,13083.32,Standard operational expense,4,1,Normal
9735,2020-09-22,3,Vendor_80,10748.75,Standard operational expense,9,1,Normal
9736,2023-03-26,2,Vendor_34,10060.95,Standard operational expense,3,1,Normal
9737,2018-09-08,7,Vendor_61,9685.11,Standard operational expense,9,1,Normal
9738,2021-08-12,7,Vendor_79,2965.16,Standard operational expense,8,1,Normal
9739,2019-11-12,6,Vendor_49,67541.58,Emergency Year-end Fund Utilization,11,1,Normal
9740,2024-02-25,7,Vendor_42,8746.81,Standard operational expense,2,1,Normal
9741,2020-11-13,3,Vendor_49,14961.65,Standard operational expense,11,1,Normal
9742,2023-02-12,7,Vendor_93,4767.99,Standard operational expense,2,1,Normal
9743,2022-01-07,1,Vendor_11,3327.53,Standard operational expense,1,1,Normal
9744,2020-03-02,4,Vendor_51,13133.44,Standard operational expense,3,1,Normal
9745,2022-11-10,3,Vendor_3,8520.32,Standard operational expense,11,1,Normal
9746,2018-05-11,7,Vendor_31,1570.26,Standard operational expense,5,1,Normal
9747,2024-08-06,1,Vendor_47,9352.72,Standard operational expense,8,1,Normal
9748,2021-07-20,3,Vendor_45,10893.79,Standard operational expense,7,1,Normal
9749,2019-09-01,4,Vendor_21,5620.55,Standard operational expense,9,1,Normal
9750,2021-05-06,8,Vendor_58,9332.78,Standard operational expense,5,1,Normal
9751,2021-04-21,4,Vendor_75,3434.08,Standard operational expense,4,1,Normal
9752,2021-08-16,1,Vendor_25,8950.33,Standard operational expense,8,1,Normal
9753,2019-11-20,5,Vendor_91,4855.59,Standard operational expense,11,1,Normal
9754,2024-06-24,5,Vendor_12,3402.65,Standard operational expense,6,1,Normal
9755,2019-03-17,1,Vendor_4,774.9,Standard operational expense,3,1,Normal
9756,2020-08-07,3,Vendor_6,5826.07,Standard operational expense,8,1,Normal
9757,2022-10-19,3,Vendor_59,13587.85,Standard operational expense,10,1,Normal
9758,2022-12-26,3,Vendor_32,6399.79,Standard operational expense,12,1,Normal
9759,2020-07-06,7,Vendor_53,14542.49,Standard operational expense,7,1,Normal
9760,2018-08-02,7,Vendor_13,6004.44,Standard operational expense,8,1,Normal
9761,2024-12-29,7,Vendor_84,11220.78,Standard operational expense,12,1,Normal
9762,2018-10-16,2,Vendor_29,6792.15,Standard operational expense,10,1,Normal
9763,2020-11-21,3,Vendor_21,13713.24,Standard operational expense,11,1,Normal
9764,2024-05-12,7,Vendor_71,9979.76,Standard operational expense,5,1,Normal
9765,2021-02-27,3,Vendor_29,1823.1,Standard operational expense,2,1,Normal
9766,2021-04-11,4,Vendor_59,8486.17,Standard operational expense,4,1,Normal
9767,2024-08-04,3,Vendor_8,9816.92,Standard operational expense,8,1,Normal
9768,2023-09-25,2,Vendor_58,123.2,Standard operational expense,9,1,Normal
9769,2018-09-06,5,Vendor_54,9623.2,Standard operational expense,9,1,Normal
9770,2021-04-07,8,Vendor_27,1117.8,Standard operational expense,4,1,Normal
9771,2019-04-06,5,Vendor_14,1278.93,Standard operational expense,4,1,Normal
9772,2024-06-22,3,Vendor_25,5095.19,Standard operational expense,6,1,Normal
9773,2019-07-31,8,Vendor_73,13376.61,Standard operational expense,7,1,Normal
9774,2018-05-09,2,Vendor_44,1261.46,Standard operational expense,5,1,Normal
9775,2020-12-25,6,Vendor_68,5717.46,Emergency Year-end Fund Utilization,12,1,Normal
9776,2021-11-04,5,Vendor_65,3856.57,Standard operational expense,11,1,Normal
9777,2018-08-29,7,Vendor_50,5995.96,Standard operational expense,8,1,Normal
9778,2023-11-03,6,Vendor_39,32243.64,Emergency Year-end Fund Utilization,11,1,Normal
9779,2023-11-23,2,Vendor_29,10752.73,Standard operational expense,11,1,Normal
9780,2022-12-22,6,Vendor_24,80624.88,Emergency Year-end Fund Utilization,12,-1,Anomaly
9781,2021-11-06,7,Vendor_4,13314.29,Standard operational expense,11,1,Normal
9782,2020-08-30,5,Vendor_10,4484.42,Standard operational expense,8,1,Normal
9783,2020-03-19,5,Vendor_76,5027.08,Standard operational expense,3,1,Normal
9784,2023-01-14,7,Vendor_71,1131.36,Standard operational expense,1,1,Normal
9785,2019-11-14,4,Vendor_51,3034.82,Standard operational expense,11,1,Normal
9786,2022-10-06,6,Vendor_41,48920.52,Emergency Year-end Fund Utilization,10,1,Normal
9787,2022-10-08,6,Vendor_30,20114.04,Emergency Year-end Fund Utilization,10,1,Normal
9788,2023-04-11,4,Vendor_37,9730.31,Standard operational expense,4,1,Normal
9789,2023-10-16,6,Vendor_53,878.0999999999999,Emergency Year-end Fund Utilization,10,1,Normal
9790,2022-11-26,1,Vendor_49,13032.06,Standard operational expense,11,1,Normal
9791,2020-12-08,7,Vendor_47,2807.37,Standard operational expense,12,1,Normal
9792,2019-09-11,1,Vendor_12,7236.61,Standard operational expense,9,1,Normal
9793,2022-08-14,1,Vendor_24,5034.24,Standard operational expense,8,1,Normal
9794,2018-08-03,2,Vendor_98,4184.58,Standard operational expense,8,1,Normal
9795,2018-10-08,2,Vendor_78,6776.23,Standard operational expense,10,1,Normal
9796,2023-12-02,6,Vendor_9,72016.68000000001,Emergency Year-end Fund Utilization,12,-1,Anomaly
9797,2023-08-16,5,Vendor_99,6432.68,Standard operational expense,8,1,Normal
9798,2023-06-19,5,Vendor_43,14008.21,Standard operational expense,6,1,Normal
9799,2018-06-23,7,Vendor_63,6352.03,Standard operational expense,6,1,Normal
9800,2021-11-08,6,Vendor_65,45880.74,Emergency Year-end Fund Utilization,11,1,Normal
9801,2019-06-16,8,Vendor_54,13968.15,Standard operational expense,6,1,Normal
9802,2019-09-06,1,Vendor_47,9825.01,Standard operational expense,9,1,Normal
9803,2018-09-07,1,Vendor_75,2757.09,Standard operational expense,9,1,Normal
9804,2019-11-04,8,Vendor_45,8432.94,Standard operational expense,11,1,Normal
9805,2018-10-24,8,Vendor_82,582.95,Standard operational expense,10,1,Normal
9806,2021-12-28,3,Vendor_66,11371.56,Standard operational expense,12,1,Normal
9807,2024-04-27,1,Vendor_96,13362.45,Standard operational expense,4,1,Normal
9808,2021-09-21,1,Vendor_83,471.07,Standard operational expense,9,1,Normal
9809,2021-09-14,8,Vendor_7,10532.42,Standard operational expense,9,1,Normal
9810,2020-07-14,5,Vendor_4,9248.28,Standard operational expense,7,1,Normal
9811,2020-12-07,6,Vendor_60,88165.68000000001,Emergency Year-end Fund Utilization,12,-1,Anomaly
9812,2020-10-28,3,Vendor_19,11483.62,Standard operational expense,10,1,Normal
9813,2024-07-25,7,Vendor_22,527.42,Standard operational expense,7,1,Normal
9814,2021-08-05,2,Vendor_37,8935.1,Standard operational expense,8,1,Normal
9815,2023-12-28,2,Vendor_25,8725.85,Standard operational expense,12,1,Normal
9816,2024-10-21,5,Vendor_26,3221.99,Standard operational expense,10,1,Normal
9817,2020-05-10,4,Vendor_92,12252.43,Standard operational expense,5,1,Normal
9818,2020-04-20,7,Vendor_42,387.55,Standard operational expense,4,1,Normal
9819,2021-10-01,5,Vendor_53,14432.95,Standard operational expense,10,1,Normal
9820,2024-10-19,6,Vendor_91,63337.26,Emergency Year-end Fund Utilization,10,1,Normal
9821,2019-04-17,5,Vendor_3,2018.8,Standard operational expense,4,1,Normal
9822,2020-10-27,8,Vendor_99,1312.15,Standard operational expense,10,1,Normal
9823,2021-11-03,6,Vendor_17,1840.26,Emergency Year-end Fund Utilization,11,1,Normal
9824,2024-07-17,1,Vendor_67,9943.05,Standard operational expense,7,1,Normal
9825,2019-04-09,3,Vendor_51,8462.32,Standard operational expense,4,1,Normal
9826,2021-09-12,2,Vendor_31,1193.94,Standard operational expense,9,1,Normal
9827,2024-05-29,1,Vendor_56,8712.03,Standard operational expense,5,1,Normal
9828,2020-05-23,1,Vendor_4,13232.82,Standard operational expense,5,1,Normal
9829,2022-07-15,4,Vendor_19,3736.2,Standard operational expense,7,1,Normal
9830,2022-12-23,4,Vendor_25,7479.32,Standard operational expense,12,1,Normal
9831,2020-10-14,8,Vendor_28,6829.36,Standard operational expense,10,1,Normal
9832,2022-05-16,4,Vendor_51,10927.97,Standard operational expense,5,1,Normal
9833,2021-07-11,4,Vendor_58,9838.02,Standard operational expense,7,1,Normal
9834,2023-09-02,5,Vendor_92,8238.57,Standard operational expense,9,1,Normal
9835,2023-05-27,3,Vendor_29,8026.58,Standard operational expense,5,1,Normal
9836,2021-12-11,6,Vendor_82,38737.26,Emergency Year-end Fund Utilization,12,1,Normal
9837,2018-01-02,4,Vendor_77,937.38,Standard operational expense,1,1,Normal
9838,2023-05-28,5,Vendor_76,5606.22,Standard operational expense,5,1,Normal
9839,2021-12-23,6,Vendor_31,16878.06,Emergency Year-end Fund Utilization,12,1,Normal
9840,2022-01-30,5,Vendor_35,3776.03,Standard operational expense,1,1,Normal
9841,2020-12-16,8,Vendor_28,6904.32,Standard operational expense,12,1,Normal
9842,2024-03-01,1,Vendor_16,3050.69,Standard operational expense,3,1,Normal
9843,2023-04-16,7,Vendor_77,5308.42,Standard operational expense,4,1,Normal
9844,2023-09-10,4,Vendor_59,9710.46,Standard operational expense,9,1,Normal
9845,2019-05-10,2,Vendor_3,7503.64,Standard operational expense,5,1,Normal
9846,2020-01-04,1,Vendor_75,8260.91,Standard operational expense,1,1,Normal
9847,2022-10-20,7,Vendor_1,11059.74,Standard operational expense,10,1,Normal
9848,2022-01-22,5,Vendor_99,7849.39,Standard operational expense,1,1,Normal
9849,2022-11-15,5,Vendor_28,5076.59,Standard operational expense,11,1,Normal
9850,2019-12-24,5,Vendor_44,14292.71,Standard operational expense,12,1,Normal
9851,2022-10-01,6,Vendor_23,12289.39,Standard operational expense,10,1,Normal
9852,2023-04-30,1,Vendor_17,13986.12,Standard operational expense,4,1,Normal
9853,2018-05-17,3,Vendor_70,3823.86,Standard operational expense,5,1,Normal
9854,2022-01-11,4,Vendor_67,2870.03,Standard operational expense,1,1,Normal
9855,2021-09-29,8,Vendor_85,12306.55,Standard operational expense,9,1,Normal
9856,2019-07-14,5,Vendor_76,8254.79,Standard operational expense,7,1,Normal
9857,2022-11-09,7,Vendor_14,9145.19,Standard operational expense,11,1,Normal
9858,2022-12-17,4,Vendor_39,6039.43,Standard operational expense,12,1,Normal
9859,2018-05-27,3,Vendor_61,9396.77,Standard operational expense,5,1,Normal
9860,2023-10-19,8,Vendor_60,5424.9,Standard operational expense,10,1,Normal
9861,2022-08-01,7,Vendor_57,3954.86,Standard operational expense,8,1,Normal
9862,2020-08-19,7,Vendor_21,10695.62,Standard operational expense,8,1,Normal
9863,2019-04-23,8,Vendor_66,14183.96,Standard operational expense,4,1,Normal
9864,2019-04-15,5,Vendor_69,4185.77,Standard operational expense,4,1,Normal
9865,2024-10-23,6,Vendor_62,15147.06,Emergency Year-end Fund Utilization,10,1,Normal
9866,2023-06-30,1,Vendor_55,14322.18,Standard operational expense,6,1,Normal
9867,2021-11-27,6,Vendor_91,59701.02,Emergency Year-end Fund Utilization,11,1,Normal
9868,2020-03-27,8,Vendor_88,13704.66,Standard operational expense,3,1,Normal
9869,2020-07-08,3,Vendor_20,9940.99,Standard operational expense,7,1,Normal
9870,2018-12-26,3,Vendor_33,10787.83,Standard operational expense,12,1,Normal
9871,2022-09-16,1,Vendor_82,13911.12,Standard operational expense,9,1,Normal
9872,2024-04-16,8,Vendor_94,8878.27,Standard operational expense,4,1,Normal
9873,2020-06-28,2,Vendor_84,384.62,Standard operational expense,6,1,Normal
9874,2018-09-30,8,Vendor_25,5423.17,Standard operational expense,9,1,Normal
9875,2019-06-22,7,Vendor_60,6943.87,Standard operational expense,6,1,Normal
9876,2019-08-11,4,Vendor_25,8881.48,Standard operational expense,8,1,Normal
9877,2022-08-18,4,Vendor_50,14211.41,Standard operational expense,8,1,Normal
9878,2018-09-14,3,Vendor_87,10049.95,Standard operational expense,9,1,Normal
9879,2020-12-24,4,Vendor_40,12047.6,Standard operational expense,12,1,Normal
9880,2022-09-21,8,Vendor_79,1228.83,Standard operational expense,9,1,Normal
9881,2021-11-02,6,Vendor_91,5946.06,Emergency Year-end Fund Utilization,11,1,Normal
9882,2021-10-10,4,Vendor_82,6972.39,Standard operational expense,10,1,Normal
9883,2021-12-18,4,Vendor_61,1885.91,Standard operational expense,12,1,Normal
9884,2024-12-08,6,Vendor_77,9655.07,Standard operational expense,12,1,Normal
9885,2022-06-21,8,Vendor_30,12448.5,Standard operational expense,6,1,Normal
9886,2019-12-28,5,Vendor_92,12041.31,Standard operational expense,12,1,Normal
9887,2023-05-30,3,Vendor_13,2013.61,Standard operational expense,5,1,Normal
9888,2018-05-05,8,Vendor_11,4481.05,Standard operational expense,5,1,Normal
9889,2021-11-20,6,Vendor_24,7984.36,Standard operational expense,11,1,Normal
9890,2019-08-24,1,Vendor_94,5348.97,Standard operational expense,8,1,Normal
9891,2018-05-19,2,Vendor_2,3231.36,Standard operational expense,5,1,Normal
9892,2019-02-05,5,Vendor_16,989.28,Standard operational expense,2,1,Normal
9893,2021-02-10,2,Vendor_90,6367.51,Standard operational expense,2,1,Normal
9894,2018-02-27,1,Vendor_24,6310.77,Standard operational expense,2,1,Normal
9895,2022-01-23,5,Vendor_99,3818.11,Standard operational expense,1,1,Normal
9896,2022-11-17,6,Vendor_78,27096.120000000003,Emergency Year-end Fund Utilization,11,1,Normal
9897,2018-06-01,2,Vendor_73,3212.92,Standard operational expense,6,1,Normal
9898,2018-01-27,7,Vendor_3,10029.65,Standard operational expense,1,1,Normal
9899,2020-03-16,1,Vendor_17,11260.68,Standard operational expense,3,1,Normal
9900,2021-10-18,6,Vendor_43,25689.78,Emergency Year-end Fund Utilization,10,1,Normal
9901,2018-03-25,7,Vendor_74,8852.71,Standard operational expense,3,1,Normal
9902,2024-09-22,1,Vendor_78,7811.37,Standard operational expense,9,1,Normal
9903,2020-03-12,7,Vendor_4,7562.32,Standard operational expense,3,1,Normal
9904,2023-10-25,6,Vendor_84,74305.74,Emergency Year-end Fund Utilization,10,-1,Anomaly
9905,2020-10-28,2,Vendor_92,13355.26,Standard operational expense,10,1,Normal
9906,2018-12-08,1,Vendor_46,11186.02,Standard operational expense,12,1,Normal
9907,2023-07-13,1,Vendor_26,13623.51,Standard operational expense,7,1,Normal
9908,2023-01-07,3,Vendor_73,14476.62,Standard operational expense,1,1,Normal
9909,2019-12-17,6,Vendor_45,86988.6,Emergency Year-end Fund Utilization,12,-1,Anomaly
9910,2024-12-15,8,Vendor_25,13044.12,Standard operational expense,12,1,Normal
9911,2021-11-18,6,Vendor_13,84485.76,Emergency Year-end Fund Utilization,11,-1,Anomaly
9912,2024-06-01,5,Vendor_61,12030.17,Standard operational expense,6,1,Normal
9913,2018-06-10,1,Vendor_55,12660.13,Standard operational expense,6,1,Normal
9914,2019-06-28,3,Vendor_93,5941.08,Standard operational expense,6,1,Normal
9915,2024-08-12,7,Vendor_52,1958.67,Standard operational expense,8,1,Normal
9916,2019-03-14,5,Vendor_54,10684.12,Standard operational expense,3,1,Normal
9917,2020-09-08,1,Vendor_99,4077.58,Standard operational expense,9,1,Normal
9918,2023-03-04,3,Vendor_55,290.83,Standard operational expense,3,1,Normal
9919,2024-11-12,6,Vendor_15,73643.94,Emergency Year-end Fund Utilization,11,1,Normal
9920,2024-01-10,4,Vendor_52,5928.93,Standard operational expense,1,1,Normal
9921,2020-05-04,5,Vendor_84,9364.08,Standard operational expense,5,1,Normal
9922,2019-01-02,3,Vendor_96,10649.24,Standard operational expense,1,1,Normal
9923,2019-10-03,6,Vendor_27,6276.79,Standard operational expense,10,1,Normal
9924,2019-08-12,4,Vendor_74,1924.17,Standard operational expense,8,1,Normal
9925,2020-12-11,5,Vendor_50,5481.33,Standard operational expense,12,1,Normal
9926,2023-03-30,8,Vendor_17,4967.6,Standard operational expense,3,1,Normal
9927,2021-11-04,8,Vendor_95,9566.89,Standard operational expense,11,1,Normal
9928,2022-08-12,1,Vendor_56,14353.78,Standard operational expense,8,1,Normal
9929,2020-11-08,6,Vendor_44,45379.98,Emergency Year-end Fund Utilization,11,1,Normal
9930,2020-10-08,6,Vendor_90,3125.2200000000003,Emergency Year-end Fund Utilization,10,1,Normal
9931,2020-12-15,7,Vendor_39,5377.04,Standard operational expense,12,1,Normal
9932,2022-11-08,6,Vendor_18,59090.34,Emergency Year-end Fund Utilization,11,1,Normal
9933,2018-11-07,3,Vendor_57,9350.83,Standard operational expense,11,1,Normal
9934,2021-04-24,3,Vendor_96,3811.48,Standard operational expense,4,1,Normal
9935,2021-09-21,3,Vendor_2,11208.16,Standard operational expense,9,1,Normal
9936,2019-12-16,3,Vendor_75,4364.01,Standard operational expense,12,1,Normal
9937,2021-06-04,4,Vendor_61,5247.21,Standard operational expense,6,1,Normal
9938,2024-06-21,7,Vendor_94,12822.03,Standard operational expense,6,1,Normal
9939,2021-12-22,4,Vendor_77,13611.45,Standard operational expense,12,1,Normal
9940,2018-03-31,5,Vendor_92,12659.58,Standard operational expense,3,1,Normal
9941,2023-12-08,6,Vendor_43,73188.9,Emergency Year-end Fund Utilization,12,-1,Anomaly
9942,2024-09-07,2,Vendor_16,10356.65,Standard operational expense,9,1,Normal
9943,2020-08-13,2,Vendor_58,7568.58,Standard operational expense,8,1,Normal
9944,2019-03-01,2,Vendor_10,14160.53,Standard operational expense,3,1,Normal
9945,2024-12-18,7,Vendor_63,12514.92,Standard operational expense,12,1,Normal
9946,2023-04-11,3,Vendor_41,4319.62,Standard operational expense,4,1,Normal
9947,2023-08-10,3,Vendor_3,12646.73,Standard operational expense,8,1,Normal
9948,2022-06-25,8,Vendor_55,396.32,Standard operational expense,6,1,Normal
9949,2018-01-18,5,Vendor_75,13200.5,Standard operational expense,1,1,Normal
9950,2022-05-16,2,Vendor_51,1830.3,Standard operational expense,5,1,Normal
9951,2023-07-29,2,Vendor_9,9706.38,Standard operational expense,7,1,Normal
9952,2022-06-02,7,Vendor_13,10006.06,Standard operational expense,6,1,Normal
9953,2024-02-10,4,Vendor_64,185.87,Standard operational expense,2,1,Normal
9954,2021-09-11,7,Vendor_25,8640.37,Standard operational expense,9,1,Normal
9955,2020-05-31,7,Vendor_63,8119.31,Standard operational expense,5,1,Normal
9956,2023-04-12,1,Vendor_57,10202.95,Standard operational expense,4,1,Normal
9957,2021-11-13,6,Vendor_67,31184.88,Emergency Year-end Fund Utilization,11,1,Normal
9958,2023-01-19,5,Vendor_86,6220.88,Standard operational expense,1,1,Normal
9959,2019-03-02,3,Vendor_23,13661.21,Standard operational expense,3,1,Normal
9960,2022-06-23,5,Vendor_75,5484.84,Standard operational expense,6,1,Normal
9961,2021-02-03,8,Vendor_63,4354.07,Standard operational expense,2,1,Normal
9962,2021-03-13,1,Vendor_82,4366.31,Standard operational expense,3,1,Normal
9963,2024-07-11,3,Vendor_91,5303.56,Standard operational expense,7,1,Normal
9964,2023-12-08,6,Vendor_80,64182.54,Emergency Year-end Fund Utilization,12,1,Normal
9965,2023-09-23,8,Vendor_20,9537.4,Standard operational expense,9,1,Normal
9966,2020-02-26,5,Vendor_18,9926.51,Standard operational expense,2,1,Normal
9967,2019-06-06,7,Vendor_96,8496.69,Standard operational expense,6,1,Normal
9968,2020-12-14,4,Vendor_63,852.7,Standard operational expense,12,1,Normal
9969,2019-06-08,2,Vendor_84,420.84,Standard operational expense,6,1,Normal
9970,2022-05-04,8,Vendor_59,2607.92,Standard operational expense,5,1,Normal
9971,2023-06-10,3,Vendor_85,7997.87,Standard operational expense,6,1,Normal
9972,2020-01-28,2,Vendor_63,3671.54,Standard operational expense,1,1,Normal
9973,2019-12-07,7,Vendor_46,5808.98,Standard operational expense,12,1,Normal
9974,2019-02-03,8,Vendor_72,2687.63,Standard operational expense,2,1,Normal
9975,2021-07-19,5,Vendor_88,5004.75,Standard operational expense,7,1,Normal
9976,2020-11-07,7,Vendor_42,706.29,Standard operational expense,11,1,Normal
9977,2022-11-07,4,Vendor_1,4240.78,Standard operational expense,11,1,Normal
9978,2019-06-03,8,Vendor_16,6791.69,Standard operational expense,6,1,Normal
9979,2020-10-19,6,Vendor_66,79674.36,Emergency Year-end Fund Utilization,10,-1,Anomaly
9980,2022-12-06,1,Vendor_58,1778.53,Standard operational expense,12,1,Normal
9981,2020-08-27,8,Vendor_97,7825.73,Standard operational expense,8,1,Normal
9982,2019-09-02,4,Vendor_4,1914.41,Standard operational expense,9,1,Normal
9983,2022-08-25,4,Vendor_58,2315.52,Standard operational expense,8,1,Normal
9984,2019-05-31,2,Vendor_45,130.65,Standard operational expense,5,1,Normal
9985,2021-12-13,3,Vendor_75,8599.51,Standard operational expense,12,1,Normal
9986,2023-03-24,3,Vendor_72,10901.6,Standard operational expense,3,1,Normal
9987,2018-12-26,7,Vendor_87,3297.66,Standard operational expense,12,1,Normal
9988,2023-05-22,5,Vendor_49,890.47,Standard operational expense,5,1,Normal
9989,2019-01-01,5,Vendor_91,14236.36,Standard operational expense,1,1,Normal
9990,2019-02-21,3,Vendor_15,2567.74,Standard operational expense,2,1,Normal
9991,2018-07-16,5,Vendor_84,8735.95,Standard operational expense,7,1,Normal
9992,2021-04-30,7,Vendor_47,5028.89,Standard operational expense,4,1,Normal
9993,2021-11-06,6,Vendor_10,30929.7,Emergency Year-end Fund Utilization,11,1,Normal
9994,2023-11-28,2,Vendor_97,5554.77,Standard operational expense,11,1,Normal
9995,2022-05-06,4,Vendor_51,11214.97,Standard operational expense,5,1,Normal
9996,2023-10-11,1,Vendor_36,2077.81,Standard operational expense,10,1,Normal
9997,2022-11-03,1,Vendor_60,4314.53,Standard operational expense,11,1,Normal
9998,2022-03-23,1,Vendor_92,315.88,Standard operational expense,3,1,Normal
9999,2020-03-07,7,Vendor_69,11856.86,Standard operational expense,3,1,Normal
10000,2020-10-04,6,Vendor_17,59526.42,Emergency Year-end Fund Utilization,10,1,Normal
10001,2018-05-28,3,Target_Vendor_A,22000.0,Project Alpha Phase 2,5,1,Normal
10002,2019-10-28,8,Target_Vendor_A,22000.0,Project Alpha Phase 2,10,1,Normal
10003,2024-12-24,3,Target_Vendor_A,22000.0,Project Alpha Phase 2,12,1,Normal
10004,2023-10-07,6,Target_Vendor_A,132000.0,Emergency Year-end Fund Utilization,10,-1,Anomaly
10005,2019-06-13,3,Target_Vendor_A,22000.0,Project Alpha Phase 2,6,1,Normal
10006,2023-01-15,4,Monopoly_Corp_B,39000.0,Strategic Maintenance Contract,1,-1,Anomaly
10007,2023-05-15,4,Monopoly_Corp_B,39000.0,Strategic Maintenance Contract,5,1,Normal
10008,2023-09-15,4,Monopoly_Corp_B,39000.0,Strategic Maintenance Contract,9,1,Normal
10009,2023-01-15,4,Monopoly_Corp_B,39000.0,Strategic Maintenance Contract,1,-1,Anomaly
10010,2023-05-15,4,Monopoly_Corp_B,39000.0,Strategic Maintenance Contract,5,1,Normal
10011,2023-09-15,4,Monopoly_Corp_B,39000.0,Strategic Maintenance Contract,9,1,Normal
10012,2023-01-15,4,Monopoly_Corp_B,39000.0,Strategic Maintenance Contract,1,-1,Anomaly
10013,2023-05-15,4,Monopoly_Corp_B,39000.0,Strategic Maintenance Contract,5,1,Normal
10014,2023-09-15,4,Monopoly_Corp_B,39000.0,Strategic Maintenance Contract,9,1,Normal
